-- phpMyAdmin SQL Dump
-- version 4.9.7
-- https://www.phpmyadmin.net/
--
-- Хост: 10.0.0.125:3306
-- Время создания: Сен 11 2021 г., 06:27
-- Версия сервера: 10.1.48-MariaDB
-- Версия PHP: 7.4.11

SET SQL_MODE = "NO_AUTO_VALUE_ON_ZERO";
SET AUTOCOMMIT = 0;
START TRANSACTION;
SET time_zone = "+00:00";


/*!40101 SET @OLD_CHARACTER_SET_CLIENT=@@CHARACTER_SET_CLIENT */;
/*!40101 SET @OLD_CHARACTER_SET_RESULTS=@@CHARACTER_SET_RESULTS */;
/*!40101 SET @OLD_COLLATION_CONNECTION=@@COLLATION_CONNECTION */;
/*!40101 SET NAMES utf8mb4 */;

--
-- База данных: `004_healthcity`
--

-- --------------------------------------------------------

--
-- Структура таблицы `analyzes`
--

CREATE TABLE `analyzes` (
  `id` bigint(20) UNSIGNED NOT NULL,
  `research_id` int(11) NOT NULL,
  `title` varchar(191) COLLATE utf8mb4_unicode_ci NOT NULL,
  `price` int(11) NOT NULL DEFAULT '0',
  `content` longtext COLLATE utf8mb4_unicode_ci,
  `featured` tinyint(1) NOT NULL DEFAULT '0',
  `status` tinyint(1) NOT NULL DEFAULT '1',
  `sort_id` int(11) NOT NULL DEFAULT '1',
  `created_at` timestamp NULL DEFAULT NULL,
  `updated_at` timestamp NULL DEFAULT NULL
) ENGINE=InnoDB DEFAULT CHARSET=utf8mb4 COLLATE=utf8mb4_unicode_ci;

--
-- Дамп данных таблицы `analyzes`
--

INSERT INTO `analyzes` (`id`, `research_id`, `title`, `price`, `content`, `featured`, `status`, `sort_id`, `created_at`, `updated_at`) VALUES
(1, 1, 'Анализ на COVID-19', 20000, '<p><strong>Подготовка к анализу</strong></p>\n<p>Сдавать кровь рекомендуется утром натощак, после 8-12 часов голодания. Можно сдать анализ спустя 4 часа после легкого приема пищи. Накануне исследования исключить жирную пищу из рациона. За полчаса &ndash; не курить.</p>\n<p>При проведении исследования в весенне-летний период возможно получение нормального результата. Однако с уменьшением длины светового дня уровень витамина D снижается. Поэтому для получения более достоверного показателя рекомендуется сдавать этот анализ осенью или зимой.&nbsp;</p>\n<p>При приеме витамина D в дозировке более 7000 МЕ/сут определение 25(OH)D целесообразно проводить не ранее, чем через три дня с момента последнего приема препарата, если иное не предписано лечащим врачом.&nbsp;</p>\n<p>Если пациенту проводилась флуоресцентная ангиография (исследование сосудов глазного дна), то анализ крови на витамин D рекомендовано сдавать не ранее, чем через 72 часа после процедуры.</p>', 1, 1, 1, '2021-05-28 08:59:00', '2021-06-29 01:10:39'),
(2, 1, 'Общий клинический анализ крови', 15000, '<p><strong>Подготовка к анализу</strong></p>\n<p>Сдавать кровь рекомендуется утром натощак, после 8-12 часов голодания. Можно сдать анализ спустя 4 часа после легкого приема пищи. Накануне исследования исключить жирную пищу из рациона. За полчаса &ndash; не курить.</p>\n<p>При проведении исследования в весенне-летний период возможно получение нормального результата. Однако с уменьшением длины светового дня уровень витамина D снижается. Поэтому для получения более достоверного показателя рекомендуется сдавать этот анализ осенью или зимой.&nbsp;</p>\n<p>При приеме витамина D в дозировке более 7000 МЕ/сут определение 25(OH)D целесообразно проводить не ранее, чем через три дня с момента последнего приема препарата, если иное не предписано лечащим врачом.&nbsp;</p>\n<p>Если пациенту проводилась флуоресцентная ангиография (исследование сосудов глазного дна), то анализ крови на витамин D рекомендовано сдавать не ранее, чем через 72 часа после процедуры.</p>', 1, 1, 2, '2021-05-28 09:00:01', '2021-05-28 09:00:01'),
(3, 2, 'АСТ и АЛТ в крови', 8000, '<p><strong>Подготовка к анализу</strong></p>\n<p>Сдавать кровь рекомендуется утром натощак, после 8-12 часов голодания. Можно сдать анализ спустя 4 часа после легкого приема пищи. Накануне исследования исключить жирную пищу из рациона. За полчаса &ndash; не курить.</p>\n<p>При проведении исследования в весенне-летний период возможно получение нормального результата. Однако с уменьшением длины светового дня уровень витамина D снижается. Поэтому для получения более достоверного показателя рекомендуется сдавать этот анализ осенью или зимой.&nbsp;</p>\n<p>При приеме витамина D в дозировке более 7000 МЕ/сут определение 25(OH)D целесообразно проводить не ранее, чем через три дня с момента последнего приема препарата, если иное не предписано лечащим врачом.&nbsp;</p>\n<p>Если пациенту проводилась флуоресцентная ангиография (исследование сосудов глазного дна), то анализ крови на витамин D рекомендовано сдавать не ранее, чем через 72 часа после процедуры.</p>', 1, 1, 3, '2021-05-28 09:00:33', '2021-05-28 09:00:33'),
(4, 2, 'Глюкоза', 15000, '<p><strong>Подготовка к анализу</strong></p>\n<p>Сдавать кровь рекомендуется утром натощак, после 8-12 часов голодания. Можно сдать анализ спустя 4 часа после легкого приема пищи. Накануне исследования исключить жирную пищу из рациона. За полчаса &ndash; не курить.</p>\n<p>При проведении исследования в весенне-летний период возможно получение нормального результата. Однако с уменьшением длины светового дня уровень витамина D снижается. Поэтому для получения более достоверного показателя рекомендуется сдавать этот анализ осенью или зимой.&nbsp;</p>\n<p>При приеме витамина D в дозировке более 7000 МЕ/сут определение 25(OH)D целесообразно проводить не ранее, чем через три дня с момента последнего приема препарата, если иное не предписано лечащим врачом.&nbsp;</p>\n<p>Если пациенту проводилась флуоресцентная ангиография (исследование сосудов глазного дна), то анализ крови на витамин D рекомендовано сдавать не ранее, чем через 72 часа после процедуры.</p>', 1, 1, 4, '2021-05-28 09:01:00', '2021-05-28 09:01:00'),
(5, 2, 'Глюкоза', 3700, '<p><strong>Подготовка к анализу</strong></p>\n<p>Сдавать кровь рекомендуется утром натощак, после 8-12 часов голодания. Можно сдать анализ спустя 4 часа после легкого приема пищи. Накануне исследования исключить жирную пищу из рациона. За полчаса &ndash; не курить.</p>\n<p>При проведении исследования в весенне-летний период возможно получение нормального результата. Однако с уменьшением длины светового дня уровень витамина D снижается. Поэтому для получения более достоверного показателя рекомендуется сдавать этот анализ осенью или зимой.&nbsp;</p>\n<p>При приеме витамина D в дозировке более 7000 МЕ/сут определение 25(OH)D целесообразно проводить не ранее, чем через три дня с момента последнего приема препарата, если иное не предписано лечащим врачом.&nbsp;</p>\n<p>Если пациенту проводилась флуоресцентная ангиография (исследование сосудов глазного дна), то анализ крови на витамин D рекомендовано сдавать не ранее, чем через 72 часа после процедуры.</p>', 1, 1, 5, '2021-05-28 09:01:33', '2021-05-28 09:01:33'),
(6, 1, 'Тиреотропный гормон ТТГ и тироксин — Т4 свободный', 15000, '<p><strong>Подготовка к анализу</strong></p>\n<p>Сдавать кровь рекомендуется утром натощак, после 8-12 часов голодания. Можно сдать анализ спустя 4 часа после легкого приема пищи. Накануне исследования исключить жирную пищу из рациона. За полчаса &ndash; не курить.</p>\n<p>При проведении исследования в весенне-летний период возможно получение нормального результата. Однако с уменьшением длины светового дня уровень витамина D снижается. Поэтому для получения более достоверного показателя рекомендуется сдавать этот анализ осенью или зимой.&nbsp;</p>\n<p>При приеме витамина D в дозировке более 7000 МЕ/сут определение 25(OH)D целесообразно проводить не ранее, чем через три дня с момента последнего приема препарата, если иное не предписано лечащим врачом.&nbsp;</p>\n<p>Если пациенту проводилась флуоресцентная ангиография (исследование сосудов глазного дна), то анализ крови на витамин D рекомендовано сдавать не ранее, чем через 72 часа после процедуры.</p>', 1, 1, 6, '2021-05-28 09:01:58', '2021-05-28 09:01:58'),
(7, 1, 'Витамин D: 25-ОН D2 и 25-ОН D3', 20000, '<p><strong>Подготовка к анализу</strong></p>\n<p>Сдавать кровь рекомендуется утром натощак, после 8-12 часов голодания. Можно сдать анализ спустя 4 часа после легкого приема пищи. Накануне исследования исключить жирную пищу из рациона. За полчаса &ndash; не курить.</p>\n<p>При проведении исследования в весенне-летний период возможно получение нормального результата. Однако с уменьшением длины светового дня уровень витамина D снижается. Поэтому для получения более достоверного показателя рекомендуется сдавать этот анализ осенью или зимой.&nbsp;</p>\n<p>При приеме витамина D в дозировке более 7000 МЕ/сут определение 25(OH)D целесообразно проводить не ранее, чем через три дня с момента последнего приема препарата, если иное не предписано лечащим врачом.&nbsp;</p>\n<p>Если пациенту проводилась флуоресцентная ангиография (исследование сосудов глазного дна), то анализ крови на витамин D рекомендовано сдавать не ранее, чем через 72 часа после процедуры.</p>', 1, 1, 7, '2021-05-28 09:02:00', '2021-06-18 07:14:55'),
(8, 30, 'Анализ на COVID-20', 20000, 'Сдавать кровь рекомендуется утром натощак, после 8-12 часов голодания. Можно сдать анализ спустя 4 часа после легкого приема пищи. Накануне исследования исключить жирную пищу из рациона. За полчаса – не курить.\n\nПри проведении исследования в весенне-летний период возможно получение нормального результата. Однако с уменьшением длины светового дня уровень витамина D снижается. Поэтому для получения более достоверного показателя рекомендуется сдавать этот анализ осенью или зимой. \n\nПри приеме витамина D в дозировке более 7000 МЕ/сут определение 25(OH)D целесообразно проводить не ранее, чем через три дня с момента последнего приема препарата, если иное не предписано лечащим врачом. \n\nЕсли пациенту проводилась флуоресцентная ангиография (исследование сосудов глазного дна), то анализ крови на витамин D рекомендовано сдавать не ранее, чем через 72 часа после процедуры.', 1, 1, 8, '2021-08-27 09:32:58', '2021-08-27 09:32:58'),
(9, 30, 'Анализ на COVID-20', 20000, 'Сдавать кровь рекомендуется утром натощак, после 8-12 часов голодания. Можно сдать анализ спустя 4 часа после легкого приема пищи. Накануне исследования исключить жирную пищу из рациона. За полчаса – не курить.\n\nПри проведении исследования в весенне-летний период возможно получение нормального результата. Однако с уменьшением длины светового дня уровень витамина D снижается. Поэтому для получения более достоверного показателя рекомендуется сдавать этот анализ осенью или зимой. \n\nПри приеме витамина D в дозировке более 7000 МЕ/сут определение 25(OH)D целесообразно проводить не ранее, чем через три дня с момента последнего приема препарата, если иное не предписано лечащим врачом. \n\nЕсли пациенту проводилась флуоресцентная ангиография (исследование сосудов глазного дна), то анализ крови на витамин D рекомендовано сдавать не ранее, чем через 72 часа после процедуры.', 1, 1, 9, '2021-08-27 09:37:36', '2021-08-27 09:37:36');

-- --------------------------------------------------------

--
-- Структура таблицы `applications`
--

CREATE TABLE `applications` (
  `id` bigint(20) UNSIGNED NOT NULL,
  `uuid` bigint(20) NOT NULL,
  `amount` int(11) NOT NULL,
  `file` varchar(191) COLLATE utf8mb4_unicode_ci NOT NULL,
  `created_at` timestamp NULL DEFAULT NULL,
  `updated_at` timestamp NULL DEFAULT NULL
) ENGINE=InnoDB DEFAULT CHARSET=utf8mb4 COLLATE=utf8mb4_unicode_ci;

--
-- Дамп данных таблицы `applications`
--

INSERT INTO `applications` (`id`, `uuid`, `amount`, `file`, `created_at`, `updated_at`) VALUES
(1, 1627499148, 20000, 'applications/1627499148.pdf', '2021-07-28 22:05:49', '2021-07-28 22:05:49'),
(2, 1627499515, 35000, 'applications/1627499515.pdf', '2021-07-28 22:11:56', '2021-07-28 22:11:56'),
(3, 1627548778, 35000, 'applications/1627548778.pdf', '2021-07-29 11:52:59', '2021-07-29 11:52:59'),
(4, 1628526404, 20000, 'applications/1628526404.pdf', '2021-08-09 19:26:45', '2021-08-09 19:26:45'),
(5, 1628527480, 35000, 'applications/1628527480.pdf', '2021-08-09 19:44:40', '2021-08-09 19:44:40'),
(6, 1628527488, 35000, 'applications/1628527488.pdf', '2021-08-09 19:44:48', '2021-08-09 19:44:48'),
(7, 1629095268, 20000, 'applications/1629095268.pdf', '2021-08-16 09:27:48', '2021-08-16 09:27:48'),
(8, 1629273629, 8000, 'applications/1629273629.pdf', '2021-08-18 11:00:30', '2021-08-18 11:00:30'),
(9, 1629864388, 20000, 'applications/1629864388.pdf', '2021-08-25 07:06:29', '2021-08-25 07:06:29'),
(10, 1629868419, 35000, 'applications/1629868419.pdf', '2021-08-25 08:13:39', '2021-08-25 08:13:39'),
(11, 1629868684, 35000, 'applications/1629868684.pdf', '2021-08-25 08:18:05', '2021-08-25 08:18:05'),
(12, 1629873285, 20000, 'applications/1629873285.pdf', '2021-08-25 09:34:46', '2021-08-25 09:34:46'),
(13, 1630041830, 20000, 'applications/1630041830.pdf', '2021-08-27 08:23:51', '2021-08-27 08:23:51'),
(14, 1630051575, 20000, 'applications/1630051575.pdf', '2021-08-27 11:06:16', '2021-08-27 11:06:16'),
(15, 1631257683, 0, 'applications/1631257683.pdf', '2021-09-10 10:08:04', '2021-09-10 10:08:04');

-- --------------------------------------------------------

--
-- Структура таблицы `articles`
--

CREATE TABLE `articles` (
  `id` bigint(20) UNSIGNED NOT NULL,
  `title` varchar(191) COLLATE utf8mb4_unicode_ci NOT NULL,
  `excerpt` text COLLATE utf8mb4_unicode_ci NOT NULL,
  `slug` varchar(191) COLLATE utf8mb4_unicode_ci NOT NULL,
  `image` varchar(191) COLLATE utf8mb4_unicode_ci DEFAULT NULL,
  `body` longtext COLLATE utf8mb4_unicode_ci,
  `seo_title` varchar(191) COLLATE utf8mb4_unicode_ci DEFAULT NULL,
  `meta_description` text COLLATE utf8mb4_unicode_ci,
  `meta_keywords` text COLLATE utf8mb4_unicode_ci,
  `sort_id` int(11) NOT NULL DEFAULT '1',
  `status` tinyint(1) NOT NULL DEFAULT '1',
  `created_at` timestamp NULL DEFAULT NULL,
  `updated_at` timestamp NULL DEFAULT NULL
) ENGINE=InnoDB DEFAULT CHARSET=utf8mb4 COLLATE=utf8mb4_unicode_ci;

--
-- Дамп данных таблицы `articles`
--

INSERT INTO `articles` (`id`, `title`, `excerpt`, `slug`, `image`, `body`, `seo_title`, `meta_description`, `meta_keywords`, `sort_id`, `status`, `created_at`, `updated_at`) VALUES
(1, 'Альтернативное мнение о телемедицине', 'Телемедицина позволяет открыть новые горизонты для международного сотрудничества. После подписания меморандума, мы стали единственной клиникой в Казахстане, с которой сотрудничает медицинский центр № 1 в Корее Samsung Medical Center.', 'alternativnoe-mnenie-o-telemedicine', 'articles\\June2021\\K2YAdTrRJ7X3eKOY9vug.png', '<p>Телемедицина позволяет открыть новые горизонты для международного сотрудничества. После подписания меморандума, мы стали единственной клиникой в Казахстане, с которой сотрудничает медицинский центр № 1 в Корее Samsung Medical Center.</p>\n<p>Диагностическая клиника Health City в рамках меморандума с Samsung Medical Center провела сеанс телемедицины. Пациент проконсультировался с Клиническим доцентом, ревматологом международной службы здравоохранения, доктором Kim Hyung Jin, что позволило получить ответы на беспокоящие его вопросы. Сеанс телемедицины &mdash; это еще одно альтернативное мнение или возможно подтверждение выставленного ранее диагноза, это высококвалифицированные рекомендации и консультация по возможным принципиально новым направлениям в лечении.</p>\n<p>По вопросам, касающимся организации телемедицинской консультации можно связаться по электронной почте: cc@healthcity.kz, или по телефонам: +7(727) 331 3 331</p>', 'Альтернативное мнение о телемедицине', 'Альтернативное мнение о телемедицине', 'Альтернативное мнение о телемедицине', 1, 1, '2021-06-16 03:47:43', '2021-06-16 03:47:43'),
(2, 'КТ-ангиография в HealthCitу', 'Телемедицина позволяет открыть новые горизонты для международного сотрудничества. После подписания меморандума, мы стали единственной клиникой в Казахстане, с которой сотрудничает медицинский центр № 1 в Корее Samsung Medical Center.', 'kt-angiografiya-v-healthcitu', 'articles\\June2021\\gt6pVv4ND1KF3SFsh7Uw.png', '<p>Телемедицина позволяет открыть новые горизонты для международного сотрудничества. После подписания меморандума, мы стали единственной клиникой в Казахстане, с которой сотрудничает медицинский центр № 1 в Корее Samsung Medical Center.</p>\n<p>Диагностическая клиника Health City в рамках меморандума с Samsung Medical Center провела сеанс телемедицины. Пациент проконсультировался с Клиническим доцентом, ревматологом международной службы здравоохранения, доктором Kim Hyung Jin, что позволило получить ответы на беспокоящие его вопросы. Сеанс телемедицины &mdash; это еще одно альтернативное мнение или возможно подтверждение выставленного ранее диагноза, это высококвалифицированные рекомендации и консультация по возможным принципиально новым направлениям в лечении.</p>\n<p>По вопросам, касающимся организации телемедицинской консультации можно связаться по электронной почте: cc@healthcity.kz, или по телефонам: +7(727) 331 3 331</p>', 'КТ-ангиография в HealthCitу', 'КТ-ангиография в HealthCitу', 'КТ-ангиография в HealthCitу', 4, 1, '2021-06-16 03:48:00', '2021-08-25 06:57:29'),
(3, 'КТ-ангиография в HealthCitу 2', 'Телемедицина позволяет открыть новые горизонты для международного сотрудничества. После подписания меморандума, мы стали единственной клиникой в Казахстане, с которой сотрудничает медицинский центр № 1 в Корее Samsung Medical Center.', 'kt-angiografiya-v-healthcitu-2', 'articles\\June2021\\inLSPrzOi52jO8OVNs0q.png', '<p>Телемедицина позволяет открыть новые горизонты для международного сотрудничества. После подписания меморандума, мы стали единственной клиникой в Казахстане, с которой сотрудничает медицинский центр № 1 в Корее Samsung Medical Center.</p>\n<p>Диагностическая клиника Health City в рамках меморандума с Samsung Medical Center провела сеанс телемедицины. Пациент проконсультировался с Клиническим доцентом, ревматологом международной службы здравоохранения, доктором Kim Hyung Jin, что позволило получить ответы на беспокоящие его вопросы. Сеанс телемедицины &mdash; это еще одно альтернативное мнение или возможно подтверждение выставленного ранее диагноза, это высококвалифицированные рекомендации и консультация по возможным принципиально новым направлениям в лечении.</p>\n<p>По вопросам, касающимся организации телемедицинской консультации можно связаться по электронной почте: cc@healthcity.kz, или по телефонам: +7(727) 331 3 331</p>', 'КТ-ангиография в HealthCitу 2', 'КТ-ангиография в HealthCitу 2', 'КТ-ангиография в HealthCitу 2', 3, 1, '2021-06-16 03:49:00', '2021-08-25 06:56:52'),
(4, 'Альтернативное мнение о телемедицине 2', 'Телемедицина позволяет открыть новые горизонты для международного сотрудничества. После подписания меморандума, мы стали единственной клиникой в Казахстане, с которой сотрудничает медицинский центр № 1 в Корее Samsung Medical Center.', 'alternativnoe-mnenie-o-telemedicine-2', 'articles\\June2021\\lzsqsd2aiiK0Sfow3R1U.png', '<p>Телемедицина позволяет открыть новые горизонты для международного сотрудничества. После подписания меморандума, мы стали единственной клиникой в Казахстане, с которой сотрудничает медицинский центр № 1 в Корее Samsung Medical Center.</p>\n<p>Диагностическая клиника Health City в рамках меморандума с Samsung Medical Center провела сеанс телемедицины. Пациент проконсультировался с Клиническим доцентом, ревматологом международной службы здравоохранения, доктором Kim Hyung Jin, что позволило получить ответы на беспокоящие его вопросы. Сеанс телемедицины &mdash; это еще одно альтернативное мнение или возможно подтверждение выставленного ранее диагноза, это высококвалифицированные рекомендации и консультация по возможным принципиально новым направлениям в лечении.</p>\n<p>По вопросам, касающимся организации телемедицинской консультации можно связаться по электронной почте: cc@healthcity.kz, или по телефонам: +7(727) 331 3 331</p>', 'Альтернативное мнение о телемедицине 2', 'Альтернативное мнение о телемедицине 2', 'Альтернативное мнение о телемедицине 2', 2, 1, '2021-06-16 03:50:00', '2021-08-25 06:57:20');

-- --------------------------------------------------------

--
-- Структура таблицы `certificates`
--

CREATE TABLE `certificates` (
  `id` bigint(20) UNSIGNED NOT NULL,
  `images` longtext COLLATE utf8mb4_unicode_ci NOT NULL,
  `created_at` timestamp NULL DEFAULT NULL,
  `updated_at` timestamp NULL DEFAULT NULL
) ENGINE=InnoDB DEFAULT CHARSET=utf8mb4 COLLATE=utf8mb4_unicode_ci;

--
-- Дамп данных таблицы `certificates`
--

INSERT INTO `certificates` (`id`, `images`, `created_at`, `updated_at`) VALUES
(1, '[\"certificates\\\\June2021\\\\CCyGREwTBMXOHylPAA91.png\",\"certificates\\\\June2021\\\\81KG1iJundvfFNGju6Hx.png\",\"certificates\\\\June2021\\\\BzP0sBiJysn5SV0dYW1R.png\",\"certificates\\\\June2021\\\\F3pA9DIXyivf4GyauHlR.png\",\"certificates\\\\June2021\\\\XTdFjqd0VNXL0fLy9XO2.png\",\"certificates\\\\June2021\\\\P5xcvK1kcrXJPCBRBCo2.png\",\"certificates\\\\June2021\\\\0ZZOrYrIdpsHUAVtRkOM.png\"]', '2021-06-06 05:28:00', '2021-06-06 05:29:50');

-- --------------------------------------------------------

--
-- Структура таблицы `checkups`
--

CREATE TABLE `checkups` (
  `id` bigint(20) UNSIGNED NOT NULL,
  `type_id` int(11) NOT NULL,
  `title` varchar(191) COLLATE utf8mb4_unicode_ci NOT NULL,
  `image` varchar(191) COLLATE utf8mb4_unicode_ci DEFAULT NULL,
  `content_1` longtext COLLATE utf8mb4_unicode_ci,
  `content_2` longtext COLLATE utf8mb4_unicode_ci,
  `status` tinyint(1) NOT NULL DEFAULT '1',
  `sort_id` int(11) NOT NULL DEFAULT '1',
  `created_at` timestamp NULL DEFAULT NULL,
  `updated_at` timestamp NULL DEFAULT NULL
) ENGINE=InnoDB DEFAULT CHARSET=utf8mb4 COLLATE=utf8mb4_unicode_ci;

--
-- Дамп данных таблицы `checkups`
--

INSERT INTO `checkups` (`id`, `type_id`, `title`, `image`, `content_1`, `content_2`, `status`, `sort_id`, `created_at`, `updated_at`) VALUES
(1, 1, 'Пакет PLATINUM', 'checkups\\June2021\\tOUK597dyWF6DLuEsnMz.png', '<p>Консультация врача:</p>\n<ul>\n<li>* Опрос</li>\n<li>* Сбор анамнеза (жизни, заболевания)</li>\n</ul>\n<p>Антропометрия:</p>\n<ul>\n<li>* Рост, Вес, ИМТ</li>\n<li>* Композиция массы тела (жировая и мышечная масса)</li>\n</ul>\n<p>Жизненные показатели:</p>\n<ul>\n<li>* Пульс</li>\n<li>* Сатурация кислорода</li>\n<li>* Температура тела</li>\n<li>* Артериальное давление</li>\n<li>* Частота дыхательных движений</li>\n</ul>\n<p>Оценка здоровья персональным врачом по стандарту Stanford25:</p>\n<ul>\n<li>* Оценка мышечно-суставной системы</li>\n<li>* УЗДГ сосудов шеи</li>\n<li>* Оценка неврологического статуса (черепно-мозговые нервы, чувствительность)</li>\n</ul>\n<p>Консультация офталмолога ( входит):</p>\n<ul>\n<li>* Измерение остроты зрения</li>\n<li>* Тонометрия ( измерение внутри глазного давления)</li>\n<li>* Осмотр глазного дна ( офтальмоскопия)</li>\n</ul>\n<p>Оценка слуха:</p>\n<ul>\n<li>* Отоскопия</li>\n<li>* Аудиометрия</li>\n<li>* Консультация врача отоларинголога (лор)</li>\n</ul>\n<p>Оценка легких:</p>\n<ul>\n<li>* Спирометрия</li>\n<li>* КТ органов грудной клетки</li>\n</ul>\n<p>Full body screening:</p>\n<ul>\n<li>* МРТ всего тела + онкоскрининг</li>\n<li>* Детализация двух анатомических областей</li>\n</ul>\n<p>Общеклинические анализы:</p>\n<ul>\n<li>* Общий анализ крови (25 показателей)</li>\n<li>* Группа крови и резус-принадлежность</li>\n<li>* Общий анализ мочи</li>\n</ul>\n<p>Свертываемость крови:</p>\n<ul>\n<li>* Пв-по-МНО</li>\n<li>* Фибриноген</li>\n<li>* АЧТВ</li>\n<li>* ТВ</li>\n<li>* Протромбиновое время</li>\n<li>* Протромбиновый индекс</li>\n</ul>\n<p>Маркеры сахарного диабета:</p>\n<ul>\n<li>* Глюкоза</li>\n<li>* Гликозилированный гемоглобин</li>\n</ul>\n<p>Функция печени и поджелудочной железы:</p>\n<ul>\n<li>* УЗИ органов брюшной полости</li>\n<li>* АЛТ</li>\n<li>* АСТ</li>\n<li>* ГГТ</li>\n<li>* ЛДГ</li>\n<li>* Билирубин общий</li>\n<li>* Билирубин прямой</li>\n<li>* Щелочная фосфатаза</li>\n<li>* Общий белок</li>\n<li>* Альбумин</li>\n<li>* Альфа амилаза</li>\n</ul>\n<p>Функции почек:</p>\n<ul>\n<li>* УЗИ почек и надпочечников</li>\n<li>* Креатинин</li>\n<li>* Мочевина</li>\n<li>* Натрий/калий/кальций ионизированные</li>\n</ul>\n<p>Маркеры воспаления:</p>\n<ul>\n<li>* С-реактивный белок</li>\n</ul>\n<p>Маркеры заболеваний костно-суставной системы:</p>\n<ul>\n<li>* Ревматоидный фактор</li>\n<li>* Анти-ЦЦП</li>\n<li>* Мочевая кислота</li>\n</ul>\n<p>Маркеры анемии:</p>\n<ul>\n<li>* Железо</li>\n<li>* ЛЖСС</li>\n<li>* Трансферрин</li>\n<li>* Ферритин</li>\n<li>* Витамин D25-OH</li>\n</ul>\n<p>&nbsp;</p>', '<p>Функция сердца и маркеры сердечно-сосудистых заболеваний:</p>\n<ul>\n<li>* ЭКГ в покое</li>\n<li>* Эхокардиография</li>\n<li>* Триглицериды</li>\n<li>* Холестерин общий</li>\n<li>* Холестерин-ЛПВП</li>\n<li>* Холестерин-ЛПНП</li>\n</ul>\n<p>Ультразвуковая допплерография:</p>\n<ul>\n<li>* УЗДГ нижних конечностей</li>\n<li>* УЗДГ верхних конечностей</li>\n<li>* УЗДГ сосудов шеи</li>\n</ul>\n<p>Тесты на остеопороз:</p>\n<ul>\n<li>* Денситометрия</li>\n<li>* Кальций общий</li>\n</ul>\n<p>Электролиты:</p>\n<ul>\n<li>* Магний</li>\n<li>* Фосфор</li>\n</ul>\n<p>Маркеры инфекций:</p>\n<ul>\n<li>* Helicobacter pylori IgG (антитела IgG на Хеликобактер пилори)</li>\n</ul>\n<p>Оценка щитовидной железы:</p>\n<ul>\n<li>* УЗИ щитовидной железы</li>\n<li>* ТТГ</li>\n<li>* Т3 общий</li>\n<li>* Т3 свободный</li>\n<li>* Т4 общий</li>\n<li>* Т4 свободный</li>\n<li>* Анти-ТГ</li>\n<li>* Анти-ТПО</li>\n</ul>\n<p>Женское здоровье:</p>\n<ul>\n<li>* Консультация гинеколога</li>\n<li>* Кольпоскопия</li>\n<li>* УЗИ органов малого таза</li>\n<li>* УЗИ молочной железы</li>\n<li>* Маммография</li>\n<li>* Мазок на степень чистоты</li>\n<li>* ПАП-тест (онкоцитология)</li>\n<li>* ПЦР ВПЧ 16-18 тип</li>\n<li>* СА-125 (рак яичников)</li>\n<li>* CA 15-3 (рак молочной железы)</li>\n<li>* ФСГ</li>\n<li>* ЛГ</li>\n<li>* Пролактин</li>\n<li>* Эстрадиол</li>\n<li>* Прогестерон</li>\n<li>* Тестостерон</li>\n<li>* ДГЭА-сульфат</li>\n</ul>\n<p>Мужское здоровье:</p>\n<ul>\n<li>* Консультация уролога</li>\n<li>* Ректальное обследование предстательной железы</li>\n<li>* УЗИ предстательной железы и мочевого пузыря (трансректально)</li>\n<li>* УЗИ мошонки</li>\n<li>* УЗИ органов малого таза</li>\n<li>* ПСА общий (онкомаркер рака простаты)</li>\n<li>* ПСА свободный (онкомаркер рака простаты)</li>\n<li>* Пролактин</li>\n<li>* Тестостерон</li>\n<li>* Маркеры инфекций</li>\n<li>* Микоплазмоз IgG</li>\n<li>* Уреаплазмоз IgG</li>\n<li>* Трихомониаз IgG</li>\n<li>* Хламидиоз IgG</li>\n</ul>\n<p>Онкомаркеры:</p>\n<ul>\n<li>* АФП (печень)</li>\n<li>* РЭА (прямая кишка)</li>\n<li>* СА 19-9 (поджелудочная железа)</li>\n<li>* СА 72-4 (желудок)</li>\n<li>* CYFRA (легкие)</li>\n<li>* NSE (головной мозг)</li>\n<li>* S100 (меланома, головной мозг)</li>\n<li>* Тиреоглобулин (щитовидная железа)</li>\n</ul>\n<p>Маркеры вирусных гепатитов A, B и C:</p>\n<ul>\n<li>* Anti-HAV Ig M</li>\n<li>* HBsAg</li>\n<li>* AntiHCV</li>\n</ul>\n<p>Заключительная консультация со специалистом в студии де-брифинга:</p>\n<ul>\n<li>* Медицинское заключение о состоянии здоровья</li>\n<li>* Интерпретация всех проведенных исследований</li>\n<li>* Рекомендации</li>\n</ul>', 1, 1, '2021-06-04 08:29:00', '2021-06-29 01:58:45'),
(2, 1, 'Пакет GOLD', 'checkups\\June2021\\k69DeWq2Yscc9ega5w95.png', '<p>Консультация врача:</p>\n<ul>\n<li>* Опрос</li>\n<li>* Сбор анамнеза (жизни, заболевания)</li>\n</ul>\n<p>Антропометрия:</p>\n<ul>\n<li>* Рост, Вес, ИМТ</li>\n<li>* Композиция массы тела (жировая и мышечная масса)</li>\n</ul>\n<p>Жизненные показатели:</p>\n<ul>\n<li>* Пульс</li>\n<li>* Сатурация кислорода</li>\n<li>* Температура тела</li>\n<li>* Артериальное давление</li>\n<li>* Частота дыхательных движений</li>\n</ul>\n<p>Оценка здоровья персональным врачом по стандарту Stanford25:</p>\n<ul>\n<li>* Обследование сердца, легких, органов брюшной полости, щитовидной железы</li>\n<li>* Оценка мышечно-суставной системы</li>\n<li>* Оценка неврологического статуса (черепно-мозговые нервы, чувствительность, рефлексы, пробы)</li>\n</ul>\n<p>Консультация офталмолога (входит):</p>\n<ul>\n<li>* Измерение остроты зрения</li>\n<li>* Тонометрия ( измерение внутри глазного давления)</li>\n<li>* Осмотр глазного дна ( офтальмоскопия)</li>\n</ul>\n<p>Оценка слуха:</p>\n<ul>\n<li>* Отоскопия</li>\n<li>* Аудиометрия</li>\n<li>* Консультация врача отоларинголога (лор)</li>\n</ul>\n<p>Оценка легких:</p>\n<ul>\n<li>* Спирометрия</li>\n<li>* КТ органов грудной клетки</li>\n</ul>\n<p>Full body screening:</p>\n<ul>\n<li>* МРТ всего тела</li>\n<li>* Детализация двух анатомических областей</li>\n</ul>\n<p>Общеклинические анализы:</p>\n<ul>\n<li>* Общий анализ крови (25 показателей)</li>\n<li>* Группа крови и резус-принадлежность</li>\n<li>* Общий анализ мочи</li>\n</ul>\n<p>Свертываемость крови:</p>\n<ul>\n<li>* Пв-по-МНО</li>\n<li>* Фибриноген</li>\n<li>* АЧТВ</li>\n<li>* ТВ</li>\n<li>* Протромбиновое время</li>\n<li>* Протромбиновый индекс</li>\n</ul>\n<p>Маркеры сахарного диабета:</p>\n<ul>\n<li>* Глюкоза</li>\n<li>* Гликозилированный гемоглобин</li>\n</ul>\n<p>Функция печени и поджелудочной железы:</p>\n<ul>\n<li>* УЗИ органов брюшной полости</li>\n<li>* АЛТ</li>\n<li>* АСТ</li>\n<li>* ГГТ</li>\n<li>* ЛДГ</li>\n<li>* Билирубин общий</li>\n<li>* Билирубин прямой</li>\n<li>* Щелочная фосфатаза</li>\n<li>* Общий белок</li>\n<li>* Альбумин</li>\n<li>* Альфа амилаза</li>\n</ul>\n<p>Функции почек:</p>\n<ul>\n<li>* УЗИ почек и надпочечников</li>\n<li>* Креатинин</li>\n<li>* Мочевина</li>\n<li>* Натрий/калий/кальций ионизированные</li>\n</ul>\n<p>Маркеры воспаления:</p>\n<ul>\n<li>* С-реактивный белок</li>\n</ul>\n<p>Маркеры заболеваний костно-суставной системы:</p>\n<ul>\n<li>* Ревматоидный фактор</li>\n<li>* Анти-ЦЦП</li>\n<li>* Мочевая кислота</li>\n</ul>\n<p>Маркеры анемии:</p>\n<ul>\n<li>* Железо</li>\n<li>* Витамин D25-OH</li>\n</ul>\n<p>&nbsp;</p>', '<p>Функция сердца и маркеры сердечно-сосудистых заболеваний:</p>\n<ul>\n<li>* ЭКГ в покое</li>\n<li>* Эхокардиография</li>\n<li>* Триглицериды</li>\n<li>* Холестерин общий</li>\n<li>* Холестерин-ЛПВП</li>\n<li>* Холестерин-ЛПНП</li>\n</ul>\n<p>Ультразвуковая допплерография:</p>\n<ul>\n<li>* УЗДГ нижних конечностей</li>\n<li>* УЗДГ сосудов шеи</li>\n</ul>\n<p>Тесты на остеопороз:</p>\n<ul>\n<li>* Денситометрия</li>\n<li>* Кальций общий</li>\n</ul>\n<p>Электролиты:</p>\n<ul>\n<li>* Магний</li>\n<li>* Фосфор</li>\n</ul>\n<p>Маркеры инфекций:</p>\n<ul>\n<li>* Helicobacter pylori IgG (антитела IgG на Хеликобактер пилори)</li>\n</ul>\n<p>Оценка щитовидной железы:</p>\n<ul>\n<li>* УЗИ щитовидной железы</li>\n<li>* ТТГ</li>\n<li>* Т3 общий</li>\n<li>* Т3 свободный</li>\n<li>* Т4 общий</li>\n<li>* Т4 свободный</li>\n<li>* Анти-ТГ</li>\n<li>* Анти-ТПО</li>\n</ul>\n<p>Женское здоровье:</p>\n<ul>\n<li>* Консультация гинеколога</li>\n<li>* Кольпоскопия</li>\n<li>* УЗИ органов малого таза</li>\n<li>* УЗИ молочной железы</li>\n<li>* Маммография</li>\n<li>* Мазок на степень чистоты</li>\n<li>* ПАП-тест (онкоцитология)</li>\n<li>* ПЦР ВПЧ 16-18 тип</li>\n<li>* СА-125 (рак яичников)</li>\n<li>* CA 15-3 (рак молочной железы)</li>\n<li>* ФСГ</li>\n<li>* ЛГ</li>\n<li>* Пролактин</li>\n<li>* Эстрадиол</li>\n<li>* Прогестерон</li>\n<li>* Тестостерон</li>\n<li>* ДГЭА-сульфат</li>\n</ul>\n<p>Мужское здоровье:</p>\n<ul>\n<li>* Консультация уролога</li>\n<li>* Ректальное обследование предстательной железы</li>\n<li>* УЗИ мошонки</li>\n<li>* УЗИ органов малого таза</li>\n<li>* ПСА общий (онкомаркер рака простаты)</li>\n<li>* Пролактин</li>\n<li>* Тестостерон</li>\n<li>* Маркеры инфекций</li>\n<li>* Микоплазмоз IgG</li>\n<li>* Уреаплазмоз IgG</li>\n<li>* Трихомониаз IgG</li>\n</ul>\n<p>Онкомаркеры:</p>\n<ul>\n<li>* АФП (печень)</li>\n<li>* РЭА (прямая кишка)</li>\n<li>* СА 19-9 (поджелудочная железа)</li>\n<li>* СА 72-4 (желудок)</li>\n<li>* CYFRA (легкие)</li>\n<li>* NSE (головной мозг)</li>\n</ul>\n<p>Маркеры вирусных гепатитов A, B и C:</p>\n<ul>\n<li>* Anti-HAV Ig M</li>\n<li>* HBsAg</li>\n<li>* AntiHCV</li>\n</ul>\n<p>Заключительная консультация со специалистом в студии де-брифинга:</p>\n<ul>\n<li>* Медицинское заключение о состоянии здоровья</li>\n<li>* Интерпретация всех проведенных исследований</li>\n<li>* Рекомендации</li>\n</ul>', 1, 2, '2021-06-04 08:29:00', '2021-06-29 02:17:46'),
(3, 1, 'Пакет SILVER', 'checkups\\June2021\\vsmkrfQTJ6EraBblIWnF.png', '<p>Консультация врача:</p>\n<ul>\n<li>* Опрос</li>\n<li>* Сбор анамнеза (жизни, заболевания)</li>\n</ul>\n<p>Антропометрия:</p>\n<ul>\n<li>* Рост, Вес, ИМТ</li>\n<li>* Композиция массы тела (жировая и мышечная масса)</li>\n</ul>\n<p>Жизненные показатели:</p>\n<ul>\n<li>* Пульс</li>\n<li>* Сатурация кислорода</li>\n<li>* Температура тела</li>\n<li>* Артериальное давление</li>\n<li>* Частота дыхательных движений</li>\n</ul>\n<p>Оценка здоровья персональным врачом по стандарту Stanford25:</p>\n<ul>\n<li>* Обследование сердца, легких, органов брюшной полости, щитовидной железы</li>\n<li>* Оценка мышечно-суставной системы</li>\n<li>* Оценка неврологического статуса (черепно-мозговые нервы, чувствительность)</li>\n</ul>\n<p>Консультация офталмолога ( входит):</p>\n<ul>\n<li>* Измерение остроты зрения</li>\n<li>* Тонометрия ( измерение внутри глазного давления)</li>\n<li>* Осмотр глазного дна ( офтальмоскопия)</li>\n</ul>\n<p>Оценка слуха:</p>\n<ul>\n<li>* Отоскопия</li>\n<li>* Аудиометрия</li>\n<li>* Консультация врача отоларинголога (лор)</li>\n</ul>\n<p>Оценка легких:</p>\n<ul>\n<li>* Спирометрия</li>\n<li>* Рентгенография легких в 2-х проекциях</li>\n</ul>\n<p>Full body screening:</p>\n<ul>\n<li>* МРТ всего тела</li>\n</ul>\n<p>Общеклинические анализы:</p>\n<ul>\n<li>* Общий анализ крови (25 показателей)</li>\n<li>* Группа крови и резус-принадлежность</li>\n<li>* Общий анализ мочи</li>\n</ul>\n<p>Маркеры сахарного диабета:</p>\n<ul>\n<li>* Глюкоза</li>\n<li>* Гликозилированный гемоглобин</li>\n</ul>\n<p>Функция печени и поджелудочной железы:</p>\n<ul>\n<li>* УЗИ органов брюшной полости</li>\n<li>* АЛТ</li>\n<li>* АСТ</li>\n<li>* ГГТ</li>\n<li>* ЛДГ</li>\n<li>* Билирубин общий</li>\n<li>* Билирубин прямой</li>\n<li>* Щелочная фосфатаза</li>\n<li>* Общий белок</li>\n<li>* Альбумин</li>\n<li>* Альфа амилаза</li>\n</ul>\n<p>Функции почек:</p>\n<ul>\n<li>* УЗИ почек и надпочечников</li>\n<li>* Креатинин</li>\n<li>* Мочевина</li>\n<li>* Натрий/калий/кальций ионизированные</li>\n</ul>\n<p>Маркеры воспаления:</p>\n<ul>\n<li>* С-реактивный белок</li>\n</ul>', '<p>Маркеры заболеваний костно-суставной системы:</p>\n<ul>\n<li>* Ревматоидный фактор</li>\n<li>* Мочевая кислота</li>\n</ul>\n<p>Маркеры анемии:</p>\n<ul>\n<li>* Железо</li>\n<li>* Витамин D25-OH</li>\n</ul>\n<p>Маркеры инфекций:</p>\n<ul>\n<li>* Helicobacter pylori IgG (антитела IgG на Хеликобактер пилори)</li>\n</ul>\n<p>Функция сердца и маркеры сердечно-сосудистых заболеваний:</p>\n<ul>\n<li>* ЭКГ в покое</li>\n<li>* Эхокардиография</li>\n<li>* Триглицериды</li>\n<li>* Холестерин общий</li>\n<li>* Холестерин-ЛПВП</li>\n<li>* Холестерин-ЛПНП</li>\n</ul>\n<p>Тесты на остеопороз:</p>\n<ul>\n<li>* Денситометрия</li>\n<li>* Кальций общий</li>\n</ul>\n<p>Электролиты:</p>\n<ul>\n<li>* Магний</li>\n<li>* Фосфор</li>\n</ul>\n<p>Оценка щитовидной железы:</p>\n<ul>\n<li>* УЗИ щитовидной железы</li>\n<li>* ТТГ</li>\n<li>* Т3 свободный</li>\n<li>* Т4 свободный</li>\n<li>* Анти-ТГ</li>\n<li>* Анти-ТПО</li>\n</ul>\n<p>Женское здоровье:</p>\n<ul>\n<li>* Консультация гинеколога</li>\n<li>* Кольпоскопия</li>\n<li>* УЗИ органов малого таза</li>\n<li>* УЗИ молочной железы</li>\n<li>* Маммография</li>\n<li>* Мазок на степень чистоты</li>\n<li>* ПАП-тест (онкоцитология)</li>\n<li>* ПЦР ВПЧ 16-18 тип</li>\n<li>* СА-125 (рак яичников)</li>\n<li>* CA 15-3 (рак молочной железы)</li>\n<li>* ФСГ</li>\n<li>* ЛГ</li>\n<li>* Пролактин</li>\n<li>* Эстрадиол</li>\n<li>* Прогестерон</li>\n<li>* Тестостерон</li>\n<li>* ДГЭА-сульфат</li>\n</ul>\n<p>Мужское здоровье:</p>\n<ul>\n<li>* Ректальное обследование предстательной железы</li>\n<li>* УЗИ мошонки</li>\n<li>* УЗИ органов малого таза</li>\n<li>* ПСА общий (онкомаркер рака простаты)</li>\n<li>* Тестостерон</li>\n</ul>\n<p>Маркеры вирусных гепатитов A, B и C:</p>\n<ul>\n<li>* Anti-HAV Ig M</li>\n<li>* HBsAg</li>\n<li>* AntiHCV</li>\n</ul>\n<p>Заключительная консультация со специалистом в студии де-брифинга:</p>\n<ul>\n<li>* Медицинское заключение о состоянии здоровья</li>\n<li>* Интерпретация всех проведенных исследований</li>\n<li>* Рекомендации</li>\n</ul>', 1, 3, '2021-06-04 08:29:00', '2021-06-29 02:29:41'),
(4, 1, 'Пакет BRONZE', 'checkups\\June2021\\HOn18zBQ87okaawvsyoY.png', '<p>Консультация врача:</p>\n<ul>\n<li>* Опрос</li>\n<li>* Сбор анамнеза (жизни, заболевания)</li>\n</ul>\n<p>Антропометрия:</p>\n<ul>\n<li>* Рост, Вес, ИМТ</li>\n<li>* Композиция массы тела (жировая и мышечная масса)</li>\n</ul>\n<p>Жизненные показатели:</p>\n<ul>\n<li>* Пульс</li>\n<li>* Сатурация кислорода</li>\n<li>* Температура тела</li>\n<li>* Артериальное давление</li>\n<li>* Частота дыхательных движений</li>\n</ul>\n<p>Оценка здоровья персональным врачом по стандарту Stanford25:</p>\n<ul>\n<li>* Обследование сердца, легких, органов брюшной полости, щитовидной железы</li>\n<li>* Оценка мышечно-суставной системы</li>\n<li>* Оценка неврологического статуса (черепно-мозговые нервы, чувствительность, рефлексы, пробы)</li>\n</ul>\n<p>Оценка зрения: (проводит врач офтальмолог)</p>\n<ul>\n<li>* Тонометрия ( измерение внутри глазного давления)</li>\n<li>* Измерение остроты зрения</li>\n</ul>\n<p>Оценка слуха:</p>\n<ul>\n<li>* Отоскопия</li>\n<li>* Аудиометрия</li>\n</ul>\n<p>Оценка легких:</p>\n<ul>\n<li>* Спирометрия</li>\n<li>* Рентгенография легких в 2-х проекциях</li>\n</ul>\n<p>Общеклинические анализы:</p>\n<ul>\n<li>* Общий анализ крови (25 показателей)</li>\n<li>* Группа крови и резус-принадлежность</li>\n<li>* Общий анализ мочи</li>\n</ul>\n<p>Маркеры сахарного диабета:</p>\n<ul>\n<li>* Глюкоза</li>\n<li>* Гликозилированный гемоглобин</li>\n</ul>\n<p>Функция печени:</p>\n<ul>\n<li>* УЗИ органов брюшной полости</li>\n<li>* АЛТ</li>\n<li>* АСТ</li>\n<li>* Билирубин общий</li>\n<li>* Билирубин прямой</li>\n<li>* Общий белок</li>\n<li>* Альбумин</li>\n</ul>\n<p>Функции почек:</p>\n<ul>\n<li>* УЗИ почек и надпочечников</li>\n<li>* Креатинин</li>\n<li>* Мочевина</li>\n</ul>', '<p>Маркер подагры:</p>\n<ul>\n<li>* Мочевая кислота</li>\n</ul>\n<p>Маркеры воспаления:</p>\n<ul>\n<li>* С-реактивный белок</li>\n</ul>\n<p>Функция сердца и маркеры сердечно-сосудистых заболеваний:</p>\n<ul>\n<li>* ЭКГ в покое</li>\n<li>* Триглицериды</li>\n<li>* Холестерин общий</li>\n<li>* Холестерин-ЛПВП</li>\n<li>* Холестерин-ЛПНП</li>\n</ul>\n<p>Маркеры инфекций:</p>\n<ul>\n<li>* Helicobacter pylori IgG (антитела IgG на Хеликобактер пилори)</li>\n</ul>\n<p>Тесты на остеопороз:</p>\n<ul>\n<li>* Денситометрия</li>\n<li>* Кальций общий</li>\n</ul>\n<p>Оценка щитовидной железы:</p>\n<ul>\n<li>* УЗИ щитовидной железы</li>\n<li>* ТТГ</li>\n<li>* Т4 свободный</li>\n</ul>\n<p>Женское здоровье:</p>\n<ul>\n<li>* Консультация гинеколога</li>\n<li>* Кольпоскопия</li>\n<li>* УЗИ органов малого таза</li>\n<li>* УЗИ молочной железы</li>\n<li>* Маммография</li>\n<li>* Мазок на степень чистоты</li>\n<li>* ПАП-тест (онкоцитология)</li>\n<li>* ПЦР ВПЧ 16-18 тип</li>\n<li>* СА-125 (рак яичников)</li>\n<li>* CA 15-3 (рак молочной железы)</li>\n</ul>\n<p>Мужское здоровье:</p>\n<ul>\n<li>* Ректальное обследование предстательной железы</li>\n<li>* УЗИ органов малого таза</li>\n<li>* ПСА общий (онкомаркер рака простаты)</li>\n</ul>\n<p>Маркеры вирусных гепатитов A, B и C:</p>\n<ul>\n<li>* Anti-HAV Ig M</li>\n<li>* HBsAg</li>\n<li>* AntiHCV</li>\n</ul>\n<p>Заключительная консультация со специалистом в студии де-брифинга:</p>\n<ul>\n<li>* Медицинское заключение о состоянии здоровья</li>\n<li>* Интерпретация всех проведенных исследований</li>\n<li>* Рекомендации</li>\n</ul>', 1, 4, '2021-06-04 08:29:00', '2021-06-29 02:43:26'),
(5, 1, 'Пакет BASIC', 'checkups\\June2021\\VACA1M9pebAIteafMtaw.png', '<p>Консультация врача:</p>\n<ul>\n<li>* Опрос</li>\n<li>* Сбор анамнеза (жизни, заболевания)</li>\n</ul>\n<p>Антропометрия:</p>\n<ul>\n<li>* Рост, Вес, ИМТ</li>\n<li>* Композиция массы тела (жировая и мышечная масса)</li>\n</ul>\n<p>Жизненные показатели:</p>\n<ul>\n<li>* Пульс</li>\n<li>* Сатурация кислорода</li>\n<li>* Температура тела</li>\n<li>* Артериальное давление</li>\n<li>* Частота дыхательных движений</li>\n</ul>\n<p>Оценка здоровья персональным врачом по стандарту Stanford25:</p>\n<ul>\n<li>* Обследование сердца, легких, органов брюшной полости, щитовидной железы</li>\n<li>* Оценка мышечно-суставной системы</li>\n<li>* Оценка неврологического статуса (черепно-мозговые нервы, чувствительность, рефлексы, пробы)</li>\n</ul>\n<p>Оценка зрения (врач терапевт):</p>\n<ul>\n<li>* Измерение остроты зрения</li>\n</ul>\n<p>Оценка слуха:</p>\n<ul>\n<li>* Отоскопия</li>\n</ul>\n<p>Оценка легких:</p>\n<ul>\n<li>* Спирометрия</li>\n</ul>\n<p>Общеклинические анализы:</p>\n<ul>\n<li>* Общий анализ крови (25 показателей)</li>\n<li>* Группа крови и резус-принадлежность</li>\n<li>* Общий анализ мочи</li>\n</ul>\n<p>Маркеры сахарного диабета:</p>\n<ul>\n<li>* Глюкоза</li>\n<li>* Гликозилированный гемоглобин</li>\n</ul>\n<p>Функция печени:</p>\n<ul>\n<li>* УЗИ органов брюшной полости</li>\n<li>* АЛТ</li>\n<li>* АСТ</li>\n<li>* Билирубин общий</li>\n<li>* Билирубин прямой</li>\n<li>* Общий белок</li>\n<li>* Альбумин</li>\n</ul>', '<p>Функции почек:</p>\n<ul>\n<li>* УЗИ почек и надпочечников</li>\n<li>* Креатинин</li>\n<li>* Мочевина</li>\n</ul>\n<p>Маркер подагры:</p>\n<ul>\n<li>* Мочевая кислота</li>\n</ul>\n<p>Маркеры воспаления:</p>\n<ul>\n<li>* С-реактивный белок</li>\n</ul>\n<p>Функция сердца и маркеры сердечно-сосудистых заболеваний:</p>\n<ul>\n<li>* ЭКГ в покое</li>\n<li>* Триглицериды</li>\n<li>* Холестерин общий</li>\n<li>* Холестерин-ЛПВП</li>\n<li>* Холестерин-ЛПНП</li>\n</ul>\n<p>Маркеры инфекций:</p>\n<ul>\n<li>* Helicobacter pylori IgG (антитела IgG на Хеликобактер пилори)</li>\n</ul>\n<p>Тесты на остеопороз:</p>\n<ul>\n<li>* Кальций общий</li>\n</ul>\n<p>Оценка щитовидной железы:</p>\n<ul>\n<li>* УЗИ щитовидной железы</li>\n<li>* ТТГ</li>\n<li>* Т4 свободный</li>\n</ul>\n<p>Женское здоровье:</p>\n<ul>\n<li>* УЗИ органов малого таза</li>\n<li>* УЗИ молочной железы</li>\n</ul>\n<p>Мужское здоровье:</p>\n<ul>\n<li>* Ректальное обследование предстательной железы</li>\n<li>* УЗИ органов малого таза</li>\n<li>* ПСА общий (онкомаркер рака простаты)</li>\n</ul>\n<p>Маркеры вирусных гепатитов A, B и C:</p>\n<ul>\n<li>* Anti-HAV Ig M</li>\n<li>* HBsAg</li>\n<li>* AntiHCV</li>\n</ul>\n<p>Заключительная консультация со специалистом в студии де-брифинга:</p>\n<ul>\n<li>* Медицинское заключение о состоянии здоровья</li>\n<li>* Интерпретация всех проведенных исследований</li>\n<li>* Рекомендации</li>\n</ul>', 1, 5, '2021-06-04 08:29:00', '2021-06-29 02:52:43'),
(6, 2, 'Пакет GOLD', 'checkups\\June2021\\QKDMrs1GZU3CNQAHw7v8.png', '<p>Консультация врача:</p>\n<ul>\n<li>* Опрос</li>\n<li>* Сбор анамнеза (жизни, заболевания)</li>\n</ul>\n<p>Антропометрия:</p>\n<ul>\n<li>* Рост, Вес, ИМТ</li>\n<li>* Перцентиль</li>\n</ul>\n<p>Жизненные показатели:</p>\n<ul>\n<li>* Пульс</li>\n<li>* Сатурация кислорода</li>\n<li>* Температура тела</li>\n<li>* Артериальное давление</li>\n<li>* Частота дыхательных движений</li>\n</ul>\n<p>Оценка здоровья по всем системам организма ребенка &ldquo;Baby Check-up&rdquo;:</p>\n<ul>\n<li>* Общий статус (нервно-психическое, моторное и речевое развитие)</li>\n<li>* Нейроэндокринная система</li>\n<li>* ЛОР органы и отоскопия</li>\n<li>* Кожа и подкожная клетчатка</li>\n<li>* Костно-мышечно-суставная система</li>\n<li>* Лимфатическая система</li>\n<li>* Дыхательная система</li>\n<li>* Сердечно-сосудистая система</li>\n<li>* Желудочно-кишечный тракт</li>\n<li>* Мочеполовая система</li>\n</ul>\n<p>Консультация офтальмолога ( в него входит): ( дети от 6 лет)&nbsp;</p>\n<ul>\n<li>Измерение остроты зрения</li>\n<li>Осмотр глазного дна ( офтальмоскопия)</li>\n</ul>\n<p>Оценка слуха:</p>\n<ul>\n<li>* Консультация Лора</li>\n<li>* Аудиометрия (с 6 лет)</li>\n</ul>\n<p>Общеклинические анализы:</p>\n<ul>\n<li>* Общий анализ крови (25 показателей)</li>\n<li>* Группа крови и резус-принадлежность</li>\n<li>* Общий анализ мочи</li>\n<li>* Исследование кала на яйца гельминтов</li>\n<li>* АСЛО</li>\n</ul>\n<p>Маркеры паразитарных инфекций:</p>\n<ul>\n<li>* Аскаридоз</li>\n<li>* Эхинококкоз</li>\n<li>* Лямблиоз</li>\n<li>* Описторхоз</li>\n<li>* Токсокароз</li>\n</ul>\n<p>Функции печени и поджелудочной железы:</p>\n<ul>\n<li>* УЗИ органов брюшной полости</li>\n<li>* АЛТ</li>\n<li>* АСТ</li>\n<li>* Билирубин общий</li>\n<li>* Билирубин прямой</li>\n<li>* Щелочная фосфатаза</li>\n<li>* Общий белок</li>\n<li>* Альбумин</li>\n<li>* Альфа амилаза</li>\n</ul>\n<p>Маркеры сахарного диабета:</p>\n<ul>\n<li>* Глюкоза</li>\n<li>* Гликолизированный гемоглобин</li>\n</ul>', '<p>Функции почек:</p>\n<ul>\n<li>* УЗИ почек и надпочечников</li>\n<li>* Креатинин</li>\n<li>* Мочевина</li>\n</ul>\n<p>Оценка микроэлементного состава:</p>\n<ul>\n<li>* Na, K, Са свободный</li>\n</ul>\n<p>Маркеры воспаления:</p>\n<ul>\n<li>* С-реактивный белок</li>\n</ul>\n<p>Маркеры заболеваний костно-суставной системы:</p>\n<ul>\n<li>* Ревматоидный фактор</li>\n<li>* Мочевая кислота</li>\n</ul>\n<p>Маркеры анемии:</p>\n<ul>\n<li>* Железо</li>\n<li>* ЛЖСС</li>\n<li>* Трансферрин</li>\n<li>* Ферритин</li>\n</ul>\n<p>Электролиты:</p>\n<ul>\n<li>Магний</li>\n<li>Фосфор</li>\n</ul>\n<p>Маркеры инфекций:</p>\n<ul>\n<li>Helicobacter pylori IgG (антитела IgG на Хеликобактер пилори)</li>\n</ul>\n<p>Функция сердца и маркеры сердечно-сосудистых заболеваний:</p>\n<ul>\n<li>* Эхокардиография</li>\n<li>* ЭКГ в покое</li>\n<li>* Триглицериды</li>\n<li>* Холестерин общий</li>\n<li>* Холестерин-ЛПВП</li>\n<li>* Холестерин-ЛПНП</li>\n</ul>\n<p>Оценка щитовидной железы:</p>\n<ul>\n<li>* УЗИ щитовидной железы</li>\n<li>* ТТГ</li>\n<li>* Т3 общий</li>\n<li>* Т4 общий</li>\n<li>* Т3 свободный</li>\n<li>* Т4 свободный</li>\n<li>* Анти-ТГ</li>\n<li>* Анти-ТПО</li>\n<li>* Витамин D25-OH</li>\n</ul>\n<p>Ультразвуковая допплерография:</p>\n<ul>\n<li>* УЗДГ сосудов шеи</li>\n</ul>\n<p>Маркеры вирусных гепатитов A, B и C:</p>\n<ul>\n<li>* Anti-HAV IgM</li>\n<li>* HBsAg</li>\n<li>* Anti-HCV</li>\n</ul>\n<p>Здоровый завтрак:</p>\n<ul>\n<li>* выбор из меню</li>\n</ul>\n<p>Заключительная консультация со специалистом в студии де-брифинга:</p>\n<ul>\n<li>* Медицинское заключение о состоянии здоровья</li>\n<li>* Интерпретация всех проведенных исследований</li>\n<li>* Рекомендации</li>\n</ul>', 1, 1, '2021-06-04 08:29:00', '2021-06-29 03:09:20'),
(7, 2, 'Пакет РАСШИРЕННЫЙ', 'checkups\\June2021\\J8AIlk0mT8wshTnxTT5r.png', '<p>Консультация врача:</p>\n<ul>\n<li>* Опрос</li>\n<li>* Сбор анамнеза (жизни, заболевания)</li>\n</ul>\n<p>Антропометрия:</p>\n<ul>\n<li>* Рост, Вес, ИМТ</li>\n<li>* Перцентиль</li>\n</ul>\n<p>Жизненные показатели:</p>\n<ul>\n<li>* Пульс</li>\n<li>* Сатурация кислорода</li>\n<li>* Температура тела</li>\n<li>* Артериальное давление</li>\n<li>* Частота дыхательных движений</li>\n</ul>\n<p>Оценка здоровья по всем системам организма ребенка &ldquo;Baby Check-up&rdquo;:</p>\n<ul>\n<li>* Общий статус (нервно-психическое, моторное и речевое развитие)</li>\n<li>* Нейроэндокринная система</li>\n<li>* ЛОР органы и отоскопия</li>\n<li>* Кожа и подкожная клетчатка</li>\n<li>* Костно-мышечно-суставная система</li>\n<li>* Лимфатическая система</li>\n<li>* Дыхательная система</li>\n<li>* Сердечно-сосудистая система</li>\n<li>* Желудочно-кишечный тракт</li>\n<li>* Мочеполовая система</li>\n</ul>\n<p>Консультация офтальмолога ( в него входит): ( дети от 6 лет)&nbsp;</p>\n<ul>\n<li>Измерение остроты зрения</li>\n<li>Осмотр глазного дна ( офтальмоскопия)</li>\n</ul>\n<p>Оценка слуха:</p>\n<ul>\n<li>* Консультация Лора</li>\n<li>* Аудиометрия (с 6 лет)</li>\n</ul>\n<p>Общеклинические анализы:</p>\n<ul>\n<li>* Общий анализ крови (25 показателей)</li>\n<li>* Группа крови и резус-принадлежность</li>\n<li>* Общий анализ мочи</li>\n<li>* Исследование кала на яйца гельминтов</li>\n<li>* АСЛО</li>\n</ul>\n<p>Маркеры паразитарных инфекций:</p>\n<ul>\n<li>* Аскаридоз</li>\n<li>* Эхинококкоз</li>\n<li>* Лямблиоз</li>\n<li>* Описторхоз</li>\n<li>* Токсокароз</li>\n</ul>', '<p>Маркеры сахарного диабета:</p>\n<ul>\n<li>* Глюкоза</li>\n<li>* Гликолизированный гемоглобин</li>\n</ul>\n<p>Функции печени и поджелудочной железы:</p>\n<ul>\n<li>* УЗИ органов брюшной полости</li>\n<li>* АЛТ</li>\n<li>* АСТ</li>\n<li>* Альбумин</li>\n<li>* Билирубин общий</li>\n<li>* Билирубин прямой</li>\n<li>* Щелочная фосфатаза</li>\n<li>* Общий белок</li>\n</ul>\n<p>Функции почек:</p>\n<ul>\n<li>* УЗИ почек и надпочечников</li>\n<li>* Креатинин</li>\n<li>* Мочевина</li>\n</ul>\n<p>Оценка микроэлементного состава:</p>\n<ul>\n<li>* Na, K, Са свободный</li>\n<li>* Кальций общий</li>\n</ul>\n<p>Функция сердца и маркеры сердечно-сосудистых заболеваний:</p>\n<ul>\n<li>* Эхокардиография</li>\n<li>* ЭКГ в покое</li>\n<li>* Триглицериды</li>\n<li>* Холестерин общий</li>\n<li>* Холестерин-ЛПНП</li>\n</ul>\n<p>Оценка щитовидной железы:</p>\n<ul>\n<li>* УЗИ щитовидной железы</li>\n<li>* ТТГ</li>\n<li>* Т3 свободный</li>\n<li>* Т4 свободный</li>\n</ul>\n<p>Маркеры вирусных гепатитов A, B и C:</p>\n<ul>\n<li>* Anti-HAV IgM</li>\n<li>* HBsAg</li>\n<li>* Anti-HCV</li>\n</ul>\n<p>Здоровый завтрак:</p>\n<ul>\n<li>* выбор из меню</li>\n</ul>\n<p>Заключительная консультация со специалистом в студии де-брифинга:</p>\n<ul>\n<li>* Медицинское заключение о состоянии здоровья</li>\n<li>* Интерпретация всех проведенных исследований</li>\n<li>* Рекомендации</li>\n</ul>', 1, 2, '2021-06-04 08:29:00', '2021-06-29 03:15:40'),
(8, 2, 'Пакет BASIC', 'checkups\\June2021\\4nAy9hulfCDDg60E9vjB.png', '<p>Консультация врача:</p>\n<ul>\n<li>* Опрос</li>\n<li>* Сбор анамнеза (жизни, заболевания)</li>\n</ul>\n<p>Антропометрия:</p>\n<ul>\n<li>* Рост, Вес, ИМТ</li>\n<li>* Перцентиль</li>\n</ul>\n<p>Жизненные показатели:</p>\n<ul>\n<li>* Пульс</li>\n<li>* Сатурация кислорода</li>\n<li>* Температура тела</li>\n<li>* Артериальное давление</li>\n<li>* Частота дыхательных движений</li>\n</ul>\n<p>Оценка зрения: (проводит педиатр)</p>\n<ul>\n<li>Измерение остроты зрения</li>\n</ul>\n<p>Оценка слуха:</p>\n<ul>\n<li>* Аудиометрия (с 6 лет)</li>\n</ul>\n<p>Оценка щитовидной железы:</p>\n<ul>\n<li>* ТТГ</li>\n<li>* Т4 свободный</li>\n</ul>', '<p>Оценка здоровья по всем системам организма ребенка &ldquo;Baby Check-up&rdquo;:</p>\n<ul>\n<li>* Общий статус (нервно-психическое, моторное и речевое развитие)</li>\n<li>* Нейроэндокринная система</li>\n<li>* ЛОР органы и отоскопия</li>\n<li>* Кожа и подкожная клетчатка</li>\n<li>* Костно-мышечно-суставная система</li>\n<li>* Лимфатическая система</li>\n<li>* Дыхательная система</li>\n<li>* Сердечно-сосудистая система</li>\n<li>* Желудочно-кишечный тракт</li>\n<li>* Мочеполовая система</li>\n</ul>\n<p>Общеклинические анализы:</p>\n<ul>\n<li>* Общий анализ крови (25 показателей)</li>\n<li>* Общий анализ мочи</li>\n<li>* Исследование кала на яйца гельминтов</li>\n</ul>\n<p>Маркеры сахарного диабета:</p>\n<ul>\n<li>* Глюкоза</li>\n</ul>\n<p>Функции почек:</p>\n<ul>\n<li>* Креатинин</li>\n</ul>\n<p>Оценка микроэлементного состава:</p>\n<ul>\n<li>* Na, K, Са свободный</li>\n<li>* Кальций общий</li>\n</ul>\n<p>Заключительная консультация с врачом в студии де-брифинга:</p>\n<ul>\n<li>* Медицинское заключение о состоянии здоровья</li>\n<li>* Интерпретация всех проведенных исследований</li>\n</ul>', 1, 3, '2021-06-04 08:29:00', '2021-06-29 03:26:19'),
(9, 3, 'Здоровые легкие', 'checkups\\June2021\\GuYZXwoXg7xNOLS8FkD2.png', '<p><span style=\"font-family: Calibri, sans-serif, \'Mongolian Baiti\', \'Microsoft Yi Baiti\', \'Javanese Text\', \'Yu Gothic\'; font-size: 14.6667px; white-space: pre;\">Консультация персонального врача: </span>:</p>\n<ul>\n<li>* Опрос</li>\n<li>* Сбор анамнеза (жизни, заболевания)</li>\n</ul>\n<p>Антропометрия:</p>\n<ul>\n<li>* Рост, Вес, ИМТ</li>\n<li>* Композиция массы тела (жировая и мышечная масса)</li>\n</ul>\n<p>Жизненные показатели:</p>\n<ul>\n<li>* Пульс</li>\n<li>* Сатурация кислорода</li>\n<li>* Температура тела</li>\n<li>* Артериальное давление</li>\n<li>* Частота дыхательных движений</li>\n</ul>', '<p><span style=\"font-family: Calibri, sans-serif, \'Mongolian Baiti\', \'Microsoft Yi Baiti\', \'Javanese Text\', \'Yu Gothic\'; font-size: 14.6667px; white-space: pre;\">Общеклинические анализы: </span></p>\n<ul>\n<li>* Общий анализ крови (25 показателей)&nbsp;</li>\n</ul>\n<p><span style=\"font-family: Calibri, sans-serif, \'Mongolian Baiti\', \'Microsoft Yi Baiti\', \'Javanese Text\', \'Yu Gothic\'; font-size: 14.6667px; white-space: pre;\">Биохимия</span>:</p>\n<ul>\n<li>* С-реактивный белок</li>\n</ul>\n<p><span style=\"font-family: Calibri, sans-serif, \'Mongolian Baiti\', \'Microsoft Yi Baiti\', \'Javanese Text\', \'Yu Gothic\'; font-size: 14.6667px; white-space: pre;\">Онкомаркер</span>:</p>\n<ul>\n<li>* CYFRA</li>\n</ul>\n<p><span style=\"font-family: Calibri, sans-serif, \'Mongolian Baiti\', \'Microsoft Yi Baiti\', \'Javanese Text\', \'Yu Gothic\'; font-size: 14.6667px; white-space: pre;\">Инструментальное обследование:</span></p>\n<ul>\n<li>* Спирография легких</li>\n<li>* Рентгенография легких в 2 проекциях</li>\n</ul>\n<p><span style=\"font-family: Calibri, sans-serif, \'Mongolian Baiti\', \'Microsoft Yi Baiti\', \'Javanese Text\', \'Yu Gothic\'; font-size: 14.6667px; white-space: pre;\">Заключительная консультация персонального врача:</span></p>\n<ul>\n<li>* Медицинское заключение о состоянии и функции легких (методом пальпации, перкуссии и аускультации легких)</li>\n<li>* Интерпретация всех проведенных исследований</li>\n<li>* Рекомендации</li>\n</ul>', 1, 1, '2021-06-04 08:29:00', '2021-06-29 09:08:10'),
(10, 3, 'Женское здоровье', 'checkups\\June2021\\j3LA7TSoPPv9G6OrvYYS.png', '<p>Консультация врача:</p>\n<ul>\n<li>* Опрос</li>\n<li>* Сбор анамнеза (жизни, заболевания)</li>\n</ul>\n<p>Антропометрия:</p>\n<ul>\n<li>* Рост, Вес, ИМТ</li>\n<li>* Композиция массы тела (жировая и мышечная масса)</li>\n</ul>\n<p>Жизненные показатели:</p>\n<ul>\n<li>* Пульс</li>\n<li>* Сатурация кислорода</li>\n<li>* Температура тела</li>\n<li>* Артериальное давление</li>\n<li>* Частота дыхательных движений</li>\n</ul>\n<p><span style=\"font-family: Calibri, sans-serif, \'Mongolian Baiti\', \'Microsoft Yi Baiti\', \'Javanese Text\', \'Yu Gothic\'; font-size: 14.6667px; white-space: pre;\">Общеклинические анализы</span>:</p>\n<ul>\n<li>* Общий анализ крови (25 показателей)&nbsp;</li>\n<li>* Общий анализ мочи</li>\n</ul>\n<p><span style=\"font-family: Calibri, sans-serif, \'Mongolian Baiti\', \'Microsoft Yi Baiti\', \'Javanese Text\', \'Yu Gothic\'; font-size: 14.6667px; white-space: pre;\">Функции почек</span>:</p>\n<ul>\n<li>* УЗИ почек</li>\n<li>* Креатинин&nbsp;</li>\n<li>* Мочевина</li>\n</ul>\n<p><span style=\"font-family: Calibri, sans-serif, \'Mongolian Baiti\', \'Microsoft Yi Baiti\', \'Javanese Text\', \'Yu Gothic\'; font-size: 14.6667px; white-space: pre;\">Маркер подагры: </span></p>\n<ul>\n<li>* Мочевая кислота</li>\n</ul>\n<p><span style=\"font-family: Calibri, sans-serif, \'Mongolian Baiti\', \'Microsoft Yi Baiti\', \'Javanese Text\', \'Yu Gothic\'; font-size: 14.6667px; white-space: pre;\">Функция печени</span>:</p>\n<ul>\n<li>* АЛТ</li>\n<li>* <span style=\"font-family: Calibri, sans-serif, \'Mongolian Baiti\', \'Microsoft Yi Baiti\', \'Javanese Text\', \'Yu Gothic\'; font-size: 14.6667px; white-space: pre;\">АСТ</span>&nbsp;</li>\n<li>* Билирубин общий</li>\n</ul>\n<p><span style=\"font-family: Calibri, sans-serif, \'Mongolian Baiti\', \'Microsoft Yi Baiti\', \'Javanese Text\', \'Yu Gothic\'; font-size: 14.6667px; white-space: pre;\">Оценка щитовидной железы</span>:</p>\n<ul>\n<li>* ТТГ&nbsp;</li>\n<li>* Т4 свободный</li>\n<li>* Анти-ТПО</li>\n</ul>', '<p><span style=\"font-family: Calibri, sans-serif, \'Mongolian Baiti\', \'Microsoft Yi Baiti\', \'Javanese Text\', \'Yu Gothic\'; font-size: 14.6667px; white-space: pre;\">Маркеры сахарного диабета:</span></p>\n<ul>\n<li>* Глюкоза&nbsp;</li>\n<li>* Гликолизированный гемоглобин</li>\n</ul>\n<p><span style=\"font-family: Calibri, sans-serif, \'Mongolian Baiti\', \'Microsoft Yi Baiti\', \'Javanese Text\', \'Yu Gothic\'; font-size: 14.6667px; white-space: pre;\">Функция сердца и маркеры сердечно-сосудистых заболеваний:</span></p>\n<ul>\n<li>* Триглицериды&nbsp;</li>\n<li>* Холестерин общий</li>\n<li>* Холестерин-ЛПВП&nbsp;&nbsp;</li>\n<li>* Холестерин-ЛПНП</li>\n</ul>\n<p><span style=\"font-family: Calibri, sans-serif, \'Mongolian Baiti\', \'Microsoft Yi Baiti\', \'Javanese Text\', \'Yu Gothic\'; font-size: 14.6667px; white-space: pre;\">Тест на остеопороз:</span></p>\n<ul>\n<li>* Общий кальций</li>\n<li>* Денситометрия</li>\n</ul>\n<p><span style=\"font-family: Calibri, sans-serif, \'Mongolian Baiti\', \'Microsoft Yi Baiti\', \'Javanese Text\', \'Yu Gothic\'; font-size: 14.6667px; white-space: pre;\">Маркеры вирусных гепатитов B и C: </span></p>\n<ul>\n<li>* HBsAg(V2)</li>\n<li>* Anti-HBs</li>\n<li>* Anti-HCV</li>\n</ul>\n<p><span style=\"font-family: Calibri, sans-serif, \'Mongolian Baiti\', \'Microsoft Yi Baiti\', \'Javanese Text\', \'Yu Gothic\'; font-size: 14.6667px; white-space: pre;\">Женское здоровье: </span> </p>\n<ul>\n<li>* УЗИ органов малого таза</li>\n<li>* УЗИ молочной железы&nbsp;</li>\n<li>* Маммография</li>\n<li>* Мазок на степень чистоты</li>\n<li>* ПАП-тест (онкоцитология)</li>\n<li>* СА-125 (рак яичников)</li>\n<li>* CA 15-3 (рак молочной железы)</li>\n<li>* ФСГ&nbsp;</li>\n<li>* ЛГ</li>\n<li>* Пролактин</li>\n<li>* Эстрадиол</li>\n</ul>\n<p><span style=\"font-family: Calibri, sans-serif, \'Mongolian Baiti\', \'Microsoft Yi Baiti\', \'Javanese Text\', \'Yu Gothic\'; font-size: 14.6667px; white-space: pre;\">Заключительная консультация персонального врача</span><span style=\"font-family: Calibri, sans-serif, \'Mongolian Baiti\', \'Microsoft Yi Baiti\', \'Javanese Text\', \'Yu Gothic\'; font-size: 14.6667px; white-space: pre;\">: </span> </p>\n<ul>\n<li>* Медицинское заключение о состоянии здоровья</li>\n<li>* Интерпретация всех проведенных исследований</li>\n<li>* Рекомендации</li>\n</ul>', 1, 2, '2021-06-04 08:29:00', '2021-07-01 06:41:33'),
(11, 3, 'Оптимальный вес', 'checkups\\June2021\\VRBdGyCNC0lgiw0NlKt4.png', '<p>Консультация врача:</p>\n<ul>\n<li>* Опрос</li>\n<li>* Сбор анамнеза (жизни, заболевания)</li>\n</ul>\n<p>Антропометрия:</p>\n<ul>\n<li>* Рост, Вес, ИМТ</li>\n<li>* Композиция массы тела (жировая и мышечная масса)</li>\n</ul>\n<p>Жизненные показатели:</p>\n<ul>\n<li>* Пульс</li>\n<li>* Сатурация кислорода</li>\n<li>* Температура тела</li>\n<li>* Артериальное давление</li>\n<li>* Частота дыхательных движений</li>\n</ul>\n<p>Оценка здоровья персональным врачом по стандарту Stanford25:</p>\n<ul>\n<li>* Обследование сердца, легких, органов брюшной полости, щитовидной железы</li>\n<li>* Оценка мышечно-суставной системы&nbsp;</li>\n<li>* Оценка неврологического статуса (черепно-мозговые нервы, чувствительность, рефлексы, пробы)</li>\n</ul>\n<p><span style=\"font-family: Calibri, sans-serif, \'Mongolian Baiti\', \'Microsoft Yi Baiti\', \'Javanese Text\', \'Yu Gothic\'; font-size: 14.6667px; white-space: pre;\">Общеклинические анализы</span>:</p>\n<ul>\n<li>* Общий анализ крови (25 показателей)&nbsp;</li>\n<li>* Общий анализ мочи</li>\n</ul>\n<p><span style=\"font-family: Calibri, sans-serif, \'Mongolian Baiti\', \'Microsoft Yi Baiti\', \'Javanese Text\', \'Yu Gothic\'; font-size: 14.6667px; white-space: pre;\">Функции почек</span>:</p>\n<ul>\n<li>* <span style=\"font-family: Calibri, sans-serif, \'Mongolian Baiti\', \'Microsoft Yi Baiti\', \'Javanese Text\', \'Yu Gothic\'; font-size: 14.6667px; white-space: pre;\">УЗИ почек</span>&nbsp;</li>\n<li>* Креатинин&nbsp;</li>\n</ul>\n<p><span style=\"font-family: Calibri, sans-serif, \'Mongolian Baiti\', \'Microsoft Yi Baiti\', \'Javanese Text\', \'Yu Gothic\'; font-size: 14.6667px; white-space: pre;\">Маркер подагры</span>:</p>\n<ul>\n<li>* Мочевая кислота</li>\n</ul>', '<p><span style=\"font-family: Calibri, sans-serif, \'Mongolian Baiti\', \'Microsoft Yi Baiti\', \'Javanese Text\', \'Yu Gothic\'; font-size: 14.6667px; white-space: pre;\">Функция печени</span>:</p>\n<ul>\n<li>* УЗИ органов брюшной полости&nbsp;</li>\n<li>* АЛТ&nbsp;</li>\n<li>* АСТ</li>\n<li>* ГГТ</li>\n<li>* Билирубин общий</li>\n<li>* Билирубин прямой&nbsp;</li>\n<li>* Общий белок</li>\n</ul>\n<p><span style=\"font-family: Calibri, sans-serif, \'Mongolian Baiti\', \'Microsoft Yi Baiti\', \'Javanese Text\', \'Yu Gothic\'; font-size: 14.6667px; white-space: pre;\">Оценка щитовидной железы</span>:</p>\n<ul>\n<li>* ТТГ&nbsp;</li>\n<li>* Т4 свободный</li>\n<li>* Анти-ТПО</li>\n</ul>\n<p><span style=\"font-family: Calibri, sans-serif, \'Mongolian Baiti\', \'Microsoft Yi Baiti\', \'Javanese Text\', \'Yu Gothic\'; font-size: 14.6667px; white-space: pre;\">Маркеры сахарного диабета</span>:</p>\n<ul>\n<li>* Глюкоза</li>\n<li>* Гликолизированный гемоглобин</li>\n</ul>\n<p><span style=\"font-family: Calibri, sans-serif, \'Mongolian Baiti\', \'Microsoft Yi Baiti\', \'Javanese Text\', \'Yu Gothic\'; font-size: 14.6667px; white-space: pre;\">Функция сердца и маркеры сердечно-сосудистых заболеваний</span>:</p>\n<ul>\n<li>* ЭКГ в покое</li>\n<li>* Триглицериды&nbsp;</li>\n<li>* Холестерин общий</li>\n<li>* Холестерин-ЛПВП&nbsp;&nbsp;</li>\n<li>* Холестерин-ЛПНП</li>\n</ul>\n<p><span style=\"font-family: Calibri, sans-serif, \'Mongolian Baiti\', \'Microsoft Yi Baiti\', \'Javanese Text\', \'Yu Gothic\'; font-size: 14.6667px; white-space: pre;\">Гормональный статус</span>:</p>\n<ul>\n<li>* Пролактин</li>\n<li>* Кортизол</li>\n</ul>\n<p><span style=\"font-family: Calibri, sans-serif, \'Mongolian Baiti\', \'Microsoft Yi Baiti\', \'Javanese Text\', \'Yu Gothic\'; font-size: 14.6667px; white-space: pre;\">Электролиты крови</span>:</p>\n<ul>\n<li>* Na/K/Ca ионизированный</li>\n<li>* Бикарбонаты</li>\n</ul>\n<p><span style=\"font-family: Calibri, sans-serif, \'Mongolian Baiti\', \'Microsoft Yi Baiti\', \'Javanese Text\', \'Yu Gothic\'; font-size: 14.6667px; white-space: pre;\">Заключительная консультация персонального врача</span>:</p>\n<ul>\n<li>* Медицинское заключение о состоянии здоровья</li>\n<li>* Интерпретация всех проведенных исследований</li>\n<li>* Рекомендации</li>\n</ul>', 1, 3, '2021-06-04 08:29:00', '2021-07-01 08:22:27'),
(12, 3, 'Хочу быть мамой', 'checkups\\June2021\\F7TYVtJcszUggegzySNP.png', '<p>Консультация врача:</p>\n<ul>\n<li>* Опрос</li>\n<li>* Сбор анамнеза (жизни, заболевания)</li>\n</ul>\n<p>Антропометрия:</p>\n<ul>\n<li>* Рост, Вес, ИМТ</li>\n<li>* Композиция массы тела (жировая и мышечная масса)</li>\n</ul>\n<p>Жизненные показатели:</p>\n<ul>\n<li>* Пульс</li>\n<li>* Сатурация кислорода</li>\n<li>* Температура тела</li>\n<li>* Артериальное давление</li>\n<li>* Частота дыхательных движений</li>\n</ul>\n<p>Оценка здоровья персональным врачом:</p>\n<ul>\n<li>* Обследование сердца, легких, органов брюшной полости, щитовидной железы</li>\n<li>* Оценка мышечно-суставной системы&nbsp;</li>\n<li>* Оценка неврологического статуса(черепно-мозговые нервы, чувствительность, рефлексы, пробы)</li>\n</ul>\n<p><span style=\"font-family: Calibri, sans-serif, \'Mongolian Baiti\', \'Microsoft Yi Baiti\', \'Javanese Text\', \'Yu Gothic\'; font-size: 14.6667px; white-space: pre;\">Общеклинические анализы: </span></p>\n<ul>\n<li>* Общий анализ крови (25 показателей)&nbsp;</li>\n<li>* Группа крови и резус-принадлежность</li>\n<li>* Общий анализ мочи</li>\n<li>* RW</li>\n<li>* Витамин D 25-OH&nbsp;</li>\n</ul>\n<p><span style=\"font-family: Calibri, sans-serif, \'Mongolian Baiti\', \'Microsoft Yi Baiti\', \'Javanese Text\', \'Yu Gothic\'; font-size: 14.6667px; white-space: pre;\">Маркеры сахарного диабета:</span></p>\n<ul>\n<li>* Глюкоза&nbsp;</li>\n<li>* Группа крови и резус-принадлежность</li>\n</ul>', '<p>Тесты на остеопороз:</p>\n<ul>\n<li>*Консультация 2-х узких специалистов (по назначению врача)</li>\n</ul>\n<p>Оценка зрения:</p>\n<ul>\n<li>* Кальций общий</li>\n<li>* Измерение остроты зрения Электролиты</li>\n<li>* Офтальмоскопия</li>\n<li>* Магний</li>\n<li>* Фосфор</li>\n</ul>\n<p>Оценка слуха:</p>\n<ul>\n<li>* Отоскопия</li>\n</ul>\n<p>Оценка щитовидной железы:</p>\n<ul>\n<li>* Аудиометрия</li>\n<li>* УЗИ щитовидной железы</li>\n<li>* ТТГ</li>\n</ul>', 1, 4, '2021-06-04 08:29:00', '2021-07-02 09:45:04'),
(13, 3, 'Здоровая печень', 'checkups\\June2021\\vp7WZ4QomY4RuIw4ePg1.png', '<p>Консультация врача:</p>\n<ul>\n<li>* Опрос</li>\n<li>* Сбор анамнеза (жизни, заболевания)</li>\n</ul>\n<p>Антропометрия:</p>\n<ul>\n<li>* Рост, Вес, ИМТ</li>\n<li>* Композиция массы тела (жировая и мышечная масса)</li>\n</ul>\n<p>Жизненные показатели:</p>\n<ul>\n<li>* Пульс</li>\n<li>* Сатурация кислорода</li>\n<li>* Температура тела</li>\n<li>* Артериальное давление</li>\n<li>* Частота дыхательных движений</li>\n</ul>\n<p>Оценка здоровья персональным врачом по стандарту Stanford25:</p>\n<ul>\n<li>* Оценка мышечно-суставной системы</li>\n<li>* УЗДГ сосудов шеи</li>\n<li>* Оценка неврологического статуса (черепно-мозговые нервы, чувствительность)</li>\n</ul>', '<p>Тесты на остеопороз:</p>\n<ul>\n<li>*Консультация 2-х узких специалистов (по назначению врача)</li>\n</ul>\n<p>Оценка зрения:</p>\n<ul>\n<li>* Кальций общий</li>\n<li>* Измерение остроты зрения Электролиты</li>\n<li>* Офтальмоскопия</li>\n<li>* Магний</li>\n<li>* Фосфор</li>\n</ul>\n<p>Оценка слуха:</p>\n<ul>\n<li>* Отоскопия</li>\n</ul>\n<p>Оценка щитовидной железы:</p>\n<ul>\n<li>* Аудиометрия</li>\n<li>* УЗИ щитовидной железы</li>\n<li>* ТТГ</li>\n</ul>', 1, 5, '2021-06-04 08:29:00', '2021-06-04 08:37:12'),
(14, 3, 'Проверься на диабет', 'checkups\\June2021\\pdZkqFhQzag880LCxke6.png', '<p>Консультация врача:</p>\n<ul>\n<li>* Опрос</li>\n<li>* Сбор анамнеза (жизни, заболевания)</li>\n</ul>\n<p>Антропометрия:</p>\n<ul>\n<li>* Рост, Вес, ИМТ</li>\n<li>* Композиция массы тела (жировая и мышечная масса)</li>\n</ul>\n<p>Жизненные показатели:</p>\n<ul>\n<li>* Пульс</li>\n<li>* Сатурация кислорода</li>\n<li>* Температура тела</li>\n<li>* Артериальное давление</li>\n<li>* Частота дыхательных движений</li>\n</ul>\n<p>Оценка здоровья персональным врачом по стандарту Stanford25:</p>\n<ul>\n<li>* Оценка мышечно-суставной системы</li>\n<li>* УЗДГ сосудов шеи</li>\n<li>* Оценка неврологического статуса (черепно-мозговые нервы, чувствительность)</li>\n</ul>', '<p>Тесты на остеопороз:</p>\n<ul>\n<li>*Консультация 2-х узких специалистов (по назначению врача)</li>\n</ul>\n<p>Оценка зрения:</p>\n<ul>\n<li>* Кальций общий</li>\n<li>* Измерение остроты зрения Электролиты</li>\n<li>* Офтальмоскопия</li>\n<li>* Магний</li>\n<li>* Фосфор</li>\n</ul>\n<p>Оценка слуха:</p>\n<ul>\n<li>* Отоскопия</li>\n</ul>\n<p>Оценка щитовидной железы:</p>\n<ul>\n<li>* Аудиометрия</li>\n<li>* УЗИ щитовидной железы</li>\n<li>* ТТГ</li>\n</ul>', 1, 6, '2021-06-04 08:29:00', '2021-06-04 08:37:21'),
(15, 3, 'Проверься на паразиты', 'checkups\\June2021\\8QadHCwwJKYMoHoDHYo1.png', '<p>Консультация врача:</p>\n<ul>\n<li>* Опрос</li>\n<li>* Сбор анамнеза (жизни, заболевания)</li>\n</ul>\n<p>Антропометрия:</p>\n<ul>\n<li>* Рост, Вес, ИМТ</li>\n<li>* Композиция массы тела (жировая и мышечная масса)</li>\n</ul>\n<p>Жизненные показатели:</p>\n<ul>\n<li>* Пульс</li>\n<li>* Сатурация кислорода</li>\n<li>* Температура тела</li>\n<li>* Артериальное давление</li>\n<li>* Частота дыхательных движений</li>\n</ul>\n<p>Оценка здоровья персональным врачом по стандарту Stanford25:</p>\n<ul>\n<li>* Оценка мышечно-суставной системы</li>\n<li>* УЗДГ сосудов шеи</li>\n<li>* Оценка неврологического статуса (черепно-мозговые нервы, чувствительность)</li>\n</ul>', '<p>Тесты на остеопороз:</p>\n<ul>\n<li>*Консультация 2-х узких специалистов (по назначению врача)</li>\n</ul>\n<p>Оценка зрения:</p>\n<ul>\n<li>* Кальций общий</li>\n<li>* Измерение остроты зрения Электролиты</li>\n<li>* Офтальмоскопия</li>\n<li>* Магний</li>\n<li>* Фосфор</li>\n</ul>\n<p>Оценка слуха:</p>\n<ul>\n<li>* Отоскопия</li>\n</ul>\n<p>Оценка щитовидной железы:</p>\n<ul>\n<li>* Аудиометрия</li>\n<li>* УЗИ щитовидной железы</li>\n<li>* ТТГ</li>\n</ul>', 1, 7, '2021-06-04 08:29:00', '2021-06-04 08:37:31'),
(16, 3, 'Оценка костной системы', 'checkups\\June2021\\ZG8bj8yKvpPpebdMd0dj.png', '<p>Консультация врача:</p>\n<ul>\n<li>* Опрос</li>\n<li>* Сбор анамнеза (жизни, заболевания)</li>\n</ul>\n<p>Антропометрия:</p>\n<ul>\n<li>* Рост, Вес, ИМТ</li>\n<li>* Композиция массы тела (жировая и мышечная масса)</li>\n</ul>\n<p>Жизненные показатели:</p>\n<ul>\n<li>* Пульс</li>\n<li>* Сатурация кислорода</li>\n<li>* Температура тела</li>\n<li>* Артериальное давление</li>\n<li>* Частота дыхательных движений</li>\n</ul>\n<p>Оценка здоровья персональным врачом по стандарту Stanford25:</p>\n<ul>\n<li>* Оценка мышечно-суставной системы</li>\n<li>* УЗДГ сосудов шеи</li>\n<li>* Оценка неврологического статуса (черепно-мозговые нервы, чувствительность)</li>\n</ul>', '<p>Тесты на остеопороз:</p>\n<ul>\n<li>*Консультация 2-х узких специалистов (по назначению врача)</li>\n</ul>\n<p>Оценка зрения:</p>\n<ul>\n<li>* Кальций общий</li>\n<li>* Измерение остроты зрения Электролиты</li>\n<li>* Офтальмоскопия</li>\n<li>* Магний</li>\n<li>* Фосфор</li>\n</ul>\n<p>Оценка слуха:</p>\n<ul>\n<li>* Отоскопия</li>\n</ul>\n<p>Оценка щитовидной железы:</p>\n<ul>\n<li>* Аудиометрия</li>\n<li>* УЗИ щитовидной железы</li>\n<li>* ТТГ</li>\n</ul>', 1, 8, '2021-06-04 08:29:00', '2021-06-04 08:37:40'),
(17, 3, 'Оценка суставной системы', 'checkups\\June2021\\pMYB2XvT2F11ZrzMmwB5.png', '<p>Консультация врача:</p>\n<ul>\n<li>* Опрос</li>\n<li>* Сбор анамнеза (жизни, заболевания)</li>\n</ul>\n<p>Антропометрия:</p>\n<ul>\n<li>* Рост, Вес, ИМТ</li>\n<li>* Композиция массы тела (жировая и мышечная масса)</li>\n</ul>\n<p>Жизненные показатели:</p>\n<ul>\n<li>* Пульс</li>\n<li>* Сатурация кислорода</li>\n<li>* Температура тела</li>\n<li>* Артериальное давление</li>\n<li>* Частота дыхательных движений</li>\n</ul>\n<p>Оценка здоровья персональным врачом по стандарту Stanford25:</p>\n<ul>\n<li>* Оценка мышечно-суставной системы</li>\n<li>* УЗДГ сосудов шеи</li>\n<li>* Оценка неврологического статуса (черепно-мозговые нервы, чувствительность)</li>\n</ul>', '<p>Тесты на остеопороз:</p>\n<ul>\n<li>*Консультация 2-х узких специалистов (по назначению врача)</li>\n</ul>\n<p>Оценка зрения:</p>\n<ul>\n<li>* Кальций общий</li>\n<li>* Измерение остроты зрения Электролиты</li>\n<li>* Офтальмоскопия</li>\n<li>* Магний</li>\n<li>* Фосфор</li>\n</ul>\n<p>Оценка слуха:</p>\n<ul>\n<li>* Отоскопия</li>\n</ul>\n<p>Оценка щитовидной железы:</p>\n<ul>\n<li>* Аудиометрия</li>\n<li>* УЗИ щитовидной железы</li>\n<li>* ТТГ</li>\n</ul>', 1, 9, '2021-06-04 08:29:00', '2021-06-04 08:37:49');
INSERT INTO `checkups` (`id`, `type_id`, `title`, `image`, `content_1`, `content_2`, `status`, `sort_id`, `created_at`, `updated_at`) VALUES
(18, 3, 'Оценка сердечно-сосуд. системы', 'checkups\\June2021\\q2rZhAKW0D3b9RBmJowM.png', '<p>Консультация врача:</p>\n<ul>\n<li>* Опрос</li>\n<li>* Сбор анамнеза (жизни, заболевания)</li>\n</ul>\n<p>Антропометрия:</p>\n<ul>\n<li>* Рост, Вес, ИМТ</li>\n<li>* Композиция массы тела (жировая и мышечная масса)</li>\n</ul>\n<p>Жизненные показатели:</p>\n<ul>\n<li>* Пульс</li>\n<li>* Сатурация кислорода</li>\n<li>* Температура тела</li>\n<li>* Артериальное давление</li>\n<li>* Частота дыхательных движений</li>\n</ul>\n<p>Оценка здоровья персональным врачом по стандарту Stanford25:</p>\n<ul>\n<li>* Оценка мышечно-суставной системы</li>\n<li>* УЗДГ сосудов шеи</li>\n<li>* Оценка неврологического статуса (черепно-мозговые нервы, чувствительность)</li>\n</ul>', '<p>Тесты на остеопороз:</p>\n<ul>\n<li>*Консультация 2-х узких специалистов (по назначению врача)</li>\n</ul>\n<p>Оценка зрения:</p>\n<ul>\n<li>* Кальций общий</li>\n<li>* Измерение остроты зрения Электролиты</li>\n<li>* Офтальмоскопия</li>\n<li>* Магний</li>\n<li>* Фосфор</li>\n</ul>\n<p>Оценка слуха:</p>\n<ul>\n<li>* Отоскопия</li>\n</ul>\n<p>Оценка щитовидной железы:</p>\n<ul>\n<li>* Аудиометрия</li>\n<li>* УЗИ щитовидной железы</li>\n<li>* ТТГ</li>\n</ul>', 1, 10, '2021-06-04 08:29:00', '2021-06-04 08:37:59'),
(19, 3, 'Щитовидная железа', 'checkups\\June2021\\vs2OwYT08Vn1Nd7mEwzh.png', '<p>Консультация врача:</p>\n<ul>\n<li>* Опрос</li>\n<li>* Сбор анамнеза (жизни, заболевания)</li>\n</ul>\n<p>Антропометрия:</p>\n<ul>\n<li>* Рост, Вес, ИМТ</li>\n<li>* Композиция массы тела (жировая и мышечная масса)</li>\n</ul>\n<p>Жизненные показатели:</p>\n<ul>\n<li>* Пульс</li>\n<li>* Сатурация кислорода</li>\n<li>* Температура тела</li>\n<li>* Артериальное давление</li>\n<li>* Частота дыхательных движений</li>\n</ul>\n<p>Оценка здоровья персональным врачом по стандарту Stanford25:</p>\n<ul>\n<li>* Оценка мышечно-суставной системы</li>\n<li>* УЗДГ сосудов шеи</li>\n<li>* Оценка неврологического статуса (черепно-мозговые нервы, чувствительность)</li>\n</ul>', '<p>Тесты на остеопороз:</p>\n<ul>\n<li>*Консультация 2-х узких специалистов (по назначению врача)</li>\n</ul>\n<p>Оценка зрения:</p>\n<ul>\n<li>* Кальций общий</li>\n<li>* Измерение остроты зрения Электролиты</li>\n<li>* Офтальмоскопия</li>\n<li>* Магний</li>\n<li>* Фосфор</li>\n</ul>\n<p>Оценка слуха:</p>\n<ul>\n<li>* Отоскопия</li>\n</ul>\n<p>Оценка щитовидной железы:</p>\n<ul>\n<li>* Аудиометрия</li>\n<li>* УЗИ щитовидной железы</li>\n<li>* ТТГ</li>\n</ul>', 1, 11, '2021-06-04 08:29:00', '2021-06-04 08:38:10'),
(20, 3, 'Онкопрофиль женский', 'checkups\\June2021\\v0xAKGA8oFdgkxNUuXV1.png', '<p>Консультация врача:</p>\n<ul>\n<li>* Опрос</li>\n<li>* Сбор анамнеза (жизни, заболевания)</li>\n</ul>\n<p>Антропометрия:</p>\n<ul>\n<li>* Рост, Вес, ИМТ</li>\n<li>* Композиция массы тела (жировая и мышечная масса)</li>\n</ul>\n<p>Жизненные показатели:</p>\n<ul>\n<li>* Пульс</li>\n<li>* Сатурация кислорода</li>\n<li>* Температура тела</li>\n<li>* Артериальное давление</li>\n<li>* Частота дыхательных движений</li>\n</ul>\n<p>Оценка здоровья персональным врачом по стандарту Stanford25:</p>\n<ul>\n<li>* Оценка мышечно-суставной системы</li>\n<li>* УЗДГ сосудов шеи</li>\n<li>* Оценка неврологического статуса (черепно-мозговые нервы, чувствительность)</li>\n</ul>', '<p>Тесты на остеопороз:</p>\n<ul>\n<li>*Консультация 2-х узких специалистов (по назначению врача)</li>\n</ul>\n<p>Оценка зрения:</p>\n<ul>\n<li>* Кальций общий</li>\n<li>* Измерение остроты зрения Электролиты</li>\n<li>* Офтальмоскопия</li>\n<li>* Магний</li>\n<li>* Фосфор</li>\n</ul>\n<p>Оценка слуха:</p>\n<ul>\n<li>* Отоскопия</li>\n</ul>\n<p>Оценка щитовидной железы:</p>\n<ul>\n<li>* Аудиометрия</li>\n<li>* УЗИ щитовидной железы</li>\n<li>* ТТГ</li>\n</ul>', 1, 12, '2021-06-04 08:29:00', '2021-06-04 08:38:21'),
(21, 3, 'Онкопрофиль мужской', 'checkups\\June2021\\PNfRZanSTbFX6Twa2q82.png', '<p>Консультация врача:</p>\n<ul>\n<li>* Опрос</li>\n<li>* Сбор анамнеза (жизни, заболевания)</li>\n</ul>\n<p>Антропометрия:</p>\n<ul>\n<li>* Рост, Вес, ИМТ</li>\n<li>* Композиция массы тела (жировая и мышечная масса)</li>\n</ul>\n<p>Жизненные показатели:</p>\n<ul>\n<li>* Пульс</li>\n<li>* Сатурация кислорода</li>\n<li>* Температура тела</li>\n<li>* Артериальное давление</li>\n<li>* Частота дыхательных движений</li>\n</ul>\n<p>Оценка здоровья персональным врачом по стандарту Stanford25:</p>\n<ul>\n<li>* Оценка мышечно-суставной системы</li>\n<li>* УЗДГ сосудов шеи</li>\n<li>* Оценка неврологического статуса (черепно-мозговые нервы, чувствительность)</li>\n</ul>', '<p>Тесты на остеопороз:</p>\n<ul>\n<li>*Консультация 2-х узких специалистов (по назначению врача)</li>\n</ul>\n<p>Оценка зрения:</p>\n<ul>\n<li>* Кальций общий</li>\n<li>* Измерение остроты зрения Электролиты</li>\n<li>* Офтальмоскопия</li>\n<li>* Магний</li>\n<li>* Фосфор</li>\n</ul>\n<p>Оценка слуха:</p>\n<ul>\n<li>* Отоскопия</li>\n</ul>\n<p>Оценка щитовидной железы:</p>\n<ul>\n<li>* Аудиометрия</li>\n<li>* УЗИ щитовидной железы</li>\n<li>* ТТГ</li>\n</ul>', 1, 13, '2021-06-04 08:29:00', '2021-06-04 08:38:31'),
(22, 3, 'Забота о себеи близких (ИППП)', 'checkups\\June2021\\bkMNtIEOnE5bedgZULQH.png', '<p>Консультация врача:</p>\n<ul>\n<li>* Опрос</li>\n<li>* Сбор анамнеза (жизни, заболевания)</li>\n</ul>\n<p>Антропометрия:</p>\n<ul>\n<li>* Рост, Вес, ИМТ</li>\n<li>* Композиция массы тела (жировая и мышечная масса)</li>\n</ul>\n<p>Жизненные показатели:</p>\n<ul>\n<li>* Пульс</li>\n<li>* Сатурация кислорода</li>\n<li>* Температура тела</li>\n<li>* Артериальное давление</li>\n<li>* Частота дыхательных движений</li>\n</ul>\n<p>Оценка здоровья персональным врачом по стандарту Stanford25:</p>\n<ul>\n<li>* Оценка мышечно-суставной системы</li>\n<li>* УЗДГ сосудов шеи</li>\n<li>* Оценка неврологического статуса (черепно-мозговые нервы, чувствительность)</li>\n</ul>', '<p>Тесты на остеопороз:</p>\n<ul>\n<li>*Консультация 2-х узких специалистов (по назначению врача)</li>\n</ul>\n<p>Оценка зрения:</p>\n<ul>\n<li>* Кальций общий</li>\n<li>* Измерение остроты зрения Электролиты</li>\n<li>* Офтальмоскопия</li>\n<li>* Магний</li>\n<li>* Фосфор</li>\n</ul>\n<p>Оценка слуха:</p>\n<ul>\n<li>* Отоскопия</li>\n</ul>\n<p>Оценка щитовидной железы:</p>\n<ul>\n<li>* Аудиометрия</li>\n<li>* УЗИ щитовидной железы</li>\n<li>* ТТГ</li>\n</ul>', 1, 14, '2021-06-04 08:29:00', '2021-06-04 08:38:40'),
(23, 3, 'Белые воротнички', 'checkups\\June2021\\lmqKqRyfxflpxjvaTffB.png', '<p>Консультация врача:</p>\n<ul>\n<li>* Опрос</li>\n<li>* Сбор анамнеза (жизни, заболевания)</li>\n</ul>\n<p>Антропометрия:</p>\n<ul>\n<li>* Рост, Вес, ИМТ</li>\n<li>* Композиция массы тела (жировая и мышечная масса)</li>\n</ul>\n<p>Жизненные показатели:</p>\n<ul>\n<li>* Пульс</li>\n<li>* Сатурация кислорода</li>\n<li>* Температура тела</li>\n<li>* Артериальное давление</li>\n<li>* Частота дыхательных движений</li>\n</ul>\n<p>Оценка здоровья персональным врачом по стандарту Stanford25:</p>\n<ul>\n<li>* Оценка мышечно-суставной системы</li>\n<li>* УЗДГ сосудов шеи</li>\n<li>* Оценка неврологического статуса (черепно-мозговые нервы, чувствительность)</li>\n</ul>', '<p>Тесты на остеопороз:</p>\n<ul>\n<li>*Консультация 2-х узких специалистов (по назначению врача)</li>\n</ul>\n<p>Оценка зрения:</p>\n<ul>\n<li>* Кальций общий</li>\n<li>* Измерение остроты зрения Электролиты</li>\n<li>* Офтальмоскопия</li>\n<li>* Магний</li>\n<li>* Фосфор</li>\n</ul>\n<p>Оценка слуха:</p>\n<ul>\n<li>* Отоскопия</li>\n</ul>\n<p>Оценка щитовидной железы:</p>\n<ul>\n<li>* Аудиометрия</li>\n<li>* УЗИ щитовидной железы</li>\n<li>* ТТГ</li>\n</ul>', 1, 15, '2021-06-04 08:29:00', '2021-06-04 08:38:53'),
(24, 3, 'Lorem Ipsum', 'checkups\\June2021\\EUI6eOG6H4rQklIGuif3.png', '<p>Консультация врача:</p>\n<ul>\n<li>* Опрос</li>\n<li>* Сбор анамнеза (жизни, заболевания)</li>\n</ul>\n<p>Антропометрия:</p>\n<ul>\n<li>* Рост, Вес, ИМТ</li>\n<li>* Композиция массы тела (жировая и мышечная масса)</li>\n</ul>\n<p>Жизненные показатели:</p>\n<ul>\n<li>* Пульс</li>\n<li>* Сатурация кислорода</li>\n<li>* Температура тела</li>\n<li>* Артериальное давление</li>\n<li>* Частота дыхательных движений</li>\n</ul>\n<p>Оценка здоровья персональным врачом по стандарту Stanford25:</p>\n<ul>\n<li>* Оценка мышечно-суставной системы</li>\n<li>* УЗДГ сосудов шеи</li>\n<li>* Оценка неврологического статуса (черепно-мозговые нервы, чувствительность)</li>\n</ul>', '<p>Тесты на остеопороз:</p>\n<ul>\n<li>*Консультация 2-х узких специалистов (по назначению врача)</li>\n</ul>\n<p>Оценка зрения:</p>\n<ul>\n<li>* Кальций общий</li>\n<li>* Измерение остроты зрения Электролиты</li>\n<li>* Офтальмоскопия</li>\n<li>* Магний</li>\n<li>* Фосфор</li>\n</ul>\n<p>Оценка слуха:</p>\n<ul>\n<li>* Отоскопия</li>\n</ul>\n<p>Оценка щитовидной железы:</p>\n<ul>\n<li>* Аудиометрия</li>\n<li>* УЗИ щитовидной железы</li>\n<li>* ТТГ</li>\n</ul>', 1, 16, '2021-06-04 08:29:00', '2021-06-04 08:39:07'),
(25, 3, 'Lorem Ipsum', 'checkups\\June2021\\2oSFslYMdDLB15z8XXnH.png', '<p>Консультация врача:</p>\n<ul>\n<li>* Опрос</li>\n<li>* Сбор анамнеза (жизни, заболевания)</li>\n</ul>\n<p>Антропометрия:</p>\n<ul>\n<li>* Рост, Вес, ИМТ</li>\n<li>* Композиция массы тела (жировая и мышечная масса)</li>\n</ul>\n<p>Жизненные показатели:</p>\n<ul>\n<li>* Пульс</li>\n<li>* Сатурация кислорода</li>\n<li>* Температура тела</li>\n<li>* Артериальное давление</li>\n<li>* Частота дыхательных движений</li>\n</ul>\n<p>Оценка здоровья персональным врачом по стандарту Stanford25:</p>\n<ul>\n<li>* Оценка мышечно-суставной системы</li>\n<li>* УЗДГ сосудов шеи</li>\n<li>* Оценка неврологического статуса (черепно-мозговые нервы, чувствительность)</li>\n</ul>', '<p>Тесты на остеопороз:</p>\n<ul>\n<li>*Консультация 2-х узких специалистов (по назначению врача)</li>\n</ul>\n<p>Оценка зрения:</p>\n<ul>\n<li>* Кальций общий</li>\n<li>* Измерение остроты зрения Электролиты</li>\n<li>* Офтальмоскопия</li>\n<li>* Магний</li>\n<li>* Фосфор</li>\n</ul>\n<p>Оценка слуха:</p>\n<ul>\n<li>* Отоскопия</li>\n</ul>\n<p>Оценка щитовидной железы:</p>\n<ul>\n<li>* Аудиометрия</li>\n<li>* УЗИ щитовидной железы</li>\n<li>* ТТГ</li>\n</ul>', 1, 17, '2021-06-04 08:29:00', '2021-06-04 08:39:17');

-- --------------------------------------------------------

--
-- Структура таблицы `checkup_faqs`
--

CREATE TABLE `checkup_faqs` (
  `id` bigint(20) UNSIGNED NOT NULL,
  `type_id` int(11) NOT NULL,
  `title` varchar(191) COLLATE utf8mb4_unicode_ci NOT NULL,
  `content` longtext COLLATE utf8mb4_unicode_ci,
  `status` tinyint(1) NOT NULL DEFAULT '1',
  `sort_id` int(11) NOT NULL DEFAULT '1',
  `created_at` timestamp NULL DEFAULT NULL,
  `updated_at` timestamp NULL DEFAULT NULL
) ENGINE=InnoDB DEFAULT CHARSET=utf8mb4 COLLATE=utf8mb4_unicode_ci;

--
-- Дамп данных таблицы `checkup_faqs`
--

INSERT INTO `checkup_faqs` (`id`, `type_id`, `title`, `content`, `status`, `sort_id`, `created_at`, `updated_at`) VALUES
(1, 1, 'Что такое check up диагностика?', '<p><span style=\"color: #000000; font-family: \'Helvetica Neue\', Helvetica, Arial, sans-serif;\">Check-up &mdash; это профилактическое обследование всех систем и функций организма. В зависимости от возраста, индивидуальных особенностей организма, отнесения пациента к группам риска и других факторов, HealthCity предлагает своим клиентам индивидуальный график прохождения диагностических обследований.</span></p>\n<p><span style=\"color: #000000; font-family: \'Helvetica Neue\', Helvetica, Arial, sans-serif;\"> Всемирная организация здравоохранения (ВОЗ) рекомендует проходить комплексную диагностику организма ежегодно всем людям, даже если к обращению к врачам нет видимых предпосылок. Общепринято, что ежегодное обследование показано всем людям, достигшим 30-летнего возраста.</span></p>', 1, 1, '2021-06-04 13:28:00', '2021-08-18 09:16:01'),
(2, 1, 'Сколько стоит и сколько времени занимает Check-up?', '<p><span style=\"color: #000000; font-family: \'Helvetica Neue\', Helvetica, Arial, sans-serif;\">Нами предлагается пять пакетов Программы Executive Diagnostic CheckUp: Basic, Bronze, Silver, Gold и Platinum. Их стоимость варьирует от 67 600 (Basic) до 536 470 тенге (Platinum) в зависимости объема и технологической сложности пакета, а также половой принадлежности и индивидуальных особенностей пациента. Соответственно, длительность обследований варьирует от 30 минут до 6 часов.</span></p>', 1, 2, '2021-06-04 13:28:00', '2021-08-18 09:30:14'),
(3, 1, 'Что вы получаете при покупке программы?', '<p><span style=\"color: #000000; font-family: \'Helvetica Neue\', Helvetica, Arial, sans-serif;\">Целью Программы &nbsp;CheckUp является проведение наиболее полной и точной оценки общего состояния здоровья, основанной на комплексном осмотре врачей, подкрепленной самыми передовыми неинвазивными диагностическими технологиями.</span></p>\n<p><span style=\"color: #000000; font-family: \'Helvetica Neue\', Helvetica, Arial, sans-serif;\">Данная Программа предназначена для проведения комплексного скрининга на обширный круг возможных заболеваний.</span></p>\n<p><span style=\"color: #000000; font-family: \'Helvetica Neue\', Helvetica, Arial, sans-serif;\">Важность подобных профилактических обследований заключается в том, что выявление заболевания на ранней стадии позволяет добиться выздоровления с гораздо большей вероятностью, за более короткое время и с меньшими расходами. Недостаточное внимание к своему здоровью часто приводит к выявлению серьезных заболеваний на таких стадиях, когда лечение является крайне сложным.</span></p>', 1, 3, '2021-06-04 13:29:00', '2021-08-18 09:19:35'),
(4, 2, 'Что такое check up диагностика?', '<p><span style=\"color: #000000; font-family: \'Helvetica Neue\', Helvetica, Arial, sans-serif;\">Check-up &mdash; это профилактическое обследование всех систем и функций организма. В зависимости от возраста, индивидуальных особенностей организма, отнесения пациента к группам риска и других факторов, HealthCity предлагает своим клиентам индивидуальный график прохождения диагностических обследований. </span></p>\n<p><span style=\"color: #000000; font-family: \'Helvetica Neue\', Helvetica, Arial, sans-serif;\">Всемирная организация здравоохранения (ВОЗ) рекомендует проходить комплексную диагностику организма ежегодно всем людям, даже если к обращению к врачам нет видимых предпосылок. Общепринято, что ежегодное обследование показано всем людям, достигшим 30-летнего возраста.</span></p>', 1, 1, '2021-06-04 13:28:00', '2021-08-18 09:15:21'),
(5, 2, 'Сколько стоит и сколько времени занимает Check-up?', '', 1, 2, '2021-06-04 13:28:00', '2021-08-18 09:29:52'),
(6, 2, 'Что вы получаете при покупке программы?', '<p><span style=\"color: #000000; font-family: \'Helvetica Neue\', Helvetica, Arial, sans-serif;\">Целью Программы &nbsp;CheckUp является проведение наиболее полной и точной оценки общего состояния здоровья, основанной на комплексном осмотре врачей, подкрепленной самыми передовыми неинвазивными диагностическими технологиями. </span></p>\n<p><span style=\"color: #000000; font-family: \'Helvetica Neue\', Helvetica, Arial, sans-serif;\">Данная Программа предназначена для проведения комплексного скрининга на обширный круг возможных заболеваний.</span></p>\n<p><span style=\"color: #000000; font-family: \'Helvetica Neue\', Helvetica, Arial, sans-serif;\">Важность подобных профилактических обследований заключается в том, что выявление заболевания на ранней стадии позволяет добиться выздоровления с гораздо большей вероятностью, за более короткое время и с меньшими расходами. Недостаточное внимание к своему здоровью часто приводит к выявлению серьезных заболеваний на таких стадиях, когда лечение является крайне сложным.</span></p>', 1, 3, '2021-06-04 13:29:00', '2021-08-18 09:19:22'),
(7, 3, 'Что такое check up диагностика?', '<p><span style=\"color: #000000; font-family: \'Helvetica Neue\', Helvetica, Arial, sans-serif;\">Check-up &mdash; это профилактическое обследование всех систем и функций организма. В зависимости от возраста, индивидуальных особенностей организма, отнесения пациента к группам риска и других факторов, HealthCity предлагает своим клиентам индивидуальный график прохождения диагностических обследований. </span></p>\n<p><span style=\"color: #000000; font-family: \'Helvetica Neue\', Helvetica, Arial, sans-serif;\">Всемирная организация здравоохранения (ВОЗ) рекомендует проходить комплексную диагностику организма ежегодно всем людям, даже если к обращению к врачам нет видимых предпосылок. Общепринято, что ежегодное обследование показано всем людям, достигшим 30-летнего возраста.</span></p>', 1, 1, '2021-06-04 13:28:00', '2021-08-18 09:16:31'),
(8, 3, 'Сколько стоит и сколько времени занимает Check-up?', '<p><span style=\"color: #000000; font-family: \'Helvetica Neue\', Helvetica, Arial, sans-serif;\">Нами предлагается пять пакетов Программы Executive Diagnostic CheckUp: Basic, Bronze, Silver, Gold и Platinum. Их стоимость варьирует от 67 600 (Basic) до 536 470 тенге (Platinum) в зависимости объема и технологической сложности пакета, а также половой принадлежности и индивидуальных особенностей пациента. Соответственно, длительность обследований варьирует от 30 минут до 6 часов.</span></p>\n<p>&nbsp;</p>', 1, 2, '2021-06-04 13:28:00', '2021-08-18 09:30:45'),
(9, 3, 'Что вы получаете при покупке программы?', '<p><span style=\"color: #000000; font-family: \'Helvetica Neue\', Helvetica, Arial, sans-serif;\">Целью Программы &nbsp;CheckUp является проведение наиболее полной и точной оценки общего состояния здоровья, основанной на комплексном осмотре врачей, подкрепленной самыми передовыми неинвазивными диагностическими технологиями.</span></p>\n<p><span style=\"color: #000000; font-family: \'Helvetica Neue\', Helvetica, Arial, sans-serif;\">Данная Программа предназначена для проведения комплексного скрининга на обширный круг возможных заболеваний.</span></p>\n<p><span style=\"color: #000000; font-family: \'Helvetica Neue\', Helvetica, Arial, sans-serif;\">Важность подобных профилактических обследований заключается в том, что выявление заболевания на ранней стадии позволяет добиться выздоровления с гораздо большей вероятностью, за более короткое время и с меньшими расходами. Недостаточное внимание к своему здоровью часто приводит к выявлению серьезных заболеваний на таких стадиях, когда лечение является крайне сложным.</span></p>', 1, 3, '2021-06-04 13:29:00', '2021-08-18 09:21:20');

-- --------------------------------------------------------

--
-- Структура таблицы `checkup_prices`
--

CREATE TABLE `checkup_prices` (
  `id` bigint(20) UNSIGNED NOT NULL,
  `type_id` int(11) NOT NULL,
  `title` varchar(191) COLLATE utf8mb4_unicode_ci DEFAULT NULL,
  `price` int(11) NOT NULL DEFAULT '0',
  `status` tinyint(1) NOT NULL DEFAULT '1',
  `sort_id` int(11) NOT NULL DEFAULT '1',
  `created_at` timestamp NULL DEFAULT NULL,
  `updated_at` timestamp NULL DEFAULT NULL
) ENGINE=InnoDB DEFAULT CHARSET=utf8mb4 COLLATE=utf8mb4_unicode_ci;

--
-- Дамп данных таблицы `checkup_prices`
--

INSERT INTO `checkup_prices` (`id`, `type_id`, `title`, `price`, `status`, `sort_id`, `created_at`, `updated_at`) VALUES
(1, 1, 'Мужской check up', 494560, 1, 1, '2021-06-04 13:25:00', '2021-06-29 03:33:51'),
(2, 1, 'Женский check up', 536470, 1, 2, '2021-06-04 13:26:00', '2021-06-29 03:33:54'),
(3, 2, 'Мужской check up', 386430, 1, 1, '2021-06-04 13:26:00', '2021-06-29 03:35:54'),
(4, 2, 'Женский check up', 430540, 1, 2, '2021-06-04 13:27:00', '2021-06-29 03:40:54'),
(5, 3, 'Мужской check up', 217470, 1, 1, '2021-06-04 13:26:00', '2021-06-29 03:36:31'),
(6, 3, 'Женский check up', 263340, 1, 2, '2021-06-04 13:27:00', '2021-06-29 03:40:22'),
(7, 4, 'Мужской check up', 84100, 1, 1, '2021-06-04 13:26:00', '2021-06-29 03:36:58'),
(8, 4, 'Женский check up', 115300, 1, 2, '2021-06-04 13:27:00', '2021-06-29 03:39:21'),
(9, 5, 'Мужской check up', 67600, 1, 1, '2021-06-04 13:26:00', '2021-06-29 03:37:45'),
(10, 5, 'Женский check up', 71100, 1, 2, '2021-06-04 13:27:00', '2021-06-29 03:38:29'),
(11, 6, '', 139260, 1, 1, '2021-06-04 13:27:00', '2021-06-29 03:43:56'),
(12, 7, '', 86350, 1, 1, '2021-06-04 13:27:00', '2021-06-29 03:43:24'),
(13, 8, '', 33100, 1, 1, '2021-06-04 13:27:00', '2021-06-29 03:42:28'),
(14, 9, '', 15000, 1, 1, '2021-06-04 13:32:31', '2021-06-04 13:32:31'),
(15, 10, '', 16000, 1, 1, '2021-06-04 13:32:31', '2021-06-04 13:32:31'),
(16, 11, '', 22000, 1, 1, '2021-06-04 13:32:31', '2021-06-04 13:32:31'),
(17, 12, '', 16000, 1, 1, '2021-06-04 13:32:31', '2021-06-04 13:32:31'),
(18, 13, '', 20000, 1, 1, '2021-06-04 13:32:31', '2021-06-04 13:32:31'),
(19, 14, '', 16000, 1, 1, '2021-06-04 13:32:31', '2021-06-04 13:32:31'),
(20, 15, '', 21000, 1, 1, '2021-06-04 13:32:31', '2021-06-04 13:32:31'),
(21, 16, '', 16000, 1, 1, '2021-06-04 13:32:31', '2021-06-04 13:32:31'),
(22, 17, '', 17000, 1, 1, '2021-06-04 13:32:31', '2021-06-04 13:32:31'),
(23, 18, '', 16000, 1, 1, '2021-06-04 13:32:31', '2021-06-04 13:32:31'),
(24, 19, '', 15000, 1, 1, '2021-06-04 13:32:31', '2021-06-04 13:32:31'),
(25, 20, '', 26000, 1, 1, '2021-06-04 13:32:31', '2021-06-04 13:32:31'),
(26, 21, '', 24000, 1, 1, '2021-06-04 13:32:31', '2021-06-04 13:32:31'),
(27, 22, '', 22500, 1, 1, '2021-06-04 13:32:31', '2021-06-04 13:32:31'),
(28, 23, '', 25500, 1, 1, '2021-06-04 13:32:31', '2021-06-04 13:32:31'),
(29, 24, '', 15500, 1, 1, '2021-06-04 13:32:31', '2021-06-04 13:32:31'),
(30, 25, '', 18500, 1, 1, '2021-06-04 13:32:31', '2021-06-04 13:32:31');

-- --------------------------------------------------------

--
-- Структура таблицы `checkup_types`
--

CREATE TABLE `checkup_types` (
  `id` bigint(20) UNSIGNED NOT NULL,
  `title` varchar(191) COLLATE utf8mb4_unicode_ci NOT NULL,
  `subtitle` varchar(191) COLLATE utf8mb4_unicode_ci NOT NULL,
  `description` text COLLATE utf8mb4_unicode_ci,
  `content_1` longtext COLLATE utf8mb4_unicode_ci,
  `content_2` longtext COLLATE utf8mb4_unicode_ci,
  `file` varchar(191) COLLATE utf8mb4_unicode_ci DEFAULT NULL,
  `status` tinyint(1) NOT NULL DEFAULT '1',
  `sort_id` int(11) NOT NULL DEFAULT '1',
  `created_at` timestamp NULL DEFAULT NULL,
  `updated_at` timestamp NULL DEFAULT NULL
) ENGINE=InnoDB DEFAULT CHARSET=utf8mb4 COLLATE=utf8mb4_unicode_ci;

--
-- Дамп данных таблицы `checkup_types`
--

INSERT INTO `checkup_types` (`id`, `title`, `subtitle`, `description`, `content_1`, `content_2`, `file`, `status`, `sort_id`, `created_at`, `updated_at`) VALUES
(1, 'Взрослые Check-up пакеты', 'Комплексная проверка вашего здоровья за 1 день', 'Подготовка (Просим внимательно ознакомиться!) \nНапоминаем Вам, на время обследования для Вашего удобства одежда должна быть свободная (например, спортивная), без металлических вставок и замочков. Вам необходимо помнить, что накануне взятия анализа необходимо исключить: ', '<ul>\n<li>* физические нагрузки (не менее чем за 24 часа)&nbsp;</li>\n<li>* прием алкоголя (не менее чем за 24 часа)&nbsp;</li>\n<li>* жирной и газообразующей пищи (яблоки, виноград, черных хлеб), а также психологические стрессы</li>\n<li>* последний прием пищи должен быть не позднее 19:00 вечера накануне.</li>\n<li>* прийти необходимо натощак&nbsp;</li>\n<li>* утром не опорожнять мочевой пузырь (сбор мочи будет проходить в клинике), дома предварительно провести санацию половых органов.</li>\n</ul>', '<p><span style=\"color: #808080;\">Внимание:</span></p>\n<ul>\n<li><span style=\"color: #808080;\">* Также просим подготовить вопросы, которые Вы бы хотели задать врачу.</span></li>\n<li><span style=\"color: #808080;\">* Настоятельно просим не опаздывать, чтобы не нарушать весь последующий график обследований.</span></li>\n<li><span style=\"color: #808080;\">* Также во время проведения обследований просим ограничить курение.</span></li>\n</ul>', '[{\"download_link\":\"checkup-types\\/June2021\\/nZ3DnIeTDnbDRDC111aB.rar\",\"original_name\":\"Preparing for the Check up program.rar\"}]', 1, 1, '2021-06-04 07:18:00', '2021-07-15 02:41:26'),
(2, 'Детские Check-up пакеты', 'Комплексная проверка вашего здоровья за 1 день', 'Напоминаем Вам, на время обследования для Вашего удобства одежда должна быть свободная и удобная (халат и тапочки предоставляет клиника). ', '<ul>\n<li>* Не кормить ребенка утром, прийти&nbsp; &nbsp;на голодный желудок.</li>\n<li>* Ребенку необходимо провести гигиенические процедуры (подмыть).</li>\n<li>* Затем собрать среднюю порцию утренней мочи и утренний&nbsp; &nbsp;или вечерний кал. Если вечерний кал, то его необходимо разместить в контейнер, завернуть в целофановый мешочек&nbsp; &nbsp;и положить холодильник.&nbsp;</li>\n</ul>', '<p><span style=\"color: #808080;\">Внимание:</span></p>\n<ul>\n<li><span style=\"color: #808080;\">* Также просим подготовить вопросы, которые Вы бы хотели задать врачу. </span></li>\n<li><span style=\"color: #808080;\">* Настоятельно просим не опаздывать, чтобы не нарушать весь последующий график обследований. </span></li>\n<li><span style=\"color: #808080;\">* Также во время проведения обследований просим ограничить курение.</span></li>\n</ul>', '[{\"download_link\":\"checkup-types\\/June2021\\/oHz3tOXSpTGaq7zcerM7.rar\",\"original_name\":\"Preparing for the Check up program (Healthy child).rar\"}]', 1, 2, '2021-06-04 07:20:00', '2021-07-15 02:41:04'),
(3, 'Фокусные Check-up пакеты', 'Комплексная проверка вашего здоровья за 1 день', 'Подготовка к диагностическому обследованию Правильная подготовка к диагностическому обследованию служит залогом для успешного проведения Check Up и получения точных результатов:', '<ul>\n<li>* Не завтракать, не пить чай или кофе, не курить;</li>\n<li>* Не наносить кремы или лосьоны на кожу перед электрокардиограммой (ЭКГ);</li>\n<li>* Не рекомендованы физические нагрузки накануне CheckUp;</li>\n<li>* Не употреблять алкоголь за 2 дня до сдачи анализов;</li>\n<li>* Рекомендуется иметь при себе копию медицинской карты с результатами предыдущих анализов, если они сохранились;</li>\n<li>* Для проведения теста с нагрузкой необходимо иметь спортивный костюм;</li>\n<li>* Рекомендуем приходить на CheckUp без украшений.</li>\n</ul>', '<p>Внимание:</p>\n<ul>\n<li>* Утром до сдачи анализов не принимайте: гормоны, кортизоны, инсулин, кроворазжижающие (антикоагулянты), но имейте их при себе для приема после сдачи анализов.</li>\n<li>* За три дня до диагностики приостановить прием витаминов, железа, различных пищевых добавок.</li>\n<li>* Не прекращайте употребление лекарств, связанных с хроническими заболеваниями, такими как: сахарный диабет, гипертония, заболевание сердца, щитовидной железы, для снижения уровня холестерина, ревматические заболевания, психиатрические и неврологические заболевания.</li>\n<li>* Никаких физических и эмоциональных перегрузок.</li>\n</ul>', '[{\"download_link\":\"checkup-types\\/August2021\\/lC7v6nIH0Q8SiomQLWAG.\",\"original_name\":\"Preparing for the Check up program\"}]', 1, 3, '2021-06-04 07:52:00', '2021-08-16 08:47:02');

-- --------------------------------------------------------

--
-- Структура таблицы `contacts`
--

CREATE TABLE `contacts` (
  `id` bigint(20) UNSIGNED NOT NULL,
  `is_main` tinyint(1) NOT NULL DEFAULT '1',
  `type` enum('phone','graph','social','address','email','map') COLLATE utf8mb4_unicode_ci NOT NULL DEFAULT 'phone',
  `icon` varchar(191) COLLATE utf8mb4_unicode_ci DEFAULT NULL,
  `value` text COLLATE utf8mb4_unicode_ci NOT NULL,
  `link` varchar(191) COLLATE utf8mb4_unicode_ci DEFAULT NULL,
  `status` tinyint(1) NOT NULL DEFAULT '0',
  `sort_id` int(11) NOT NULL DEFAULT '0',
  `created_at` timestamp NULL DEFAULT NULL,
  `updated_at` timestamp NULL DEFAULT NULL
) ENGINE=InnoDB DEFAULT CHARSET=utf8mb4 COLLATE=utf8mb4_unicode_ci;

--
-- Дамп данных таблицы `contacts`
--

INSERT INTO `contacts` (`id`, `is_main`, `type`, `icon`, `value`, `link`, `status`, `sort_id`, `created_at`, `updated_at`) VALUES
(1, 1, 'address', 'contacts\\May2021\\Nm4sqrzQD5OCvkwPcR6o.svg', 'г. Алматы, ул. Мусабаева, д. 8', NULL, 1, 1, '2021-05-18 08:24:00', '2021-05-18 09:06:03'),
(2, 1, 'phone', 'contacts\\May2021\\3VcwiuKvuOT6ov6qEIDP.svg', '8 (727) 331 33 31', 'tel:+77273313331', 1, 1, '2021-05-18 08:25:00', '2021-05-18 08:33:58'),
(3, 1, 'phone', 'contacts\\May2021\\FDl7cORNV8UCj6YWT5aw.svg', '8 (701) 059 48 34', 'tel:+77010594834', 1, 2, '2021-05-18 08:25:00', '2021-07-08 04:57:27'),
(4, 1, 'social', 'contacts\\May2021\\afvj2VDYcHfLebiWvi7z.svg', 'Instagram', 'https://instagram.com/healthcitykz?utm_medium=copy_link', 1, 1, '2021-05-18 08:27:00', '2021-08-19 07:54:23'),
(5, 1, 'social', 'contacts\\May2021\\wO331yK9ucM98kdRqIIo.svg', 'Facebook', 'https://m.facebook.com/healthcitykz/reviews', 1, 2, '2021-05-18 08:28:00', '2021-08-19 07:54:04'),
(6, 1, 'graph', 'contacts\\May2021\\NZv2Amn1QNLrzxPvXZ3M.svg', '<ul class=\"shedule-inner__list\">\n                            <li class=\"shedule-inner__item\" data-day=\"1\"><span>Пн:</span> <span>07:00 - 20:00</span>\n                            </li>\n                            <li class=\"shedule-inner__item\" data-day=\"2\"><span>Вт:</span> <span>07:00 - 20:00</span>\n                            </li>\n                            <li class=\"shedule-inner__item\" data-day=\"3\"><span>Ср:</span> <span>07:00 - 20:00</span>\n                            </li>\n                            <li class=\"shedule-inner__item\" data-day=\"4\"><span>Чт:</span> <span>07:00 - 20:00</span>\n                            </li>\n                            <li class=\"shedule-inner__item\" data-day=\"5\"><span>Пт:</span> <span>07:00 - 20:00</span>\n                            </li>\n                            <li class=\"shedule-inner__item\" data-day=\"6\"><span>Сб:</span> <span>07:00 - 20:00</span>\n                            </li>\n                            <li class=\"shedule-inner__item\" data-day=\"0\"><span>Вс:</span> <span>Выходной</span></li>\n                            <li class=\"shedule-inner__item pre-last\"><span>Процедурный кабинет</span>\n                                <span>24/7</span></li>\n                            <li class=\"shedule-inner__item last\"><span>МРТ</span> <span>24/7</span></li>\n</ul>', NULL, 1, 1, '2021-05-18 08:30:13', '2021-05-18 08:30:13'),
(7, 1, 'email', 'contacts\\May2021\\xxNsCX53Uaridl4rvKYe.svg', 'hc@healthcity.kz', 'mailto:hc@healthcity.kz', 1, 1, '2021-05-18 08:31:00', '2021-08-25 11:50:35'),
(8, 1, 'map', NULL, ' <iframe\n                        src=\"https://www.google.com/maps/embed?pb=!1m18!1m12!1m3!1d2908.6465617326076!2d76.86577291527435!3d43.19592637913966!2m3!1f0!2f0!3f0!3m2!1i1024!2i768!4f13.1!3m3!1m2!1s0x38836863395add25%3A0xebec018eadccaeb3!2z0YPQu9C40YbQsCDQnNGD0YHQsNCx0LDQtdCy0LAsINCQ0LvQvNCw0YLRiw!5e0!3m2!1sru!2skz!4v1619588559796!5m2!1sru!2skz\"\n                        width=\"100%\" height=\"339\" style=\"border:0;\" allowfullscreen=\"\" loading=\"lazy\"></iframe>', NULL, 1, 1, '2021-05-25 02:15:48', '2021-05-25 02:15:48');

-- --------------------------------------------------------

--
-- Структура таблицы `corp_blocks`
--

CREATE TABLE `corp_blocks` (
  `id` bigint(20) UNSIGNED NOT NULL,
  `title` varchar(191) COLLATE utf8mb4_unicode_ci NOT NULL,
  `text` longtext COLLATE utf8mb4_unicode_ci,
  `status` tinyint(1) NOT NULL DEFAULT '1',
  `sort_id` int(11) NOT NULL DEFAULT '1',
  `created_at` timestamp NULL DEFAULT NULL,
  `updated_at` timestamp NULL DEFAULT NULL
) ENGINE=InnoDB DEFAULT CHARSET=utf8mb4 COLLATE=utf8mb4_unicode_ci;

--
-- Дамп данных таблицы `corp_blocks`
--

INSERT INTO `corp_blocks` (`id`, `title`, `text`, `status`, `sort_id`, `created_at`, `updated_at`) VALUES
(1, 'Программа 1 Light', '<p><img src=\"https://hc.testkz.ru/storage/corp-blocks/September2021/Программа 1.png\" alt=\"\" /></p>', 1, 1, '2021-06-10 11:52:00', '2021-09-03 08:39:46'),
(2, 'Программа 2 Middle', '<p><img src=\"https://hc.testkz.ru/storage/corp-blocks/September2021/Программа 2-3.png\" alt=\"\" /></p>', 1, 2, '2021-06-10 11:52:00', '2021-09-03 08:43:09'),
(3, 'Программа 3 VIP', '<p><img src=\"https://hc.testkz.ru/storage/corp-blocks/September2021/Программа 3-3.png\" alt=\"\" /></p>', 1, 3, '2021-06-10 11:52:00', '2021-09-03 08:43:30'),
(4, 'Программа 4 Premium', '<p><img src=\"https://hc.testkz.ru/storage/corp-blocks/September2021/Программа 4-3.png\" alt=\"\" /></p>', 1, 4, '2021-06-10 11:52:00', '2021-09-03 08:45:14'),
(5, 'Программа 5 Elite', '<p><img src=\"https://hc.testkz.ru/storage/corp-blocks/September2021/Программа 5-3.png\" alt=\"\" /></p>', 1, 5, '2021-07-08 08:28:00', '2021-09-03 08:44:51');

-- --------------------------------------------------------

--
-- Структура таблицы `corp_videos`
--

CREATE TABLE `corp_videos` (
  `id` bigint(20) UNSIGNED NOT NULL,
  `video` text COLLATE utf8mb4_unicode_ci NOT NULL,
  `status` tinyint(1) NOT NULL DEFAULT '1',
  `sort_id` int(11) NOT NULL DEFAULT '1',
  `created_at` timestamp NULL DEFAULT NULL,
  `updated_at` timestamp NULL DEFAULT NULL
) ENGINE=InnoDB DEFAULT CHARSET=utf8mb4 COLLATE=utf8mb4_unicode_ci;

--
-- Дамп данных таблицы `corp_videos`
--

INSERT INTO `corp_videos` (`id`, `video`, `status`, `sort_id`, `created_at`, `updated_at`) VALUES
(1, '<iframe width=\"560\" height=\"315\" src=\"https://www.youtube.com/embed/4G2LigSIsdM?controls=0\" title=\"YouTube video player\" frameborder=\"0\" allow=\"accelerometer; autoplay; clipboard-write; encrypted-media; gyroscope; picture-in-picture\" allowfullscreen></iframe>', 1, 1, '2021-06-10 11:39:01', '2021-06-10 11:39:01'),
(2, '<iframe width=\"560\" height=\"315\" src=\"https://www.youtube.com/embed/xObbKbUOa7A?controls=0\" title=\"YouTube video player\" frameborder=\"0\" allow=\"accelerometer; autoplay; clipboard-write; encrypted-media; gyroscope; picture-in-picture\" allowfullscreen></iframe>', 1, 2, '2021-06-10 11:39:33', '2021-06-10 11:39:33'),
(3, '<iframe width=\"560\" height=\"315\" src=\"https://www.youtube.com/embed/XnjDXTxDK5s?controls=0\" title=\"YouTube video player\" frameborder=\"0\" allow=\"accelerometer; autoplay; clipboard-write; encrypted-media; gyroscope; picture-in-picture\" allowfullscreen></iframe>', 1, 3, '2021-06-10 11:40:25', '2021-06-10 11:40:25');

-- --------------------------------------------------------

--
-- Структура таблицы `data_rows`
--

CREATE TABLE `data_rows` (
  `id` int(10) UNSIGNED NOT NULL,
  `data_type_id` int(10) UNSIGNED NOT NULL,
  `field` varchar(191) COLLATE utf8mb4_unicode_ci NOT NULL,
  `type` varchar(191) COLLATE utf8mb4_unicode_ci NOT NULL,
  `display_name` varchar(191) COLLATE utf8mb4_unicode_ci NOT NULL,
  `required` tinyint(1) NOT NULL DEFAULT '0',
  `browse` tinyint(1) NOT NULL DEFAULT '1',
  `read` tinyint(1) NOT NULL DEFAULT '1',
  `edit` tinyint(1) NOT NULL DEFAULT '1',
  `add` tinyint(1) NOT NULL DEFAULT '1',
  `delete` tinyint(1) NOT NULL DEFAULT '1',
  `details` text COLLATE utf8mb4_unicode_ci,
  `order` int(11) NOT NULL DEFAULT '1'
) ENGINE=InnoDB DEFAULT CHARSET=utf8mb4 COLLATE=utf8mb4_unicode_ci;

--
-- Дамп данных таблицы `data_rows`
--

INSERT INTO `data_rows` (`id`, `data_type_id`, `field`, `type`, `display_name`, `required`, `browse`, `read`, `edit`, `add`, `delete`, `details`, `order`) VALUES
(1, 1, 'id', 'number', 'ID', 1, 0, 0, 0, 0, 0, NULL, 1),
(2, 1, 'name', 'text', 'Name', 1, 1, 1, 1, 1, 1, NULL, 2),
(3, 1, 'email', 'text', 'Email', 1, 1, 1, 1, 1, 1, NULL, 3),
(4, 1, 'password', 'password', 'Password', 1, 0, 0, 1, 1, 0, NULL, 4),
(5, 1, 'remember_token', 'text', 'Remember Token', 0, 0, 0, 0, 0, 0, NULL, 5),
(6, 1, 'created_at', 'timestamp', 'Created At', 0, 1, 1, 0, 0, 0, NULL, 6),
(7, 1, 'updated_at', 'timestamp', 'Updated At', 0, 0, 0, 0, 0, 0, NULL, 7),
(8, 1, 'avatar', 'image', 'Avatar', 0, 1, 1, 1, 1, 1, NULL, 8),
(9, 1, 'user_belongsto_role_relationship', 'relationship', 'Role', 0, 1, 1, 1, 1, 0, '{\"model\":\"TCG\\\\Voyager\\\\Models\\\\Role\",\"table\":\"roles\",\"type\":\"belongsTo\",\"column\":\"role_id\",\"key\":\"id\",\"label\":\"display_name\",\"pivot_table\":\"roles\",\"pivot\":0}', 10),
(10, 1, 'user_belongstomany_role_relationship', 'relationship', 'Roles', 0, 1, 1, 1, 1, 0, '{\"model\":\"TCG\\\\Voyager\\\\Models\\\\Role\",\"table\":\"roles\",\"type\":\"belongsToMany\",\"column\":\"id\",\"key\":\"id\",\"label\":\"display_name\",\"pivot_table\":\"user_roles\",\"pivot\":\"1\",\"taggable\":\"0\"}', 11),
(11, 1, 'settings', 'hidden', 'Settings', 0, 0, 0, 0, 0, 0, NULL, 12),
(12, 2, 'id', 'number', 'ID', 1, 0, 0, 0, 0, 0, NULL, 1),
(13, 2, 'name', 'text', 'Name', 1, 1, 1, 1, 1, 1, NULL, 2),
(14, 2, 'created_at', 'timestamp', 'Created At', 0, 0, 0, 0, 0, 0, NULL, 3),
(15, 2, 'updated_at', 'timestamp', 'Updated At', 0, 0, 0, 0, 0, 0, NULL, 4),
(16, 3, 'id', 'number', 'ID', 1, 0, 0, 0, 0, 0, NULL, 1),
(17, 3, 'name', 'text', 'Name', 1, 1, 1, 1, 1, 1, NULL, 2),
(18, 3, 'created_at', 'timestamp', 'Created At', 0, 0, 0, 0, 0, 0, NULL, 3),
(19, 3, 'updated_at', 'timestamp', 'Updated At', 0, 0, 0, 0, 0, 0, NULL, 4),
(20, 3, 'display_name', 'text', 'Display Name', 1, 1, 1, 1, 1, 1, NULL, 5),
(21, 1, 'role_id', 'text', 'Role', 1, 1, 1, 1, 1, 1, NULL, 9),
(22, 4, 'id', 'text', 'Id', 1, 0, 0, 0, 0, 0, '{}', 1),
(23, 4, 'author_id', 'text', 'Author Id', 1, 0, 0, 0, 0, 0, '{}', 2),
(24, 4, 'type', 'select_dropdown', 'Тип страницы', 1, 1, 1, 1, 1, 1, '{\"default\":\"simple\",\"options\":{\"home\":\"\\u0413\\u043b\\u0430\\u0432\\u043d\\u0430\\u044f \\u0441\\u0442\\u0440\\u0430\\u043d\\u0438\\u0446\\u0430\",\"about\":\"\\u041e \\u043a\\u043e\\u043c\\u043f\\u0430\\u043d\\u0438\\u0438\",\"services\":\"\\u0423\\u0441\\u043b\\u0443\\u0433\\u0438\",\"docs\":\"\\u0412\\u0440\\u0430\\u0447\\u0438\",\"specs\":\"\\u0421\\u043f\\u0435\\u0446\\u0438\\u0430\\u043b\\u0438\\u0437\\u0430\\u0446\\u0438\\u044f \\u0432\\u0440\\u0430\\u0447\\u0435\\u0439\",\"analyzes\":\"\\u0410\\u043d\\u0430\\u043b\\u0438\\u0437\\u044b\",\"checkup\":\"checkup\",\"corporate\":\"\\u041a\\u043e\\u0440\\u043f\\u043e\\u0440\\u0430\\u0442\\u0438\\u0432\\u043d\\u044b\\u0439 \\u0440\\u0430\\u0437\\u0434\\u0435\\u043b\",\"sales\":\"\\u0410\\u043a\\u0446\\u0438\\u0438\",\"methodics\":\"\\u041c\\u0435\\u0442\\u043e\\u0434\\u0438\\u043a\\u0438\",\"contacts\":\"\\u041a\\u043e\\u043d\\u0442\\u0430\\u043a\\u0442\\u044b\",\"posts\":\"\\u041d\\u043e\\u0432\\u043e\\u0441\\u0442\\u0438\",\"simple\":\"\\u0414\\u0440\\u0443\\u0433\\u043e\\u0435\"}}', 3),
(25, 4, 'title', 'text', 'Заголовок', 1, 1, 1, 1, 1, 1, '{}', 4),
(26, 4, 'excerpt', 'text_area', 'Краткое описание', 0, 1, 1, 1, 1, 1, '{}', 5),
(27, 4, 'body', 'rich_text_box', 'Контент', 0, 0, 1, 1, 1, 1, '{}', 6),
(28, 4, 'image', 'image', 'Изображение', 0, 1, 1, 1, 1, 1, '{\"resize\":{\"width\":\"1200\",\"height\":null},\"quality\":\"90%\",\"upsize\":false,\"formats\":[\"original\",\"webp\"],\"thumbnails\":[{\"name\":\"small\",\"scale\":\"25%\"}]}', 7),
(29, 4, 'slug', 'text', 'Ссылка (Уникальная)', 1, 0, 1, 1, 1, 1, '{\"slugify\":{\"origin\":\"title\",\"forceUpdate\":true},\"validation\":{\"rule\":\"unique:pages,slug\"}}', 8),
(30, 4, 'seo_title', 'text', 'SEO Заголовок', 0, 0, 1, 1, 1, 1, '{}', 9),
(31, 4, 'meta_description', 'text_area', 'Meta Описание', 0, 0, 1, 1, 1, 1, '{}', 10),
(32, 4, 'meta_keywords', 'text_area', 'Meta Ключевые слова', 0, 0, 1, 1, 1, 1, '{}', 11),
(33, 4, 'status', 'select_dropdown', 'Статус', 1, 1, 1, 1, 1, 1, '{\"default\":\"INACTIVE\",\"options\":{\"INACTIVE\":\"INACTIVE\",\"ACTIVE\":\"ACTIVE\"}}', 12),
(34, 4, 'created_at', 'timestamp', 'Created At', 0, 0, 1, 1, 0, 1, '{}', 13),
(35, 4, 'updated_at', 'timestamp', 'Updated At', 0, 0, 0, 0, 0, 0, '{}', 14),
(36, 6, 'id', 'text', 'Id', 1, 0, 0, 0, 0, 0, '{}', 1),
(37, 6, 'is_main', 'checkbox', 'Главная', 1, 1, 1, 1, 1, 1, '{\"on\":\"\\u0413\\u043b\\u0430\\u0432\\u043d\\u044b\\u0439\",\"off\":\"\\u0412\\u0442\\u043e\\u0440\\u043e\\u0441\\u0442\\u0435\\u043f\\u0435\\u043d\\u043d\\u044b\\u0439\",\"checked\":true}', 2),
(38, 6, 'type', 'select_dropdown', 'Тип', 1, 1, 1, 1, 1, 1, '{\"default\":\"phone\",\"options\":{\"phone\":\"\\u0422\\u0435\\u043b\\u0435\\u0444\\u043e\\u043d\",\"graph\":\"\\u0413\\u0440\\u0430\\u0444\\u0438\\u043a \\u0440\\u0430\\u0431\\u043e\\u0442\\u044b\",\"social\":\"\\u0421\\u043e\\u0446\\u0441\\u0435\\u0442\\u044c\",\"address\":\"\\u0410\\u0434\\u0440\\u0435\\u0441\",\"email\":\"Email\",\"map\":\"\\u041a\\u0430\\u0440\\u0442\\u0430 (JS)\"}}', 3),
(39, 6, 'icon', 'image', 'Иконка (svg)', 0, 0, 1, 1, 1, 1, '{\"resize\":{\"width\":\"1000\",\"height\":null},\"quality\":\"100%\",\"upsize\":false,\"formats\":[\"original\",\"webp\"],\"thumbnails\":[{\"name\":\"small\",\"scale\":\"25%\"}]}', 4),
(40, 6, 'value', 'text_area', 'Значение', 1, 1, 1, 1, 1, 1, '{}', 5),
(41, 6, 'link', 'text', 'Ссылка', 0, 0, 1, 1, 1, 1, '{}', 6),
(42, 6, 'status', 'checkbox', 'Статус', 1, 1, 1, 1, 1, 1, '{\"on\":\"\\u0412\\u043a\\u043b\\u044e\\u0447\\u0438\\u0442\\u044c\",\"off\":\"\\u041e\\u0442\\u043a\\u043b\\u044e\\u0447\\u0438\\u0442\\u044c\",\"checked\":true}', 7),
(43, 6, 'sort_id', 'number', 'Порядковый номер', 1, 1, 1, 1, 1, 1, '{}', 8),
(44, 6, 'created_at', 'timestamp', 'Created At', 0, 0, 1, 1, 0, 1, '{}', 9),
(45, 6, 'updated_at', 'timestamp', 'Updated At', 0, 0, 0, 0, 0, 0, '{}', 10),
(46, 7, 'id', 'text', 'Id', 1, 0, 0, 0, 0, 0, '{}', 1),
(47, 7, 'title', 'text', 'Заголовок', 1, 1, 1, 1, 1, 1, '{}', 2),
(48, 7, 'subtitle', 'text', 'Подзаголовок (в меню)', 0, 1, 1, 1, 1, 1, '{}', 3),
(49, 7, 'image', 'image', 'Изображение', 1, 1, 1, 1, 1, 1, '{\"resize\":{\"width\":\"1300\",\"height\":null},\"quality\":\"100%\",\"upsize\":false,\"formats\":[\"original\",\"webp\"]}', 4),
(50, 7, 'text', 'text_area', 'Текст', 0, 0, 1, 1, 1, 1, '{}', 5),
(51, 7, 'btn_link', 'text', 'Ссылка кнопки', 0, 0, 1, 1, 1, 1, '{}', 6),
(52, 7, 'btn_text', 'text', 'Текст кнопки', 0, 0, 1, 1, 1, 1, '{}', 7),
(53, 7, 'status', 'checkbox', 'Статус', 1, 1, 1, 1, 1, 1, '{\"on\":\"\\u0412\\u043a\\u043b\\u044e\\u0447\\u0438\\u0442\\u044c\",\"off\":\"\\u041e\\u0442\\u043a\\u043b\\u044e\\u0447\\u0438\\u0442\\u044c\",\"checked\":true}', 8),
(54, 7, 'sort_id', 'number', 'Порядковый номер', 1, 1, 1, 1, 1, 1, '{}', 9),
(55, 7, 'created_at', 'timestamp', 'Created At', 0, 0, 1, 1, 0, 1, '{}', 10),
(56, 7, 'updated_at', 'timestamp', 'Updated At', 0, 0, 0, 0, 0, 0, '{}', 11),
(57, 8, 'id', 'text', 'Id', 1, 0, 0, 0, 0, 0, '{}', 1),
(58, 8, 'title', 'text', 'Название', 1, 1, 1, 1, 1, 1, '{}', 2),
(59, 8, 'status', 'checkbox', 'Статус', 1, 1, 1, 1, 1, 1, '{\"on\":\"\\u0412\\u043a\\u043b\\u044e\\u0447\\u0438\\u0442\\u044c\",\"off\":\"\\u041e\\u0442\\u043a\\u043b\\u044e\\u0447\\u0438\\u0442\\u044c\",\"checked\":true}', 3),
(60, 8, 'sort_id', 'number', 'Порядковый номер', 1, 1, 1, 1, 1, 1, '{}', 4),
(61, 8, 'created_at', 'timestamp', 'Created At', 0, 0, 1, 1, 0, 1, '{}', 5),
(62, 8, 'updated_at', 'timestamp', 'Updated At', 0, 0, 0, 0, 0, 0, '{}', 6),
(63, 9, 'id', 'text', 'Id', 1, 0, 0, 0, 0, 0, '{}', 1),
(64, 9, 'name', 'text', 'ФИО', 1, 1, 1, 1, 1, 1, '{}', 2),
(65, 9, 'spec', 'text', 'Позиция', 1, 1, 1, 1, 1, 1, '{}', 3),
(66, 9, 'image', 'image', 'Изображение', 0, 1, 1, 1, 1, 1, '{\"resize\":{\"width\":\"1000\",\"height\":null},\"quality\":\"90%\",\"upsize\":false,\"formats\":[\"original\",\"webp\"],\"thumbnails\":[{\"name\":\"small\",\"scale\":\"25%\"}]}', 5),
(67, 9, 'price', 'number', 'Первичный прием', 0, 1, 1, 1, 1, 1, '{}', 7),
(68, 9, 'content', 'rich_text_box', 'Контент', 0, 0, 1, 1, 1, 1, '{}', 9),
(69, 9, 'seo_title', 'text', 'SEO Заголовок', 0, 0, 1, 1, 1, 1, '{}', 10),
(70, 9, 'meta_keywords', 'text_area', 'Meta Ключевые слова', 0, 0, 1, 1, 1, 1, '{}', 11),
(71, 9, 'meta_description', 'text_area', 'Meta Описание', 0, 0, 1, 1, 1, 1, '{}', 12),
(72, 9, 'status', 'checkbox', 'Статус', 1, 1, 1, 1, 1, 1, '{\"on\":\"\\u0412\\u043a\\u043b\\u044e\\u0447\\u0438\\u0442\\u044c\",\"off\":\"\\u041e\\u0442\\u043a\\u043b\\u044e\\u0447\\u0438\\u0442\\u044c\",\"checked\":true}', 14),
(73, 9, 'sort_id', 'number', 'Порядковый номер', 1, 1, 1, 1, 1, 1, '{}', 15),
(74, 9, 'created_at', 'timestamp', 'Created At', 0, 0, 1, 1, 0, 1, '{}', 16),
(75, 9, 'updated_at', 'timestamp', 'Updated At', 0, 0, 0, 0, 0, 0, '{}', 17),
(76, 9, 'doctor_belongstomany_speciality_relationship', 'relationship', 'Специализации', 1, 0, 1, 1, 1, 1, '{\"model\":\"App\\\\Models\\\\Speciality\",\"table\":\"specialities\",\"type\":\"belongsToMany\",\"column\":\"id\",\"key\":\"id\",\"label\":\"title\",\"pivot_table\":\"doctor_speciality\",\"pivot\":\"1\",\"taggable\":\"0\"}', 4),
(77, 9, 'featured', 'checkbox', 'На главной?', 1, 0, 1, 1, 1, 1, '{\"on\":\"\\u0414\\u0430\",\"off\":\"\\u041d\\u0435\\u0442\",\"checked\":false}', 13),
(78, 8, 'slug', 'text', 'Ссылка (Уникальная)', 1, 0, 1, 1, 1, 1, '{\"slugify\":{\"origin\":\"title\",\"forceUpdate\":true},\"validation\":{\"rule\":\"unique:specialities,slug\"}}', 3),
(79, 9, 'slug', 'text', 'Ссылка (Уникальная)', 1, 0, 1, 1, 1, 1, '{\"slugify\":{\"origin\":\"name\",\"forceUpdate\":true},\"validation\":{\"rule\":\"unique:doctors,slug\"}}', 6),
(80, 11, 'id', 'text', 'Id', 1, 0, 0, 0, 0, 0, '{}', 1),
(81, 11, 'research_id', 'text', 'Research Id', 1, 0, 0, 1, 1, 1, '{}', 3),
(82, 11, 'title', 'text', 'Название', 1, 1, 1, 1, 1, 1, '{}', 4),
(83, 11, 'price', 'number', 'Цена', 1, 1, 1, 1, 1, 1, '{}', 5),
(84, 11, 'content', 'rich_text_box', 'Контент', 0, 0, 1, 1, 1, 1, '{}', 6),
(85, 11, 'featured', 'checkbox', 'Топ анализ', 1, 1, 1, 1, 1, 1, '{\"on\":\"\\u0414\\u0430\",\"off\":\"\\u041d\\u0435\\u0442\",\"checked\":false}', 7),
(86, 11, 'status', 'checkbox', 'Статус', 1, 1, 1, 1, 1, 1, '{\"on\":\"\\u0412\\u043a\\u043b\\u044e\\u0447\\u0438\\u0442\\u044c\",\"off\":\"\\u041e\\u0442\\u043a\\u043b\\u044e\\u0447\\u0438\\u0442\\u044c\",\"checked\":true}', 8),
(87, 11, 'sort_id', 'number', 'Порядковый номер', 1, 1, 1, 1, 1, 1, '{}', 9),
(88, 11, 'created_at', 'timestamp', 'Created At', 0, 0, 1, 1, 0, 1, '{}', 10),
(89, 11, 'updated_at', 'timestamp', 'Updated At', 0, 0, 0, 0, 0, 0, '{}', 11),
(90, 11, 'analyze_belongsto_research_relationship', 'relationship', 'Исследование', 1, 1, 1, 1, 1, 1, '{\"model\":\"App\\\\Models\\\\Research\",\"table\":\"researches\",\"type\":\"belongsTo\",\"column\":\"research_id\",\"key\":\"id\",\"label\":\"title\",\"pivot_table\":\"analyzes\",\"pivot\":\"0\",\"taggable\":\"0\"}', 2),
(91, 12, 'id', 'text', 'Id', 1, 0, 0, 0, 0, 0, '{}', 1),
(92, 12, 'title', 'text', 'Название', 1, 1, 1, 1, 1, 1, '{}', 2),
(93, 12, 'slug', 'text', 'Ссылка (Уникальная)', 1, 0, 1, 1, 1, 1, '{\"slugify\":{\"origin\":\"title\",\"forceUpdate\":true},\"validation\":{\"rule\":\"unique:researches,slug\"}}', 3),
(94, 12, 'seo_title', 'text', 'SEO Заголовок', 0, 0, 1, 1, 1, 1, '{}', 4),
(95, 12, 'meta_keywords', 'text_area', 'Meta Ключевые слова', 0, 0, 1, 1, 1, 1, '{}', 5),
(96, 12, 'meta_description', 'text_area', 'Meta Описание', 0, 0, 1, 1, 1, 1, '{}', 6),
(97, 12, 'status', 'checkbox', 'Статус', 1, 1, 1, 1, 1, 1, '{\"on\":\"\\u0412\\u043a\\u043b\\u044e\\u0447\\u0438\\u0442\\u044c\",\"off\":\"\\u041e\\u0442\\u043a\\u043b\\u044e\\u0447\\u0438\\u0442\\u044c\",\"checked\":true}', 7),
(98, 12, 'sort_id', 'number', 'Порядковый номер', 1, 1, 1, 1, 1, 1, '{}', 8),
(99, 12, 'created_at', 'timestamp', 'Created At', 0, 0, 1, 1, 0, 1, '{}', 9),
(100, 12, 'updated_at', 'timestamp', 'Updated At', 0, 0, 0, 0, 0, 0, '{}', 10),
(101, 13, 'id', 'text', 'Id', 1, 0, 0, 0, 0, 0, '{}', 1),
(102, 13, 'title', 'text', 'Название', 1, 1, 1, 1, 1, 1, '{}', 4),
(103, 13, 'price', 'number', 'Цена', 1, 1, 1, 1, 1, 1, '{}', 5),
(104, 13, 'content', 'rich_text_box', 'Контент', 0, 0, 1, 1, 1, 1, '{}', 6),
(105, 13, 'status', 'checkbox', 'Статус', 1, 1, 1, 1, 1, 1, '{\"on\":\"\\u0412\\u043a\\u043b\\u044e\\u0447\\u0438\\u0442\\u044c\",\"off\":\"\\u041e\\u0442\\u043a\\u043b\\u044e\\u0447\\u0438\\u0442\\u044c\",\"checked\":true}', 9),
(106, 13, 'sort_id', 'number', 'Порядковый номер', 1, 1, 1, 1, 1, 1, '{}', 10),
(107, 13, 'created_at', 'timestamp', 'Created At', 0, 0, 1, 1, 0, 1, '{}', 11),
(108, 13, 'updated_at', 'timestamp', 'Updated At', 0, 0, 0, 0, 0, 0, '{}', 12),
(109, 14, 'id', 'text', 'Id', 1, 0, 0, 0, 0, 0, '{}', 1),
(110, 14, 'title', 'text', 'Заголовок', 1, 1, 1, 1, 1, 1, '{}', 2),
(111, 14, 'excerpt', 'text', 'Краткое описание', 1, 1, 1, 1, 1, 1, '{}', 3),
(112, 14, 'description', 'text_area', 'Описание', 0, 1, 1, 1, 1, 1, '{}', 4),
(113, 14, 'image', 'image', 'Изображение', 0, 1, 1, 1, 1, 1, '{\"resize\":{\"width\":\"1300\",\"height\":null},\"quality\":\"100%\",\"upsize\":false,\"formats\":[\"original\",\"webp\"]}', 5),
(114, 14, 'symptoms', 'rich_text_box', 'Симптомы, при которых нужно обратиться к врачу', 0, 0, 1, 1, 1, 1, '{}', 7),
(115, 14, 'program', 'rich_text_box', 'Содержание программы', 0, 0, 1, 1, 1, 1, '{}', 9),
(116, 14, 'status', 'checkbox', 'Статус', 1, 1, 1, 1, 1, 1, '{\"on\":\"\\u0412\\u043a\\u043b\\u044e\\u0447\\u0438\\u0442\\u044c\",\"off\":\"\\u041e\\u0442\\u043a\\u043b\\u044e\\u0447\\u0438\\u0442\\u044c\",\"checked\":true}', 11),
(117, 14, 'sort_id', 'number', 'Порядковый номер', 1, 1, 1, 1, 1, 1, '{}', 12),
(118, 14, 'created_at', 'timestamp', 'Created At', 0, 0, 1, 1, 0, 1, '{}', 13),
(119, 14, 'updated_at', 'timestamp', 'Updated At', 0, 0, 0, 0, 0, 0, '{}', 14),
(120, 15, 'id', 'text', 'Id', 1, 0, 0, 0, 0, 0, '{}', 1),
(121, 15, 'type_id', 'text', 'Type Id', 1, 1, 1, 1, 1, 1, '{}', 3),
(122, 15, 'title', 'text', 'Вопрос', 1, 1, 1, 1, 1, 1, '{}', 4),
(123, 15, 'content', 'rich_text_box', 'Ответ', 0, 0, 1, 1, 1, 1, '{}', 5),
(124, 15, 'status', 'checkbox', 'Статус', 1, 1, 1, 1, 1, 1, '{\"on\":\"\\u0412\\u043a\\u043b\\u044e\\u0447\\u0438\\u0442\\u044c\",\"off\":\"\\u041e\\u0442\\u043a\\u043b\\u044e\\u0447\\u0438\\u0442\\u044c\",\"checked\":true}', 6),
(125, 15, 'sort_id', 'number', 'Порядковый номер', 1, 1, 1, 1, 1, 1, '{}', 7),
(126, 15, 'created_at', 'timestamp', 'Created At', 0, 0, 1, 1, 0, 1, '{}', 8),
(127, 15, 'updated_at', 'timestamp', 'Updated At', 0, 0, 0, 0, 0, 0, '{}', 9),
(128, 15, 'checkup_faq_belongsto_checkup_type_relationship', 'relationship', 'Категория', 1, 1, 1, 1, 1, 1, '{\"model\":\"App\\\\Models\\\\CheckupType\",\"table\":\"checkup_types\",\"type\":\"belongsTo\",\"column\":\"type_id\",\"key\":\"id\",\"label\":\"title\",\"pivot_table\":\"analyzes\",\"pivot\":\"0\",\"taggable\":\"0\"}', 2),
(129, 16, 'id', 'text', 'Id', 1, 0, 0, 0, 0, 0, '{}', 1),
(130, 16, 'type_id', 'text', 'Категория', 1, 1, 1, 1, 1, 1, '{}', 3),
(131, 16, 'title', 'text', 'Заголовок', 1, 1, 1, 1, 1, 1, '{}', 4),
(132, 16, 'image', 'image', 'Изображение', 0, 1, 1, 1, 1, 1, '{\"resize\":{\"width\":\"1000\",\"height\":null},\"quality\":\"90%\",\"upsize\":false,\"formats\":[\"original\",\"webp\"]}', 5),
(133, 16, 'content_1', 'rich_text_box', 'Контент 1', 0, 0, 1, 1, 1, 1, '{}', 6),
(134, 16, 'content_2', 'rich_text_box', 'Контент 2', 0, 0, 1, 1, 1, 1, '{}', 7),
(135, 16, 'status', 'checkbox', 'Статус', 1, 1, 1, 1, 1, 1, '{\"on\":\"\\u0412\\u043a\\u043b\\u044e\\u0447\\u0438\\u0442\\u044c\",\"off\":\"\\u041e\\u0442\\u043a\\u043b\\u044e\\u0447\\u0438\\u0442\\u044c\",\"checked\":true}', 8),
(136, 16, 'sort_id', 'number', 'Порядковый номер', 1, 1, 1, 1, 1, 1, '{}', 9),
(137, 16, 'created_at', 'timestamp', 'Created At', 0, 0, 1, 1, 0, 1, '{}', 10),
(138, 16, 'updated_at', 'timestamp', 'Updated At', 0, 0, 0, 0, 0, 0, '{}', 11),
(139, 16, 'checkup_belongsto_checkup_type_relationship', 'relationship', 'Категория', 1, 1, 1, 1, 1, 1, '{\"model\":\"App\\\\Models\\\\CheckupType\",\"table\":\"checkup_types\",\"type\":\"belongsTo\",\"column\":\"type_id\",\"key\":\"id\",\"label\":\"title\",\"pivot_table\":\"analyzes\",\"pivot\":\"0\",\"taggable\":\"0\"}', 2),
(140, 17, 'id', 'text', 'Id', 1, 0, 0, 0, 0, 0, '{}', 1),
(141, 17, 'title', 'text', 'Заголовок', 1, 1, 1, 1, 1, 1, '{}', 2),
(142, 17, 'subtitle', 'text', 'Подзаголовок', 1, 1, 1, 1, 1, 1, '{}', 3),
(143, 17, 'description', 'text_area', 'Описание', 0, 1, 1, 1, 1, 1, '{}', 4),
(144, 17, 'content_1', 'rich_text_box', 'Контент 1', 0, 0, 1, 1, 1, 1, '{}', 5),
(145, 17, 'content_2', 'rich_text_box', 'Контент 2', 0, 0, 1, 1, 1, 1, '{}', 6),
(146, 17, 'file', 'file', 'Файл', 0, 0, 1, 1, 1, 1, '{}', 7),
(147, 17, 'status', 'checkbox', 'Статус', 1, 1, 1, 1, 1, 1, '{\"on\":\"\\u0414\\u0430\",\"off\":\"\\u041d\\u0435\\u0442\",\"checked\":false}', 8),
(148, 17, 'sort_id', 'number', 'Порядковый номер', 1, 1, 1, 1, 1, 1, '{}', 9),
(149, 17, 'created_at', 'timestamp', 'Created At', 0, 0, 1, 1, 0, 1, '{}', 10),
(150, 17, 'updated_at', 'timestamp', 'Updated At', 0, 0, 0, 0, 0, 0, '{}', 11),
(151, 18, 'id', 'text', 'Id', 1, 0, 0, 0, 0, 0, '{}', 1),
(152, 18, 'type_id', 'text', 'Type Id', 1, 1, 1, 1, 1, 1, '{}', 3),
(153, 18, 'title', 'text', 'Название', 0, 1, 1, 1, 1, 1, '{}', 4),
(154, 18, 'price', 'number', 'Цена', 1, 1, 1, 1, 1, 1, '{}', 5),
(155, 18, 'status', 'checkbox', 'Статус', 1, 1, 1, 1, 1, 1, '{}', 6),
(156, 18, 'sort_id', 'number', 'Порядковый номер', 1, 1, 1, 1, 1, 1, '{}', 7),
(157, 18, 'created_at', 'timestamp', 'Created At', 0, 0, 1, 1, 0, 1, '{}', 8),
(158, 18, 'updated_at', 'timestamp', 'Updated At', 0, 0, 0, 0, 0, 0, '{}', 9),
(159, 18, 'checkup_price_belongsto_checkup_relationship', 'relationship', 'Checkup', 1, 1, 1, 1, 1, 1, '{\"model\":\"App\\\\Models\\\\Checkup\",\"table\":\"checkups\",\"type\":\"belongsTo\",\"column\":\"type_id\",\"key\":\"id\",\"label\":\"full_name\",\"pivot_table\":\"analyzes\",\"pivot\":\"0\",\"taggable\":\"0\"}', 2),
(160, 7, 'type', 'select_dropdown', 'Страница', 1, 1, 1, 1, 1, 1, '{\"default\":\"home\",\"options\":{\"home\":\"\\u0413\\u043b\\u0430\\u0432\\u043d\\u0430\\u044f \\u0441\\u0442\\u0440\\u0430\\u043d\\u0438\\u0446\\u0430\",\"about\":\"\\u041e \\u043a\\u043b\\u0438\\u043d\\u0438\\u043a\\u0435\"}}', 2),
(161, 19, 'id', 'text', 'Id', 1, 0, 0, 0, 0, 0, '{}', 1),
(162, 19, 'type', 'select_dropdown', 'Тип', 1, 1, 1, 1, 1, 1, '{\"default\":\"advantages\",\"options\":{\"advantages\":\"\\u041f\\u0440\\u0435\\u0438\\u043c\\u0443\\u0449\\u0435\\u0441\\u0442\\u0432\\u0430\",\"numbers\":\"\\u041e \\u043d\\u0430\\u0441 \\u0432 \\u0446\\u0438\\u0444\\u0440\\u0430\\u0445\",\"corporates\":\"\\u041a\\u043e\\u0440\\u043f\\u043e\\u0440\\u0430\\u0442\\u0438\\u0432\\u043d\\u044b\\u0439 \\u0440\\u0430\\u0437\\u0434\\u0435\\u043b (\\u0446\\u0438\\u0444\\u0440\\u044b)\",\"checkup\":\"Checkup \\u043f\\u0440\\u0435\\u0438\\u043c\\u0443\\u0449\\u0435\\u0441\\u0442\\u0432\\u0430\"}}', 2),
(163, 19, 'icon', 'image', 'Иконка (svg)', 1, 1, 1, 1, 1, 1, '{\"resize\":{\"width\":\"1000\",\"height\":null},\"quality\":\"100%\",\"upsize\":false,\"formats\":[\"original\",\"webp\"]}', 4),
(164, 19, 'text', 'text_area', 'Текст', 0, 0, 1, 1, 1, 1, '{}', 5),
(165, 19, 'status', 'checkbox', 'Статус', 1, 1, 1, 1, 1, 1, '{\"on\":\"\\u0412\\u043a\\u043b\\u044e\\u0447\\u0438\\u0442\\u044c\",\"off\":\"\\u041e\\u0442\\u043a\\u043b\\u044e\\u0447\\u0438\\u0442\\u044c\",\"checked\":true}', 6),
(166, 19, 'sort_id', 'number', 'Порядковый номер', 1, 1, 1, 1, 1, 1, '{}', 7),
(167, 19, 'created_at', 'timestamp', 'Created At', 0, 0, 1, 1, 0, 1, '{}', 8),
(168, 19, 'updated_at', 'timestamp', 'Updated At', 0, 0, 0, 0, 0, 0, '{}', 9),
(169, 19, 'title', 'text', 'Заголовок', 1, 1, 1, 1, 1, 1, '{}', 3),
(170, 21, 'id', 'text', 'Id', 1, 0, 0, 0, 0, 0, '{}', 1),
(171, 21, 'images', 'multiple_images', 'Изображения(сертификаты)', 1, 1, 1, 1, 1, 1, '{\"resize\":{\"width\":\"1000\",\"height\":null},\"quality\":\"90%\",\"upsize\":false,\"formats\":[\"original\",\"webp\"],\"thumbnails\":[{\"name\":\"small\",\"scale\":\"25%\"}]}', 2),
(172, 21, 'created_at', 'timestamp', 'Created At', 0, 0, 1, 1, 0, 1, '{}', 3),
(173, 21, 'updated_at', 'timestamp', 'Updated At', 0, 0, 0, 0, 0, 0, '{}', 4),
(174, 22, 'id', 'text', 'Id', 1, 0, 0, 0, 0, 0, '{}', 1),
(175, 22, 'title', 'text', 'Название', 0, 1, 1, 1, 1, 1, '{}', 2),
(176, 22, 'image', 'image', 'Изображение', 1, 1, 1, 1, 1, 1, '{\"resize\":{\"width\":\"1000\",\"height\":null},\"quality\":\"90%\",\"upsize\":false,\"formats\":[\"original\",\"webp\"]}', 3),
(177, 22, 'status', 'checkbox', 'Статус', 1, 1, 1, 1, 1, 1, '{\"on\":\"\\u0412\\u043a\\u043b\\u044e\\u0447\\u0438\\u0442\\u044c\",\"off\":\"\\u041e\\u0442\\u043a\\u043b\\u044e\\u0447\\u0438\\u0442\\u044c\",\"checked\":true}', 4),
(178, 22, 'sort_id', 'number', 'Порядковый номер', 1, 1, 1, 1, 1, 1, '{}', 5),
(179, 22, 'created_at', 'timestamp', 'Created At', 0, 0, 1, 1, 0, 1, '{}', 6),
(180, 22, 'updated_at', 'timestamp', 'Updated At', 0, 0, 0, 0, 0, 0, '{}', 7),
(181, 23, 'id', 'text', 'Id', 1, 0, 0, 0, 0, 0, '{}', 1),
(182, 23, 'video', 'text_area', 'YouTube ссылка', 1, 1, 1, 1, 1, 1, '{}', 2),
(183, 23, 'status', 'checkbox', 'Статус', 1, 1, 1, 1, 1, 1, '{\"on\":\"\\u0412\\u043a\\u043b\\u044e\\u0447\\u0438\\u0442\\u044c\",\"off\":\"\\u041e\\u0442\\u043a\\u043b\\u044e\\u0447\\u0438\\u0442\\u044c\",\"checked\":true}', 3),
(184, 23, 'sort_id', 'number', 'Порядковый номер', 1, 1, 1, 1, 1, 1, '{}', 4),
(185, 23, 'created_at', 'timestamp', 'Created At', 0, 0, 1, 1, 0, 1, '{}', 5),
(186, 23, 'updated_at', 'timestamp', 'Updated At', 0, 0, 0, 0, 0, 0, '{}', 6),
(187, 24, 'id', 'text', 'Id', 1, 0, 0, 0, 0, 0, '{}', 1),
(188, 24, 'title', 'text', 'Заголовок', 1, 1, 1, 1, 1, 1, '{}', 2),
(189, 24, 'text', 'rich_text_box', 'Контент', 0, 0, 1, 1, 1, 1, '{}', 3),
(190, 24, 'status', 'checkbox', 'Статус', 1, 1, 1, 1, 1, 1, '{\"on\":\"\\u0412\\u043a\\u043b\\u044e\\u0447\\u0438\\u0442\\u044c\",\"off\":\"\\u041e\\u0442\\u043a\\u043b\\u044e\\u0447\\u0438\\u0442\\u044c\",\"checked\":true}', 4),
(191, 24, 'sort_id', 'number', 'Порядковый номер', 1, 1, 1, 1, 1, 1, '{}', 5),
(192, 24, 'created_at', 'timestamp', 'Created At', 0, 0, 1, 1, 0, 1, '{}', 6),
(193, 24, 'updated_at', 'timestamp', 'Updated At', 0, 0, 0, 0, 0, 0, '{}', 7),
(194, 25, 'id', 'text', 'Id', 1, 0, 0, 0, 0, 0, '{}', 1),
(195, 25, 'title', 'text', 'Название альбома', 1, 1, 1, 1, 1, 1, '{}', 2),
(196, 25, 'image', 'image', 'Обложка', 0, 1, 1, 1, 1, 1, '{\"resize\":{\"width\":\"1000\",\"height\":null},\"quality\":\"90%\",\"upsize\":false,\"formats\":[\"original\",\"webp\"],\"thumbnails\":[{\"name\":\"small\",\"scale\":\"25%\"}]}', 3),
(197, 25, 'images', 'multiple_images', 'Изображения', 0, 1, 1, 1, 1, 1, '{\"resize\":{\"width\":\"1000\",\"height\":null},\"quality\":\"90%\",\"upsize\":false,\"formats\":[\"original\",\"webp\"],\"thumbnails\":[{\"name\":\"small\",\"scale\":\"25%\"}]}', 4),
(198, 25, 'status', 'checkbox', 'Статус', 1, 1, 1, 1, 1, 1, '{\"on\":\"\\u0412\\u043a\\u043b\\u044e\\u0447\\u0438\\u0442\\u044c\",\"off\":\"\\u041e\\u0442\\u043a\\u043b\\u044e\\u0447\\u0438\\u0442\\u044c\",\"checked\":true}', 5),
(199, 25, 'sort_id', 'number', 'Порядковый номер', 1, 1, 1, 1, 1, 1, '{}', 6),
(200, 25, 'created_at', 'timestamp', 'Created At', 0, 0, 1, 1, 0, 1, '{}', 7),
(201, 25, 'updated_at', 'timestamp', 'Updated At', 0, 0, 0, 0, 0, 0, '{}', 8),
(202, 14, 'in_slider', 'checkbox', 'В слайдере ?', 1, 1, 1, 1, 1, 1, '{\"on\":\"\\u0414\\u0430\",\"off\":\"\\u043d\\u0435\\u0442\",\"checked\":false}', 10),
(203, 26, 'id', 'text', 'Id', 1, 0, 0, 0, 0, 0, '{}', 1),
(204, 26, 'title', 'text', 'Заголовок', 1, 1, 1, 1, 1, 1, '{}', 2),
(205, 26, 'slug', 'text', 'Ссылка (Уникальная)', 1, 0, 1, 1, 1, 1, '{\"slugify\":{\"origin\":\"title\",\"forceUpdate\":true},\"validation\":{\"rule\":\"unique:articles,slug\"}}', 4),
(206, 26, 'image', 'image', 'Изображение', 0, 1, 1, 1, 1, 1, '{\"resize\":{\"width\":\"1000\",\"height\":null},\"quality\":\"90%\",\"upsize\":false,\"formats\":[\"original\",\"webp\"]}', 5),
(207, 26, 'body', 'rich_text_box', 'Контент', 0, 0, 1, 1, 1, 1, '{}', 6),
(208, 26, 'seo_title', 'text', 'SEO Заголовок', 0, 0, 1, 1, 1, 1, '{}', 7),
(209, 26, 'meta_description', 'text_area', 'Meta Описание', 0, 0, 1, 1, 1, 1, '{}', 8),
(210, 26, 'meta_keywords', 'text_area', 'Meta Ключевые слова', 0, 0, 1, 1, 1, 1, '{}', 9),
(211, 26, 'sort_id', 'number', 'Порядковый номер', 1, 1, 1, 1, 1, 1, '{}', 10),
(212, 26, 'status', 'checkbox', 'Статус', 1, 1, 1, 1, 1, 1, '{\"on\":\"\\u0412\\u043a\\u043b\\u044e\\u0447\\u0438\\u0442\\u044c\",\"off\":\"\\u041e\\u0442\\u043a\\u043b\\u044e\\u0447\\u0438\\u0442\\u044c\",\"checked\":true}', 11),
(213, 26, 'created_at', 'timestamp', 'Created At', 0, 0, 1, 1, 0, 1, '{}', 12),
(214, 26, 'updated_at', 'timestamp', 'Updated At', 0, 0, 0, 0, 0, 0, '{}', 13),
(215, 26, 'excerpt', 'text_area', 'Краткое описание ', 1, 0, 1, 1, 1, 1, '{}', 3),
(216, 27, 'id', 'text', 'Id', 1, 0, 0, 0, 0, 0, '{}', 1),
(217, 27, 'type', 'select_dropdown', 'Тип акции', 1, 1, 1, 1, 1, 1, '{\"default\":\"month\",\"options\":{\"month\":\"\\u0410\\u043a\\u0446\\u0438\\u044f \\u043c\\u0435\\u0441\\u044f\\u0446\\u0430\",\"day\":\"\\u0410\\u043a\\u0446\\u0438\\u044f \\u0434\\u043d\\u044f\"}}', 2),
(218, 27, 'title', 'text', 'Заголовок', 1, 1, 1, 1, 1, 1, '{}', 3),
(219, 27, 'excerpt', 'text_area', 'Описание', 0, 1, 1, 1, 1, 1, '{}', 4),
(220, 27, 'slug', 'text', 'Ссылка (Уникальная)', 1, 0, 1, 1, 1, 1, '{\"slugify\":{\"origin\":\"title\",\"forceUpdate\":true},\"validation\":{\"rule\":\"unique:sales,slug\"}}', 5),
(221, 27, 'image', 'image', 'Изображение', 0, 0, 1, 1, 1, 1, '{\"resize\":{\"width\":\"1200\",\"height\":null},\"quality\":\"90%\",\"upsize\":false,\"formats\":[\"original\",\"webp\"]}', 6),
(223, 27, 'price', 'number', 'Цена', 0, 1, 1, 1, 1, 1, '{}', 8),
(224, 27, 'content_1', 'rich_text_box', 'Контент 1', 0, 0, 1, 1, 1, 1, '{}', 9),
(225, 27, 'content_2', 'rich_text_box', 'Контент 2', 0, 0, 1, 1, 1, 1, '{}', 10),
(226, 27, 'file', 'file', 'Файл', 0, 0, 1, 1, 1, 1, '{}', 11),
(227, 27, 'in_slider', 'checkbox', 'В слайдере ?', 1, 1, 1, 1, 1, 1, '{\"on\":\"\\u0414\\u0430\",\"off\":\"\\u041d\\u0435\\u0442\",\"checked\":false}', 12),
(228, 27, 'seo_title', 'text', 'SEO Заголовок', 0, 0, 1, 1, 1, 1, '{}', 13),
(229, 27, 'meta_description', 'text_area', 'Meta Описание', 0, 0, 1, 1, 1, 1, '{}', 14),
(230, 27, 'meta_keywords', 'text_area', 'Meta Ключевые слова', 0, 0, 1, 1, 1, 1, '{}', 15),
(231, 27, 'status', 'checkbox', 'Статус', 1, 1, 1, 1, 1, 1, '{\"on\":\"\\u0412\\u043a\\u043b\\u044e\\u0447\\u0435\\u043d\",\"off\":\"\\u041e\\u0442\\u043a\\u043b\\u044e\\u0447\\u0435\\u043d\",\"checked\":true}', 16),
(232, 27, 'sort_id', 'number', 'Порядковый номер', 1, 1, 1, 1, 1, 1, '{}', 17),
(233, 27, 'created_at', 'timestamp', 'Created At', 0, 0, 1, 1, 0, 1, '{}', 18),
(234, 27, 'updated_at', 'timestamp', 'Updated At', 0, 0, 0, 0, 0, 0, '{}', 19),
(235, 28, 'id', 'text', 'Id', 1, 0, 0, 0, 0, 0, '{}', 1),
(236, 28, 'email', 'text', 'Email', 1, 1, 1, 1, 1, 1, '{}', 2),
(237, 28, 'created_at', 'timestamp', 'Время подписки', 0, 1, 1, 1, 0, 1, '{}', 3),
(238, 28, 'updated_at', 'timestamp', 'Updated At', 0, 0, 0, 0, 0, 0, '{}', 4),
(239, 13, 'service_belongsto_service_type_relationship', 'relationship', 'Категория', 1, 1, 1, 1, 1, 1, '{\"model\":\"App\\\\Models\\\\ServiceType\",\"table\":\"service_types\",\"type\":\"belongsTo\",\"column\":\"type_id\",\"key\":\"id\",\"label\":\"title\",\"pivot_table\":\"analyzes\",\"pivot\":\"0\",\"taggable\":\"0\"}', 2),
(240, 13, 'type_id', 'text', 'Type Id', 1, 1, 1, 1, 1, 1, '{}', 3),
(241, 29, 'id', 'text', 'Id', 1, 0, 0, 0, 0, 0, '{}', 1),
(242, 29, 'title', 'text', 'Название', 1, 1, 1, 1, 1, 1, '{}', 2),
(243, 29, 'slug', 'text', 'Ссылка (Уникальная)', 1, 0, 1, 1, 1, 1, '{\"slugify\":{\"origin\":\"title\",\"forceUpdate\":true},\"validation\":{\"rule\":\"unique:service_types,slug\"}}', 3),
(244, 29, 'seo_title', 'text', 'SEO Заголовок', 0, 0, 1, 1, 1, 1, '{}', 4),
(245, 29, 'meta_keywords', 'text_area', 'Meta Ключевые слова', 0, 0, 1, 1, 1, 1, '{}', 5),
(246, 29, 'meta_description', 'text_area', 'Meta Описание', 0, 0, 1, 1, 1, 1, '{}', 6),
(247, 29, 'status', 'checkbox', 'Статус', 1, 1, 1, 1, 1, 1, '{\"on\":\"\\u0412\\u043a\\u043b\\u044e\\u0447\\u0438\\u0442\\u044c\",\"off\":\"\\u041e\\u0442\\u043a\\u043b\\u044e\\u0447\\u0438\\u0442\\u044c\",\"checked\":true}', 7),
(248, 29, 'sort_id', 'number', 'Порядковый номер', 1, 1, 1, 1, 1, 1, '{}', 8),
(249, 29, 'created_at', 'timestamp', 'Created At', 0, 0, 1, 1, 0, 1, '{}', 9),
(250, 29, 'updated_at', 'timestamp', 'Updated At', 0, 0, 0, 0, 0, 0, '{}', 10),
(251, 13, 'featured', 'checkbox', 'На главной?', 1, 1, 1, 1, 1, 1, '{\"on\":\"\\u0414\\u0430\",\"off\":\"\\u041d\\u0435\\u0442\",\"checked\":false}', 7),
(252, 8, 'alternate', 'text', 'Альтернативное название', 0, 1, 1, 1, 1, 1, '{}', 3),
(253, 14, 'symptom_title', 'text', 'Заголовок Симптомов', 0, 0, 1, 1, 1, 1, '{}', 6),
(254, 14, 'program_title', 'text', 'Заголовок программ', 0, 0, 1, 1, 1, 1, '{}', 8),
(255, 9, 'second_price', 'number', 'Повторный прием', 0, 1, 1, 1, 1, 1, '{}', 8),
(256, 30, 'id', 'text', 'Id', 1, 0, 0, 0, 0, 0, '{}', 1),
(257, 30, 'uuid', 'text', 'Код', 1, 1, 1, 1, 1, 1, '{}', 2),
(258, 30, 'amount', 'text', 'Сумма', 1, 1, 1, 1, 1, 1, '{}', 3),
(259, 30, 'file', 'file', 'Файл', 1, 1, 1, 1, 1, 1, '{}', 4),
(260, 30, 'created_at', 'timestamp', 'Дата создания', 0, 1, 1, 1, 0, 1, '{}', 5),
(261, 30, 'updated_at', 'timestamp', 'Updated At', 0, 0, 0, 0, 0, 0, '{}', 6),
(262, 13, 'is_top', 'checkbox', 'В ТОП-е', 1, 1, 1, 1, 1, 1, '{\"on\":\"\\u0414\\u0430\",\"off\":\"\\u041d\\u0435\\u0442\",\"checked\":false}', 8);

-- --------------------------------------------------------

--
-- Структура таблицы `data_types`
--

CREATE TABLE `data_types` (
  `id` int(10) UNSIGNED NOT NULL,
  `name` varchar(191) COLLATE utf8mb4_unicode_ci NOT NULL,
  `slug` varchar(191) COLLATE utf8mb4_unicode_ci NOT NULL,
  `display_name_singular` varchar(191) COLLATE utf8mb4_unicode_ci NOT NULL,
  `display_name_plural` varchar(191) COLLATE utf8mb4_unicode_ci NOT NULL,
  `icon` varchar(191) COLLATE utf8mb4_unicode_ci DEFAULT NULL,
  `model_name` varchar(191) COLLATE utf8mb4_unicode_ci DEFAULT NULL,
  `policy_name` varchar(191) COLLATE utf8mb4_unicode_ci DEFAULT NULL,
  `controller` varchar(191) COLLATE utf8mb4_unicode_ci DEFAULT NULL,
  `description` varchar(191) COLLATE utf8mb4_unicode_ci DEFAULT NULL,
  `generate_permissions` tinyint(1) NOT NULL DEFAULT '0',
  `server_side` tinyint(4) NOT NULL DEFAULT '0',
  `details` text COLLATE utf8mb4_unicode_ci,
  `created_at` timestamp NULL DEFAULT NULL,
  `updated_at` timestamp NULL DEFAULT NULL
) ENGINE=InnoDB DEFAULT CHARSET=utf8mb4 COLLATE=utf8mb4_unicode_ci;

--
-- Дамп данных таблицы `data_types`
--

INSERT INTO `data_types` (`id`, `name`, `slug`, `display_name_singular`, `display_name_plural`, `icon`, `model_name`, `policy_name`, `controller`, `description`, `generate_permissions`, `server_side`, `details`, `created_at`, `updated_at`) VALUES
(1, 'users', 'users', 'User', 'Users', 'voyager-person', 'TCG\\Voyager\\Models\\User', 'TCG\\Voyager\\Policies\\UserPolicy', 'TCG\\Voyager\\Http\\Controllers\\VoyagerUserController', '', 1, 0, NULL, '2021-05-18 04:12:29', '2021-05-18 04:12:29'),
(2, 'menus', 'menus', 'Menu', 'Menus', 'voyager-list', 'TCG\\Voyager\\Models\\Menu', NULL, '', '', 1, 0, NULL, '2021-05-18 04:12:29', '2021-05-18 04:12:29'),
(3, 'roles', 'roles', 'Role', 'Roles', 'voyager-lock', 'TCG\\Voyager\\Models\\Role', NULL, 'TCG\\Voyager\\Http\\Controllers\\VoyagerRoleController', '', 1, 0, NULL, '2021-05-18 04:12:29', '2021-05-18 04:12:29'),
(4, 'pages', 'pages', 'Страница', 'Страницы', 'voyager-file-text', 'App\\Models\\Page', NULL, NULL, NULL, 1, 0, '{\"order_column\":null,\"order_display_column\":null,\"order_direction\":\"asc\",\"default_search_key\":null,\"scope\":null}', '2021-05-18 06:02:02', '2021-06-17 06:45:15'),
(6, 'contacts', 'contacts', 'Контакт', 'Контакты', 'voyager-location', 'App\\Models\\Contact', NULL, NULL, NULL, 1, 0, '{\"order_column\":null,\"order_display_column\":null,\"order_direction\":\"asc\",\"default_search_key\":null}', '2021-05-18 08:22:18', '2021-05-18 08:22:18'),
(7, 'sliders', 'sliders', 'Слайдер', 'Слайды', 'voyager-images', 'App\\Models\\Slider', NULL, NULL, NULL, 1, 0, '{\"order_column\":null,\"order_display_column\":null,\"order_direction\":\"asc\",\"default_search_key\":null,\"scope\":null}', '2021-05-18 11:16:10', '2021-06-06 04:56:04'),
(8, 'specialities', 'specialities', 'Специализация врачя', 'Специализация врачей', 'voyager-study', 'App\\Models\\Speciality', NULL, NULL, NULL, 1, 0, '{\"order_column\":null,\"order_display_column\":null,\"order_direction\":\"asc\",\"default_search_key\":null,\"scope\":null}', '2021-05-18 11:59:37', '2021-05-25 04:56:45'),
(9, 'doctors', 'doctors', 'Врач', 'Врачи', 'voyager-person', 'App\\Models\\Doctor', NULL, NULL, NULL, 1, 0, '{\"order_column\":null,\"order_display_column\":null,\"order_direction\":\"asc\",\"default_search_key\":null,\"scope\":null}', '2021-05-18 13:52:51', '2021-07-20 10:42:09'),
(11, 'analyzes', 'analyzes', 'Анализ', 'Анализы', 'voyager-lab', 'App\\Models\\Analysis', NULL, NULL, NULL, 1, 0, '{\"order_column\":null,\"order_display_column\":null,\"order_direction\":\"asc\",\"default_search_key\":null,\"scope\":null}', '2021-05-28 07:22:42', '2021-05-28 07:30:08'),
(12, 'researches', 'researches', 'Исследование', 'Исследования', 'voyager-bulb', 'App\\Models\\Research', NULL, NULL, NULL, 1, 0, '{\"order_column\":null,\"order_display_column\":null,\"order_direction\":\"asc\",\"default_search_key\":null,\"scope\":null}', '2021-05-28 07:26:17', '2021-05-28 07:43:00'),
(13, 'services', 'services', 'Услуга', 'Услуги', 'voyager-world', 'App\\Models\\Service', NULL, NULL, NULL, 1, 0, '{\"order_column\":null,\"order_display_column\":null,\"order_direction\":\"asc\",\"default_search_key\":null,\"scope\":null}', '2021-05-28 10:42:43', '2021-08-31 09:35:37'),
(14, 'methodics', 'methodics', 'Методика', 'Методики', 'voyager-archive', 'App\\Models\\Methodic', NULL, NULL, NULL, 1, 0, '{\"order_column\":null,\"order_display_column\":null,\"order_direction\":\"asc\",\"default_search_key\":null,\"scope\":null}', '2021-06-03 03:01:03', '2021-08-25 08:20:39'),
(15, 'checkup_faqs', 'checkup-faqs', 'Checkup Вопрос', 'Checkup Вопросы', 'voyager-list', 'App\\Models\\CheckupFaq', NULL, NULL, NULL, 1, 0, '{\"order_column\":null,\"order_display_column\":null,\"order_direction\":\"asc\",\"default_search_key\":null,\"scope\":null}', '2021-06-04 07:00:09', '2021-06-04 07:03:35'),
(16, 'checkups', 'checkups', 'Checkup', 'Checkups', 'voyager-pie-chart', 'App\\Models\\Checkup', NULL, NULL, NULL, 1, 0, '{\"order_column\":null,\"order_display_column\":null,\"order_direction\":\"asc\",\"default_search_key\":null,\"scope\":null}', '2021-06-04 07:05:57', '2021-06-04 07:06:53'),
(17, 'checkup_types', 'checkup-types', 'Категория', 'Категории', 'voyager-categories', 'App\\Models\\CheckupType', NULL, NULL, NULL, 1, 0, '{\"order_column\":null,\"order_display_column\":null,\"order_direction\":\"asc\",\"default_search_key\":null}', '2021-06-04 07:09:33', '2021-06-04 07:09:33'),
(18, 'checkup_prices', 'checkup-prices', 'Checkup Цена', 'Checkup Цены', 'voyager-dollar', 'App\\Models\\CheckupPrice', NULL, NULL, NULL, 1, 0, '{\"order_column\":null,\"order_display_column\":null,\"order_direction\":\"asc\",\"default_search_key\":null,\"scope\":null}', '2021-06-04 07:10:46', '2021-06-04 13:21:05'),
(19, 'icontexts', 'icontexts', 'Преимущество', 'Преимущества', 'voyager-sound', 'App\\Models\\Icontext', NULL, NULL, NULL, 1, 0, '{\"order_column\":null,\"order_display_column\":null,\"order_direction\":\"asc\",\"default_search_key\":null,\"scope\":null}', '2021-06-06 05:08:26', '2021-06-19 02:30:32'),
(21, 'certificates', 'certificates', 'Сертификат', 'Сертификаты', 'voyager-certificate', 'App\\Models\\Certificate', NULL, NULL, NULL, 1, 0, '{\"order_column\":null,\"order_display_column\":null,\"order_direction\":\"asc\",\"default_search_key\":null}', '2021-06-06 05:26:24', '2021-06-06 05:26:24'),
(22, 'partners', 'partners', 'Партнер', 'Партнеры', 'voyager-images', 'App\\Models\\Partner', NULL, NULL, NULL, 1, 0, '{\"order_column\":null,\"order_display_column\":null,\"order_direction\":\"asc\",\"default_search_key\":null}', '2021-06-10 11:13:28', '2021-06-10 11:13:28'),
(23, 'corp_videos', 'corp-videos', 'Видео', 'Видео', 'voyager-tv', 'App\\Models\\CorpVideo', NULL, NULL, NULL, 1, 0, '{\"order_column\":null,\"order_display_column\":null,\"order_direction\":\"asc\",\"default_search_key\":null}', '2021-06-10 11:17:58', '2021-06-10 11:17:58'),
(24, 'corp_blocks', 'corp-blocks', 'Текст блок', 'Текст блоки', 'voyager-window-list', 'App\\Models\\CorpBlock', NULL, NULL, NULL, 1, 0, '{\"order_column\":null,\"order_display_column\":null,\"order_direction\":\"asc\",\"default_search_key\":null}', '2021-06-10 11:50:10', '2021-06-10 11:50:10'),
(25, 'galleries', 'galleries', 'Галерея', 'Галереи', 'voyager-images', 'App\\Models\\Gallery', NULL, NULL, NULL, 1, 0, '{\"order_column\":null,\"order_display_column\":null,\"order_direction\":\"asc\",\"default_search_key\":null}', '2021-06-11 06:53:33', '2021-06-11 06:53:33'),
(26, 'articles', 'articles', 'Статья', 'Статьи', 'voyager-news', 'App\\Models\\Article', NULL, NULL, NULL, 1, 0, '{\"order_column\":null,\"order_display_column\":null,\"order_direction\":\"asc\",\"default_search_key\":null,\"scope\":null}', '2021-06-16 03:41:47', '2021-06-16 03:45:07'),
(27, 'sales', 'sales', 'Акция', 'Акции', 'voyager-gift', 'App\\Models\\Sale', NULL, NULL, NULL, 1, 0, '{\"order_column\":null,\"order_display_column\":null,\"order_direction\":\"asc\",\"default_search_key\":null,\"scope\":null}', '2021-06-17 06:28:07', '2021-07-03 02:25:11'),
(28, 'subscribers', 'subscribers', 'Подписчик', 'Подписчики', 'voyager-world', 'App\\Models\\Subscriber', NULL, NULL, NULL, 1, 0, '{\"order_column\":null,\"order_display_column\":null,\"order_direction\":\"asc\",\"default_search_key\":null}', '2021-06-18 06:02:12', '2021-06-18 06:02:12'),
(29, 'service_types', 'service-types', 'Категория услуг', 'Категории услуг', 'voyager-paint-bucket', 'App\\Models\\ServiceType', NULL, NULL, NULL, 1, 0, '{\"order_column\":null,\"order_display_column\":null,\"order_direction\":\"asc\",\"default_search_key\":null,\"scope\":null}', '2021-07-14 05:55:10', '2021-07-14 05:56:35'),
(30, 'applications', 'applications', 'Корзина', 'Корзины', 'voyager-receipt', 'App\\Models\\Application', NULL, NULL, NULL, 1, 1, '{\"order_column\":null,\"order_display_column\":null,\"order_direction\":\"asc\",\"default_search_key\":\"uuid\",\"scope\":null}', '2021-07-28 17:32:51', '2021-07-28 17:34:37');

-- --------------------------------------------------------

--
-- Структура таблицы `doctors`
--

CREATE TABLE `doctors` (
  `id` bigint(20) UNSIGNED NOT NULL,
  `name` varchar(191) COLLATE utf8mb4_unicode_ci NOT NULL,
  `spec` varchar(191) COLLATE utf8mb4_unicode_ci NOT NULL,
  `image` varchar(191) COLLATE utf8mb4_unicode_ci DEFAULT NULL,
  `price` int(11) DEFAULT NULL,
  `second_price` int(11) DEFAULT NULL,
  `slug` varchar(191) COLLATE utf8mb4_unicode_ci NOT NULL,
  `content` longtext COLLATE utf8mb4_unicode_ci,
  `seo_title` varchar(191) COLLATE utf8mb4_unicode_ci DEFAULT NULL,
  `meta_keywords` text COLLATE utf8mb4_unicode_ci,
  `meta_description` text COLLATE utf8mb4_unicode_ci,
  `status` tinyint(1) NOT NULL DEFAULT '1',
  `sort_id` int(11) NOT NULL DEFAULT '1',
  `featured` tinyint(1) NOT NULL DEFAULT '0',
  `created_at` timestamp NULL DEFAULT NULL,
  `updated_at` timestamp NULL DEFAULT NULL
) ENGINE=InnoDB DEFAULT CHARSET=utf8mb4 COLLATE=utf8mb4_unicode_ci;

--
-- Дамп данных таблицы `doctors`
--

INSERT INTO `doctors` (`id`, `name`, `spec`, `image`, `price`, `second_price`, `slug`, `content`, `seo_title`, `meta_keywords`, `meta_description`, `status`, `sort_id`, `featured`, `created_at`, `updated_at`) VALUES
(1, 'Шамсутдинов Дамир Яхьянович ', 'Врач ультразвуковой диагностики', 'doctors/July2021/9F2saVloKpEYkx1YbuuZ.jpg', NULL, NULL, 'shamsutdinov-damir-yahyanovich', '<p>Шамсутдинов Дамир Яхьянович</p>\n<p>&nbsp;Специалист клиники Health City</p>\n<p>Врач ультразвуковой диагностики</p>\n<p>Стаж работы 9лет</p>\n<p>Навыки: УЗИ щитовидной, молочной желез, органы брюшной полости, почек, органы малого таза у мужчин и женщин, мягкие ткани взрослых и детей от 4 лет</p>\n<p>Дуплексное сканирование сосудов верхних, нижних конечностей, шей и головы, почек, брюшной полости (брюшная аорта и ветви) взрослых и детей от 4 лет</p>\n<p>Образование</p>\n<p>1998-2004 КазНМУ им.Асфендиярова Алматы&nbsp; Факультет: 040140 Лечебное дело.</p>\n<p>Специальность: врач</p>\n<p>&nbsp; &nbsp; 2004-2005 Интернатура в КазНМУ им.Асфендиярова&nbsp; &nbsp; &nbsp; &nbsp;&nbsp;</p>\n<p>Специализация по &ldquo;Лучевой диагностики&rdquo; 2012г Алматы</p>\n<p>Дополнительно:</p>\n<p>1. г. Казань,&nbsp; ГБОУ ВПО &ldquo;Казанский государственный медицинский университет &rdquo; &ndash; Новые технологии диагностики, лечения и профилактики инсульта &ndash; Дуплексное сканирование сосудов головы и шеи 2012г&nbsp;</p>\n<p>2. г.Алматы, АГИУВ&nbsp; &nbsp;УЗД патологии магистральных сосудов 2014г</p>\n<p>3. г. Москва Федеральное государственное бюджетное учреждение &laquo;Национальный медицинский исследовательский центр сердечно-сосудистой хирургии имени А.Н. Бакулева&raquo; Министерства здравоохранения Российской Федерации</p>\n<p>СОМЕТ, Комплексная ультразвуковая диагностика артериальной и венозной патологии человека</p>\n<p>2017г</p>\n<p>4. г. Екатеринбург Ультразвуковая ангиология по международным стандартам 2019г</p>\n<p>Семинары, конференции, форумы:</p>\n<p>1. &ldquo;Нарушение венозного церебрального кровообращения&rdquo; 2013г НЦССХ им. А.Н. Бакулева РАМН г.Москва 2013г</p>\n<p>2. Научно практическая конференция с международным участием &ldquo;Новые технологии в функциональной и ультразвуковой диагностике&rdquo; 2015г, г. Алматы</p>\n<p>Международный образовательный форум для врачей ультразвуковой и функциональной диагностики г. Бишкек 2017г</p>\n<p>3. &ldquo;Ультразвуковое исследование сосудов нижних конечностей, сосудов шеи и головы&rdquo; Куликов В.П.г. Алматы 2017г&nbsp;</p>\n<p>4. Инновационные технологии мультипараметрического УЗИ в диагностики патологии внутренних органов: от простого к сложному г. Алматы 2019г&nbsp;</p>\n<p>5. I Международный конгресс ультразвуковой диагностики 2021 КАУДМ</p>', 'Шамсутдинов Дамир Яхьянович ', 'Шамсутдинов Дамир Яхьянович ', 'Шамсутдинов Дамир Яхьянович ', 1, 1, 0, '2021-05-18 10:56:00', '2021-07-09 02:45:55'),
(2, 'Джамбулова Динара Айнидиновна', 'Врач ультразвуковой диагностики', 'doctors/July2021/VUVtaQlAnYnUbNRwpd69.jpg', NULL, NULL, 'dzhambulova-dinara-ajnidinovna', '<p>ДЖАМБУЛОВА ДИНАРА АЙНИДИНОВНА</p>\n<p>Врач ультразвуковой диагностики.&nbsp; Первой категории.</p>\n<p>Общий стаж работы 10 лет. Стаж работы по специальности 8 лет.</p>\n<p>Специализация: ультразвуковая диагностика детей от 0 лет и взрослых : узи&nbsp; органов брюшной полости,забрюшинного&nbsp; пространства ,почек , мочевого пузыря, плевральные полости.&nbsp;</p>\n<p>узи щитовидной железы внутрибрюшинных , мезентериальных и периферических лимфатических узлов и мягких тканей.&nbsp;</p>\n<p>Узи гайморовых пазух.&nbsp;</p>\n<p>А так же только&nbsp; детям: нейросонография Допплерография&nbsp; сосудов головы , печени, селезёнки&nbsp; и почек. Узи шейного отдела позвоночника. Детская Геникология . Узи органов мошонки и паховых каналов. Узи вилочковой&nbsp; железы ( тимуса)&nbsp;</p>\n<p>Образование:</p>\n<p>Закончила с отличием КазНМУ им С.Д Асфеедиярова в 2009 г</p>\n<p>2009-2010 гг клиническая&nbsp; интернатура в КазНМУ им С.Д Асфедиярова&nbsp;</p>\n<p>2010-2012гг.- клиническая резидентура НЦП и ДХ по специальности &laquo;Педиатрия&raquo;.</p>\n<p>2013г.- первичная специализация &laquo;Лучевая диагностика компонент по выбору УЗИ&raquo;, АГИУВ г. Алматы.</p>\n<p>2014г.- цикл повышения квалификации по теме &laquo;Нейросонография&raquo;, КазНМУ г. Алматы.</p>\n<p>2017 г.- цикл повышения квалификации по теме &laquo; Ультразвуковая диагностика в уронефрологии&raquo;, АГИУВ г. Алматы.</p>\n<p>2019 г.- цикл повышения квалификации по теме &laquo; Ультразвуковая диагностика периферических сосудов&raquo;</p>', 'Джамбулова Динара Айнидиновна', 'Джамбулова Динара Айнидиновна', 'Джамбулова Динара Айнидиновна', 1, 2, 0, '2021-07-06 22:14:00', '2021-07-09 02:45:20'),
(3, 'Боярова Оксана Юрьевна', 'Гинеколог, Врач ультразвуковой диагностики', 'doctors/July2021/2M9muNx7Zpqw3KLb4BA7.jpg', NULL, NULL, 'boyarova-oksana-yurevna', '<p>Боярова Оксана Юрьевна &ndash; специалист клиники Health City,</p>\n<p>Врач&nbsp; гинеколог-эндокринолог, врач УЗД&nbsp;&nbsp;</p>\n<p>высшей категории&nbsp;</p>\n<p>Стаж работы &ndash; 12 лет</p>\n<p>Специализируется в направлениях:</p>\n<p>&bull; планирование беременности</p>\n<p>&bull; лечение хронических воспалительных процессов ОМТ и инфекций передаваемых половым путем;</p>\n<p>&bull; диагностика и лечение патологии шейки матки</p>\n<p>&bull; нарушения менструального цикла, заместительная и менопаузальная гормональная терапия</p>\n<p>&bull; детской и эндокринной гинекологии&nbsp;</p>\n<p>&bull; лечение женского бесплодия</p>\n<p>Образование:&nbsp;</p>\n<p>Например:</p>\n<p>2013г. Первичная специализация &laquo;Лучевая диагностика&raquo;(УЗИ) АГИУВ г.Алматы</p>\n<p>2009-2010гг. интернатура по акушерству и&nbsp; гинекологии&nbsp; ЮКГФА г.Шымкент</p>\n<p>2003-2009 гг. &ndash; Южно-Казахстанская государственная медицинская&nbsp; академия Лечебное дело.</p>\n<p>Дополнительная информация&nbsp;</p>\n<p>Повышение квалификации</p>\n<p>2021г Повышение квалификации &laquo; Эндокринные аспекты репродуктивного здоровья&raquo; г. Москва</p>\n<p>2021г II Национальный конгресс по менопаузе г. Москва</p>\n<p>2021г XV Международный конгресс по Репродуктивной Медицине&nbsp; &nbsp; &nbsp; &nbsp; &nbsp; &nbsp; &nbsp; &nbsp; г. Москва</p>\n<p>2021г Повышение квалификации &laquo; Гормональная контрацепция от А до Я&raquo;&nbsp; г. Алматы</p>\n<p>2020г Повышение квалификации &laquo; Детская гинекология&raquo; г. Москва</p>\n<p>2020г Повышение квалификации &laquo; Бесплодный брак. Актуальные проблемы&raquo; г. Алматы</p>\n<p>2018г Повышение квалификации &laquo; Гинекологическая эндокринология&raquo;&nbsp; &nbsp; &nbsp; &nbsp; &nbsp;г. Алматы</p>\n<p>2018г Повышение квалификации &laquo; Патология шейки матки и основы расширенной кольпоскопии &raquo; г Алматы</p>', 'Боярова Оксана Юрьевна', 'Боярова Оксана Юрьевна', 'Боярова Оксана Юрьевна', 1, 3, 0, '2021-07-06 22:18:00', '2021-07-09 03:06:50'),
(5, 'Саумал Салтанат Еркинкызы', 'Врач ультразвуковой диагностики', 'doctors/July2021/3ayoylqriCDH4rwbAUTm.jpg', NULL, NULL, 'saumal-saltanat-erkinkyzy', '<p>&nbsp;</p>\n<p>Саумал Салатанат Еркинкызы &ndash; специалист клиники Health City,</p>\n<p>Врач &ndash; ультрасонолог&nbsp; (Например)&nbsp;</p>\n<p>Второй&nbsp;</p>\n<p>Стаж работы &ndash; 8 лет (по УЗД)</p>\n<p>Специализируется в направлениях: (Вписать свои основные направления)</p>\n<p>&bull; Все виды УЗИ&nbsp;</p>\n<p>Образование:&nbsp;</p>\n<p>Например:</p>\n<p>1997 - 2003 гг. &ndash; Окончила Южно-Казахстанскую государственную медицинскую&nbsp; академию- Лечебное дело. По окончании интернатуры присвоена квалификация врач акушер-гинеколог.&nbsp;</p>\n<p>2013 г &ndash; Специализация по Ультразвуковой диагностике. &laquo;АГИУФ&raquo;&nbsp;&nbsp;</p>\n<p>2017 г- Ультразвуковая диагностика сосудистых заболеваний прошла обучение на базе &laquo;Новосибирского института&nbsp; повышения квалификации работников здравоохранения&raquo;.</p>\n<p>2018 г- УЗД заболеваний органов брюшной полости и забрюшинного пространства. &laquo;Казахстанский медицинский университет ВШОЗ&raquo;.</p>\n<p>2018 г. Современные&nbsp; международные стандарты краниальной сонографии с курсом УЗД позвоночника у детей (исследование головного мозга, сосудов и черепа , нормальная анатомия и ултразвуковая диагностика позвоночника у детей). &laquo;Учебный центр EXPROMED г. Екатеринбург&raquo;.</p>\n<p>2021 г. Ультразвуковая диагностика костно-мышечной системы по международным стандартам.&nbsp; &laquo;Учебный центр МEDTRAIN&nbsp; г. Екатеринбург&raquo;.</p>\n<p>Неоднократно повышала квалификацию в городах Алматы, Екатеринбург, Барнаул. Регулярно принимает участие в конференциях, форумах, мастер-классах</p>', 'Саумал Салтанат Еркинкызы', 'Саумал Салтанат Еркинкызы', 'Саумал Салтанат Еркинкызы', 1, 4, 0, '2021-07-06 22:21:00', '2021-07-09 02:44:38'),
(6, 'Бежкенова Жанар Маратовна', 'Врач ультразвуковой диагностики', 'doctors/July2021/3SaTB2M1wFvDj2KZcyaU.jpg', NULL, NULL, 'bezhkenova-zhanar-maratovna', '<p>Бежкенова Жанар Маратовна - специалист клиники Health City,</p>\n<p>Врач ультразвуковой диагностики</p>\n<p>Стаж работы &ndash; 19лет</p>\n<p>&nbsp;</p>\n<p>Специализируется в направлениях:</p>\n<p>УЗИ ОБП,почек,омт,щитовидной железы,молочной железы,предстательной железы,органов мошонки,мягких тканей,сосудов.</p>\n<p>&nbsp;</p>\n<p>Образование:&nbsp;</p>\n<p>-1995-2001гг. КазНМУ им. Асфендиярова, лечебный факультет</p>\n<p>-2010-2011 гг. КазНМУ им Асфендиярова. Интернатура по специальности УЗДГ</p>\n<p>-2001-2002гг. КазНМУ.</p>\n<p>&nbsp;</p>\n<p>Повышение квалификации:</p>\n<p>-КазГМА &laquo;Избранные вопросы рентгено-ультразвуковой диагности&raquo; 2004г&nbsp;</p>\n<p>-АГИУВ &laquo;УЗД заболеваний щитовидно,молочных желёз и глаза&raquo; 2007 г</p>\n<p>-АГИУВ &laquo;УЗД патологии в системе мать-плацента-плод&raquo; 2008г</p>\n<p>-АГИУВ &laquo;Нейросонография&raquo; 2014г</p>\n<p>-АГИУВ &laquo;УЗД патологии верхних и нижних конечностей&raquo; 2014г</p>\n<p>-&laquo;Экспромед&raquo; &laquo;Актуальные вопросы общей ультразвуковой диагностики по международным стандартам с курсом эластографии,уронефрологии с диагностикой заболеваний предстательной железы,полового члена и мужского бесплодия&raquo; 2017г</p>\n<p>-&laquo;Экспромед&raquo; &laquo;Ультразвуковая ангиология по международным стандартам&raquo; 2017г</p>\n<p>-Казахстанско-Российский медицинский университет &laquo;Ультразвуковая диагностика патологии сосудов&raquo; 2021г</p>\n<p>&nbsp;</p>\n<p>-Постоянное посещение семинаров, конференции, круглых столов по актуальным темам в ультразвуковой диагностики.</p>', 'Бежкенова Жанар Маратовна ', 'Бежкенова Жанар Маратовна ', 'Бежкенова Жанар Маратовна ', 1, 5, 0, '2021-07-06 22:23:00', '2021-07-12 01:24:57'),
(7, 'Бишманов Рустем Какимжанович', 'Уролог, Хирург', 'doctors/July2021/4JpEhlUpbX9RuVVIGg76.jpg', 6500, NULL, 'bishmanov-rustem-kakimzhanovich', '<p>Бишманов Рустем Какимжанович &ndash; специалист клиники Health City,</p>\n<p>Детский хирург, детский уролог.</p>\n<p>Врач высшей категории.</p>\n<p>PhD</p>\n<p>Стаж работы &ndash; 13 лет</p>\n<p>&nbsp;</p>\n<p>Специализируется в направлениях:&nbsp;</p>\n<p>&bull; Диагностика патологий мочевыводящей и половой систем у детей.</p>\n<p>&bull; Амбулаторное ведение детей с урологической патологией.</p>\n<p>&bull; Решение вопроса, консультация о хирургическом лечении детей с урологической патологией.</p>\n<p>&bull; Эндовидеохирургия в детской урологии.</p>\n<p>&bull; Профилактический осмотр младенцев и детей младшего возраста по вопросам детской хирургии.</p>\n<p>&nbsp;</p>\n<p>Образование:&nbsp;</p>\n<p>2002 - 2008 гг. &ndash; Казахский национальный медицинский университет им С. Асфендиярова. Педиатрический факультет.</p>\n<p>2008 &ndash; 2009 &ndash; интернатура по специальности &laquo;Детская хирургия&raquo;.</p>\n<p>2009 &ndash; 2012 &ndash; резидентура по специальности &laquo;Детская хирургия&raquo;.</p>\n<p>2015 &ndash; 2018 &ndash; докторантура PhD &laquo;Медицина&raquo;.</p>\n<p>2015 &ndash; Обучение по программе &laquo;Болашак&raquo; в университетской клинике Енсе Каннам Северанс (Сеул, Корея), по специальности &laquo;Эндовидеохирургия в урологии&raquo;.</p>\n<p>&nbsp;</p>', 'Бишманов Рустем Какимжанович', 'Бишманов Рустем Какимжанович', 'Бишманов Рустем Какимжанович', 1, 6, 0, '2021-07-06 22:25:00', '2021-07-09 05:10:59'),
(8, 'Кононов Игорь Алексеевич', 'Уролог', 'doctors/July2021/JnotS9kV10S6Lpw6MAI3.jpg', 7000, NULL, 'kononov-igor-alekseevich', '<p>Игорь Алексеевич Кононов&nbsp;<span style=\"color: #636363; font-family: Arial, sans-serif; font-size: 11.5pt;\">&ndash; специалист клиники Health City,</span></p>\n<p class=\"MsoNormal\" style=\"margin-bottom: 0.0001pt; line-height: 15pt; background-image: initial; background-position: initial; background-size: initial; background-repeat: initial; background-attachment: initial; background-origin: initial; background-clip: initial;\">&nbsp;</p>\n<p>Один из лучших специалистов, проводящий такие манипуляции как:</p>\n<ul>\n<li>обследование и лечение урологических больных</li>\n<li>проведение эндоскопических операций,&nbsp;</li>\n<li>проведение литотрипсий,&nbsp;</li>\n<li>лечение проблем урологической системы,</li>\n<li>лечение заболеваний репродуктивной системы.</li>\n<li>&nbsp;</li>\n</ul>\n<p>Повышение квалификации:&nbsp;</p>\n<p>2014 г. &ndash; &laquo;Эндовидеохирургические вмешательства в урологии&raquo;&nbsp;</p>\n<p>2001 г. &ndash; была присуждена ученая степень Кандидата медицинских наук, Министерством науки и высшего образования РК&nbsp;</p>\n<p>&nbsp;</p>\n<p>Образование:</p>\n<p>1999 г. &ndash; окончил McGill University, Montreal, старейший и известнейший университет Канады&nbsp;</p>\n<p>1992 г. &ndash; окончил Алматинский Государственный Медицинский Институт им. Асфендиярова</p>\n<p>Опыт работы:&nbsp;</p>\n<p>2004-2008 гг. - врач урологического отделения частного медицинского центра&nbsp;</p>\n<p>1992-2008 гг. - врач отделения эндоурологии и литотрипсии, Научный Центр Урологии им. Акад. Б.У. Джарбусынова</p>\n<p>&nbsp;</p>\n<p>Игорь Алексеевич регулярно принимает участие в международных конференциях (Казахстан, Россия, Армения, Киргизия, Германия).&nbsp;</p>\n<p>Имеет 23 научные публикации, 1 патентное изобретение, 1 рационализаторское предложение.</p>', 'Кононов Игорь Алексеевич', 'Кононов Игорь Алексеевич', 'Кононов Игорь Алексеевич', 1, 7, 0, '2021-07-06 22:26:00', '2021-07-09 05:08:50'),
(9, 'Попенко Евгения Валентиновна', 'Уролог', 'doctors/July2021/Rext2ZB1PxxtkeVGiG2s.jpg', 6500, NULL, 'popenko-evgeniya-valentinovna', '<p>Попенко Евгения Валентиновна &ndash; специалист клиники Health City,</p>\n<p>Врач&nbsp; уролог- андролог;</p>\n<p>Врач высшей категории</p>\n<p>К.М.Н.</p>\n<p>Стаж работы &ndash; 40 лет.</p>\n<p>&nbsp;</p>\n<p>Специализируется в направлениях:</p>\n<p>&bull; лечение острых и хронических воспалительных процессов почек, ОМТ</p>\n<p>&bull; диагностика и лечение инфекций передаваемых половым путем;</p>\n<p>&bull; диагностика и лечение мочевыводящих путей;</p>\n<p>&bull; андрологические заболевания;</p>\n<p>&bull; лечение мужского бесплодия</p>\n<p>&nbsp;</p>\n<p>Образование:&nbsp;</p>\n<p>1976-1982г Алматинский государственный медицинский институт&nbsp; г.Алматы Лечебное дело.</p>', 'Попенко Евгения Валентиновна', 'Попенко Евгения Валентиновна', 'Попенко Евгения Валентиновна', 1, 8, 0, '2021-07-06 22:28:00', '2021-07-09 05:05:06'),
(10, 'Байсанова Сауле Темирбулатовна', 'Гинеколог', 'doctors/July2021/911mjX3KdQ3OudSn1QRq.jpg', 7000, NULL, 'bajsanova-saule-temirbulatovna', '<p class=\"MsoNormal\" style=\"margin-bottom: 11.25pt; text-align: justify; line-height: normal; background: white;\"><em style=\"mso-bidi-font-style: normal;\"><span style=\"mso-fareast-font-family: \'Times New Roman\'; mso-bidi-font-family: \'Times New Roman\'; color: #333333; mso-fareast-language: RU;\"><span style=\"mso-spacerun: yes;\">&nbsp;</span></span></em><span style=\"mso-fareast-font-family: \'Times New Roman\'; mso-bidi-font-family: \'Times New Roman\'; color: #333333; mso-fareast-language: RU;\">Байсанова Сауле Темирбулатовна &ndash; специалист клиники </span><span lang=\"EN-US\" style=\"mso-fareast-font-family: \'Times New Roman\'; mso-bidi-font-family: \'Times New Roman\'; color: #333333; mso-ansi-language: EN-US; mso-fareast-language: RU;\">Health</span> <span lang=\"EN-US\" style=\"mso-fareast-font-family: \'Times New Roman\'; mso-bidi-font-family: \'Times New Roman\'; color: #333333; mso-ansi-language: EN-US; mso-fareast-language: RU;\">City</span></p>\n<p class=\"MsoNormal\" style=\"margin-bottom: 11.25pt; text-align: justify; line-height: normal; background: white;\"><span style=\"mso-fareast-font-family: \'Times New Roman\'; mso-bidi-font-family: \'Times New Roman\'; color: #333333; mso-fareast-language: RU;\">Врач - гинеколог высшей категории.</span></p>\n<p class=\"MsoNormal\" style=\"margin-bottom: 11.25pt; text-align: justify; line-height: normal; background: white;\"><span style=\"mso-fareast-font-family: \'Times New Roman\'; mso-bidi-font-family: \'Times New Roman\'; color: #333333; mso-fareast-language: RU;\">Стаж работы &ndash; 31 лет</span></p>\n<p class=\"MsoNormal\" style=\"margin-bottom: 11.25pt; text-align: justify; line-height: normal; background: white;\">&nbsp;</p>\n<p class=\"MsoNormal\" style=\"margin-bottom: 11.25pt; text-align: justify; line-height: normal; background: white;\"><span style=\"mso-fareast-font-family: \'Times New Roman\'; mso-bidi-font-family: \'Times New Roman\'; color: #333333; mso-fareast-language: RU;\">Специализируется в направлениях: </span></p>\n<ul>\n<li class=\"MsoNormal\" style=\"line-height: normal; background: white;\"><span style=\"mso-fareast-font-family: \'Times New Roman\'; mso-bidi-font-family: \'Times New Roman\'; color: #333333; mso-fareast-language: RU;\">лечение хронических воспалительных процессов</span></li>\n<li>&nbsp;</li>\n<li class=\"MsoNormal\" style=\"line-height: normal; background: white;\"><span style=\"mso-fareast-font-family: \'Times New Roman\'; mso-bidi-font-family: \'Times New Roman\'; color: #333333; mso-fareast-language: RU;\">лечение инфекций, передаваемых половым путем</span></li>\n<li>&nbsp;</li>\n<li class=\"MsoNormal\" style=\"line-height: normal; background: white;\"><span style=\"mso-fareast-font-family: \'Times New Roman\'; mso-bidi-font-family: \'Times New Roman\'; color: #333333; mso-fareast-language: RU;\">диагностика и лечение заболеваний шейки матки</span></li>\n<li>&nbsp;</li>\n<li class=\"MsoNormal\" style=\"line-height: normal; background: white;\"><span style=\"mso-fareast-font-family: \'Times New Roman\'; mso-bidi-font-family: \'Times New Roman\'; color: #333333; mso-fareast-language: RU;\">планирование семьи, помощь в выборе метода контрацепции</span></li>\n<li>&nbsp;</li>\n<li class=\"MsoNormal\" style=\"line-height: normal; background: white;\"><span style=\"mso-fareast-font-family: \'Times New Roman\'; mso-bidi-font-family: \'Times New Roman\'; color: #333333; mso-fareast-language: RU;\">лечение женского бесплодия</span></li>\n</ul>\n<p class=\"MsoNormal\" style=\"margin-bottom: 11.25pt; text-align: justify; line-height: normal; background: white;\"><span style=\"mso-fareast-font-family: \'Times New Roman\'; mso-bidi-font-family: \'Times New Roman\'; color: #333333; mso-fareast-language: RU;\">&nbsp;</span></p>\n<p class=\"MsoNormal\" style=\"margin-bottom: 11.25pt; text-align: justify; line-height: normal; background: white;\"><span style=\"mso-fareast-font-family: \'Times New Roman\'; mso-bidi-font-family: \'Times New Roman\'; color: #333333; mso-fareast-language: RU;\">Образование: </span></p>\n<p class=\"MsoNormal\" style=\"margin-bottom: 11.25pt; text-align: justify; line-height: normal; background: white;\"><span style=\"mso-fareast-font-family: \'Times New Roman\'; mso-bidi-font-family: \'Times New Roman\'; color: #333333; mso-fareast-language: RU;\">1990 г.- 1997 г. - Казахский государственный медицинский университет им С. Асфендиярова. Лечебное дело. </span></p>\n<p class=\"MsoNormal\" style=\"margin-bottom: 11.25pt; text-align: justify; line-height: normal; background: white;\"><span style=\"mso-fareast-font-family: \'Times New Roman\'; mso-bidi-font-family: \'Times New Roman\'; color: #333333; mso-fareast-language: RU;\">1997 г.-1999 г. - Клиническая ординатура. Казахский государственный медицинский университет им С. Асфендиярова.</span></p>\n<p class=\"MsoNormal\" style=\"margin-bottom: 11.25pt; text-align: justify; line-height: normal; background: white;\"><span style=\"mso-fareast-font-family: \'Times New Roman\'; mso-bidi-font-family: \'Times New Roman\'; color: #333333; mso-fareast-language: RU;\">2000 г. &ndash; Постдипломная подготовка &ldquo;Избранные вопросы в акушерстве и гинекологии&rdquo;. Кафедра АГИУВ. </span></p>\n<p class=\"MsoNormal\" style=\"margin-bottom: 11.25pt; text-align: justify; line-height: normal; background: white;\"><span style=\"mso-fareast-font-family: \'Times New Roman\'; mso-bidi-font-family: \'Times New Roman\'; color: #333333; mso-fareast-language: RU;\">2001 г.- 2014 г. - Ординатор отделения патологии ГККП родильного дома №1. </span></p>\n<p class=\"MsoNormal\" style=\"margin-bottom: 11.25pt; text-align: justify; line-height: normal; background: white;\"><span style=\"mso-fareast-font-family: \'Times New Roman\'; mso-bidi-font-family: \'Times New Roman\'; color: #333333; mso-fareast-language: RU;\">2009 г.- 2011 г. - Соискатель ученой степени к.м.н. по теме: &ldquo;Ведение беременности и родоразрешение женщин с органическими заболеваниями головного мозга&rdquo;. </span></p>\n<p class=\"MsoNormal\" style=\"margin-bottom: 11.25pt; text-align: justify; line-height: normal; background: white;\"><span style=\"mso-fareast-font-family: \'Times New Roman\'; mso-bidi-font-family: \'Times New Roman\'; color: #333333; mso-fareast-language: RU;\">2012 г. - ИРМ &ldquo;Внутрипросветная хирургия. </span></p>\n<p class=\"MsoNormal\" style=\"margin-bottom: 11.25pt; text-align: justify; line-height: normal; background: white;\"><span style=\"mso-fareast-font-family: \'Times New Roman\'; mso-bidi-font-family: \'Times New Roman\'; color: #333333; mso-fareast-language: RU;\">2013 г. - УЗД в акушерстве и гинекологии.</span></p>\n<p class=\"MsoNormal\" style=\"margin-bottom: 11.25pt; text-align: justify; line-height: normal; background: white;\"><span style=\"mso-fareast-font-family: \'Times New Roman\'; mso-bidi-font-family: \'Times New Roman\'; color: #333333; mso-fareast-language: RU;\">2014 г. - Гинекологическая эндокринология.</span></p>\n<p class=\"MsoNormal\" style=\"margin-bottom: 11.25pt; text-align: justify; line-height: normal; background: white;\"><span style=\"mso-fareast-font-family: \'Times New Roman\'; mso-bidi-font-family: \'Times New Roman\'; color: #333333; mso-fareast-language: RU;\">2015 г. - ИРМ &ldquo;Репродуктивное здоровье женщин&rdquo;.</span></p>\n<p class=\"MsoNormal\" style=\"margin-bottom: 11.25pt; text-align: justify; line-height: normal; background: white;\"><span style=\"mso-fareast-font-family: \'Times New Roman\'; mso-bidi-font-family: \'Times New Roman\'; color: #333333; mso-fareast-language: RU;\">2018 г. - ИРМ &ldquo;Современные подходы в диагностике и лечении эндометриоза&rdquo;</span></p>\n<p class=\"MsoNormal\" style=\"margin-bottom: 11.25pt; text-align: justify; line-height: normal; background: white;\"><span style=\"mso-fareast-font-family: \'Times New Roman\'; mso-bidi-font-family: \'Times New Roman\'; color: #333333; mso-fareast-language: RU;\">2019 г.- ИРМ &ldquo;Прегравидарная подготовка (особенности диагностики, </span><span style=\"color: #333333;\">коррекция нарушений).</span></p>', 'Байсанова Сауле Темирбулатовна', 'Байсанова Сауле Темирбулатовна', 'Байсанова Сауле Темирбулатовна', 1, 9, 0, '2021-07-06 22:30:00', '2021-07-12 01:31:56'),
(11, 'Бузумова Жанар Омановна', 'Гинеколог', 'doctors/July2021/02jfUIB4GHZSBxKl9jpS.jpg', 7000, NULL, 'buzumova-zhanar-omanovna', '<p>Бузумова Жанар Омановна&nbsp;<span style=\"color: #636363; font-family: Arial, sans-serif; font-size: 11.5pt;\">&ndash; специалист клиники Health City,</span></p>\n<p>Врач-гинеколог высшей категории.</p>\n<p>&nbsp;</p>\n<p>Специализируется в направлениях:</p>\n<p class=\"MsoNormal\" style=\"margin-bottom: 0.0001pt; line-height: 15pt; background-image: initial; background-position: initial; background-size: initial; background-repeat: initial; background-attachment: initial; background-origin: initial; background-clip: initial;\">&nbsp;</p>\n<ul>\n<li>лечение хронических воспалительных процессов</li>\n<li>лечение инфекций, передаваемых половым путем</li>\n<li>диагностика и лечение заболеваний шейки матки</li>\n<li>планирование семьи, помощь в выборе метода контрацепции</li>\n<li>лечение женского бесплодия</li>\n<li>вагинальный плазмолифтинг</li>\n<li>&nbsp;</li>\n</ul>\n<p>Врач проводит гинекологические операции: полипэктомия, гистероскопия, оздоровление шейки матки, цистэктомия.</p>\n<p>&nbsp;</p>\n<p>2018 г. &ndash; Повышение квалификации на тему &laquo;УЗД в акушерстве и гинекологии&raquo;.</p>\n<p>2017 г. - Повышение квалификации - тема &laquo;Планирование семьи&raquo;.</p>\n<p>2017 г. &ndash; Курс повышения квалификации по лапароскопии.</p>\n<p>&nbsp;</p>\n<p>Опыт работы:</p>\n<p>2010 г.- КазНМУ им С. Асфендиярова. Ассистент кафедры акушерства и гинекологии.</p>\n<p>2005-2010 гг. &ndash; ГККП на ПХВ Родильный дом №1. Врач акушер-гинеколог.</p>\n<p>&nbsp;</p>\n<p>Образование:</p>\n<p>2004 &ndash; 2005 гг.- Интернатура: Казахский медицинский университет. Лечебное дело.</p>\n<p>1998 - 2004 гг. - Казахский государственный медицинский университет им С. Асфендиярова. Лечебное дело.</p>', 'Бузумова Жанар Омановна', 'Бузумова Жанар Омановна', 'Бузумова Жанар Омановна', 1, 10, 0, '2021-07-06 22:31:00', '2021-07-09 05:02:15'),
(12, 'Букенова Жанна Тлебалдиновна', 'Маммолог/Онколог', 'doctors/July2021/ytpP9XxL6NwphBum1AZp.jpg', 6500, NULL, 'bukenova-zhanna-tlebaldinovna', '', 'Букенова Жанна Тлебалдиновна', 'Букенова Жанна Тлебалдиновна', 'Букенова Жанна Тлебалдиновна', 1, 11, 0, '2021-07-06 22:37:00', '2021-07-09 01:47:54'),
(13, 'Васильченко Наталья Владимировна', 'Гастроэнтеролог, Педиатр, Аллерголог', 'doctors/July2021/5Eu0DSIwAcRXHJKlHFTy.jpg', 7000, NULL, 'vasilchenko-natalya-vladimirovna', '<p>Васильченко Наталья Владимировна <span style=\"color: #636363; font-family: Arial, sans-serif; font-size: 11.5pt;\">&ndash; специалист клиники Health City,</span></p>\n<p>Врач аллерголог/ гастроэнтеролог / педиатр.</p>\n<p>Врач высшей категории</p>\n<p>Стаж работы более 24 лет.</p>\n<p>&nbsp;</p>\n<p>Специализация врача:</p>\n<p>Диагностика и лечение заболеваний желудочно-кишечного тракта и аллергических заболеваний у детей.</p>\n<p>Диагностика и лечение аллергических заболеваний у взрослых и детей.</p>\n<p>&nbsp;</p>\n<p>Oпыт работы:</p>\n<p>1. Врач-педиатр, ГКБ №2, Алматы, 1997-200.</p>\n<p>2. Врач-педиатр, РГКП РДКБ \"Аксай&raquo;, 2006&nbsp;</p>\n<p>3. Врач гастроэнтеролог/аллерголог детский, Центр &laquo;САУ&raquo;, Алматы, 2011 г.</p>\n<p>&nbsp;</p>\n<p>Повышение квалификации:</p>\n<p>&bull; Сертификат врача педиатра - высшая категория по педиатрии.</p>\n<p>&bull; Сертификат врача детского гастроэнтеролога и аллерголога.</p>\n<p>&bull; &laquo;Аллергология детского возраста&raquo;, АГИУВ, Алматы, 2007.</p>\n<p>&bull; &laquo;Гастроэнтерология&raquo; РФ Санкт-Петербург, 2009.</p>\n<p>&bull; &laquo;Заболевания органов пищеварения: диагноз, лечение, прогноз&raquo;, ГМА им. Мечникова, 2009.</p>\n<p>&bull; &laquo;Первичная и вторичная профилактика хронических неинфекционных заболеваний&raquo; РГП &laquo;НЦПФЗОЖ&raquo; МЗ РК, Алматы, 2010.</p>\n<p>&bull; &laquo;Избранные вопросы педиатрии&raquo;, Каз. НМУ им. Асфендиярова, Алматы, 2011.</p>\n<p>&bull; &laquo;Современные методы лечения аллергических заболеваний&raquo;, Российский университет дружбы народов, Москва, 2012.</p>\n<p>&bull; &laquo;Клиническая гематология в педиатрии&raquo;, АГИУВ, Алматы, 2013.</p>\n<p>&bull; &laquo;Методы функциональной диагностики&raquo;, АГИУВ, Алматы, 2013.</p>', 'Васильченко Наталья Владимировна', 'Васильченко Наталья Владимировна', 'Васильченко Наталья Владимировна', 1, 12, 0, '2021-07-06 22:38:00', '2021-07-12 01:39:33'),
(14, 'Ахметова Гульжанат Хамитовна', 'Эндокринолог', 'doctors/July2021/glPwhDXKSE3wuR6ohx9k.jpg', 6500, NULL, 'ahmetova-gulzhanat-hamitovna', '', 'Ахметова Гульжанат Хамитовна', 'Ахметова Гульжанат Хамитовна', 'Ахметова Гульжанат Хамитовна', 1, 13, 0, '2021-07-06 22:39:00', '2021-07-09 02:41:18'),
(15, 'Кабакова Алтынай Абдрахмановна', 'Эндокринолог', 'doctors/July2021/9E9uNgZfDornD6wavKtf.jpg', 7000, NULL, 'kabakova-altynaj-abdrahmanovna', '<p>Кабакова Алтынай Абдрахмановна&ndash; специалист клиники Health City</p>\n<p>Врач - эндокринолог (детский и взрослый)</p>\n<p>Стаж работы &ndash; 10 лет.</p>\n<p>&nbsp;</p>\n<p>Специализируется в направлениях:&nbsp;</p>\n<p>Ведение всех эндокринных патологий среди взрослого и детского населения на стационарном и поликлиническом уровне.&nbsp;</p>\n<p>&nbsp;</p>\n<p>Образование:&nbsp;</p>\n<p>-2004-2010 гг. КазНМУ им. Асфендиярова, педиатрический факультет</p>\n<p>-2010-2011 гг. КазНМУ им Асфендиярова. Интернатура по специальности педиатрия</p>\n<p>-2011-2013 гг. АГИУВ. Резидентура по специальности эндокринология (детская, взрослая)</p>\n<p>-2014 г.- ВШОЗ. Первичная подготовка по специальности &ldquo;Дерматокосметология&rdquo;</p>\n<p>&nbsp;</p>\n<p>Повышение квалификации:</p>\n<p>-КазМУНО &laquo;Эндокринные аспекты бесплодия&raquo; 2017 г.</p>\n<p>-Член ассоциации эндокринологов Казахстана.</p>\n<p>-Ежегодное обучение в &laquo;Школе Эндокринолога&raquo; г. Алматы.&nbsp;</p>\n<p>-Постоянное посещение семинаров, конференции, круглых столов по актуальным темам в эндокринологии.</p>', 'Кабакова Алтынай Абдрахмановна', 'Кабакова Алтынай Абдрахмановна', 'Кабакова Алтынай Абдрахмановна', 1, 14, 0, '2021-07-06 22:41:00', '2021-07-09 04:58:15'),
(16, 'Пушкарев Константин Андреевич', 'Невролог', 'doctors/July2021/GgNPlXu5pC4v9IGhstoK.jpg', 15000, NULL, 'pushkarev-konstantin-andreevich', '<p>Пушкарёв Константин Андреевич &ndash; Директор департамента педиатрии, специалист клиники Health City,</p>\n<p>Врач - невролог-психолог.</p>\n<p>MD,PhD, MBA</p>\n<p>Стаж работы &ndash; 11 лет.</p>\n<p>&nbsp;</p>\n<p>Специализируется в области:</p>\n<p>&bull;перинатальная неврология (дети до года)</p>\n<p>&bull;детская неврология (дети от года до 18 лет)</p>\n<p>&bull;детский инсульт</p>\n<p>&bull;Аутизм</p>\n<p>Нарушения работы периферической нервной системы(парезы, параличи, невралгии)</p>\n<p>&bull;дорсалгии (заболевания плзвоночника)</p>\n<p>&bull;зпр, зпрр</p>\n<p>&bull;Аутизм</p>\n<p>&nbsp;</p>\n<p>Образование:&nbsp;</p>\n<p>2004 - 2010 гг. - Казахский государственный медицинский университет им С. Асфендиярова. Педиатрия</p>\n<p>2011 г. -Алматинский Государственный Университет Усовершенствования врачей переподготовка по детской неврологии</p>\n<p>2015 г.-НУО Казахстанско-Российский Медицинский Университет специализация по взрослой неврологии</p>\n<p>2015 г.- УО Казахстанско-Российский Медицинский Университет специализация по реабилитологии</p>\n<p>2015г.-Специализация по Рассеянному склерозу и Болезни Паркинсона в Израиле г.Тель&ndash;Авив.</p>\n<p>2015-2017гг.-Магистратура Высшей Школы общественного здравоохранения МЗ РУ по специализации MBA</p>\n<p>2017-2020гг.-PhD, Высшей школы общественного здравоохранения</p>\n<p>2020г.-НУО Казахстанско-Российский Медицинский Университет специализация по психиатрии, наркологии и токсикологии, медицинская психология, психотерапия.</p>\n<p>&nbsp;</p>\n<p>Опыт работы&nbsp;</p>\n<p>Март 2014 по настоящее время ТОО &laquo;Город Здоровья&raquo; Директор департамента педиатрии, психоневрол</p>\n<p>Декабрь 2014 НУО Казахстанско-Российский Медицинский Университет Ассистент кафедры психиатрии, наркологии, общей и медицинской психологии педагогики и коммуникативных навыков с курсом неврологии</p>\n<p>Март 2012&nbsp; ТОО Медицинский центр &ldquo;Достар Мед&rdquo; невропатолог</p>\n<p>Август 2011&nbsp; ГКП на ПХВ &ldquo;Центр детской неотложной медицинской помощи&rdquo;, г.Алматы невропатолог</p>\n<p>&nbsp;</p>\n<p>2010 Медаль Фонда Первого Президента Республики Казахстан за лучшую научную работу по естественным, техническим и гуманитарным наукам, в области медицины.</p>\n<p>&nbsp;</p>\n<p>Название работы: Клинико-лабораторные особенности острых цереброваскулярных расстройств у детей.</p>\n<p>Научный руководитель: Зам. директора&nbsp; Департамент науки и человеческих ресурсов МЗРК д.м.н., профессор Исаева Р.Б.</p>\n<p>С 2011 Член Всемирной Ассоциации Детских Неврологов</p>\n<p>С 2012 Член Ассоциации Неврологов Австралии и Новой Зеландии</p>\n<p>С 2012 Член Международной Организации Инсульта</p>', 'Пушкарев Константин Андреевич', 'Пушкарев Константин Андреевич', 'Пушкарев Константин Андреевич', 1, 15, 1, '2021-07-06 22:43:00', '2021-07-09 04:57:21'),
(17, 'Олжаева Динара Амангалиевна', 'Невролог', 'doctors/July2021/eEaQSZqIM6VGEJvtcRQk.jpg', 6500, NULL, 'olzhaeva-dinara-amangalievna', '<p>Олжаева Динара Амангалиевна&nbsp;<span style=\"color: #636363; font-family: Arial, sans-serif; font-size: 11.5pt;\">&ndash; специалист клиники Health City,</span></p>\n<p class=\"MsoNormal\" style=\"margin-bottom: 0.0001pt; line-height: 15pt; background-image: initial; background-position: initial; background-size: initial; background-repeat: initial; background-attachment: initial; background-origin: initial; background-clip: initial;\">&nbsp;</p>\n<p>Врач - невролог&nbsp;</p>\n<p>Врач высшей категории.&nbsp;</p>\n<p>Стаж работы &ndash; 23 лет</p>\n<p>&nbsp;</p>\n<p>Специализируется в направлениях:&nbsp;</p>\n<p>&bull; Диагностика и лечение цереброваскулярных заболеваний</p>\n<p>&bull; Диагностика и лечение остеохондроза позвоночника</p>\n<p>&bull; диагностика и лечение заболеваний периферический нервной системы (невриты, невралгии, нейропатии)</p>\n<p>&bull; лечение больных, перенесших ОНМК</p>\n<p>&bull; диагностика и лечение демиелинизирующих заболеваний нервной системы&nbsp;</p>\n<p>&nbsp;</p>\n<p>Образование:&nbsp;</p>\n<p>1992 - 1998 гг. - Казахский государственный медицинский университет им С. Асфендиярова. Лечебное дело.</p>\n<p>1998 &ndash; 2000 гг. &ndash; клиническая ординатура по неврологии АГИУВ&nbsp;</p>\n<p>&nbsp;</p>\n<p>&nbsp;</p>', 'Олжаева Динара Амангалиевна', 'Олжаева Динара Амангалиевна', 'Олжаева Динара Амангалиевна', 1, 16, 0, '2021-07-06 22:44:00', '2021-07-09 04:52:35'),
(18, 'Токпанова Айман Мулдашевна', 'Невролог, Педиатр', 'doctors/July2021/R4wGPZAp2eAsq9bBce0h.jpg', 7000, NULL, 'tokpanova-ajman-muldashevna', '<p>Айман Мулдашевна Токпанова&nbsp;<span style=\"color: #636363; font-family: Arial, sans-serif; font-size: 11.5pt;\">&ndash; специалист клиники Health City,</span></p>\n<p class=\"MsoNormal\" style=\"margin-bottom: 0.0001pt; line-height: 15pt; background-image: initial; background-position: initial; background-size: initial; background-repeat: initial; background-attachment: initial; background-origin: initial; background-clip: initial;\">&nbsp;</p>\n<p>Педиатр / Невролог</p>\n<p>Специалист высшей категории.</p>\n<p>Общий стаж работы 10 лет.</p>\n<p>&nbsp;</p>\n<p>Повышение квалификации:</p>\n<p>2014 г. &mdash; &laquo;Неврологические заболевание детей раннего возраста&raquo;, КазГИУВ</p>\n<p>2014 г. &mdash; &laquo;Актуальные вопросы детской пульмонологии&raquo;, КазГИУВ</p>\n<p>2009 г. &mdash; &laquo;Избранные вопросы детской нефрологии&raquo; КазМНУ</p>\n<p>2005 г. &mdash; &laquo;Вопросы инструментальной и лабораторной диагностики в детском возрасте&raquo;, г. Кельн</p>\n<p>2004 г. &ndash; &laquo;Совершенствование по кардиоревматологии&raquo;, КазГИУВ</p>\n<p>2002 г. &ndash; &laquo;Основные вопросы педиатрии&raquo;, г. Тель-Авив</p>\n<p>1997 г. &ndash; &laquo;Семейный врач&raquo;</p>\n<p>&nbsp;</p>\n<p>ОБРАЗОВАНИЕ:</p>\n<p>1994 г. &ndash; окончила Акмолинский государственный медицинский институт, педиатрический факультет.</p>\n<p>&nbsp;</p>\n<p>Профессиональный стаж:</p>\n<p>2014 -2020. &ndash;&nbsp; врач педиатр &laquo;Medical Park&raquo;</p>\n<p>2010&mdash;2014 гг. &ndash; врач педиатр частного медицинского центра</p>\n<p>2004&mdash;2010 гг. &ndash; врач педиатр, зав. дет отделением частного медицинского центра</p>\n<p>2002&mdash;2004 гг. &ndash; врач педиатр в страховой компании</p>\n<p>2000 -2002 г. &ndash; врач педиатр частного медицинского центра</p>\n<p>1998 &mdash; 2000 гг. &ndash; зав. педиатрическим отделением, Детская поликлиника № 5, г. Алматы</p>\n<p>1996 &ndash; 1998 гг. &mdash; участковый врач, детская поликлиника № 1, г. Алматы</p>\n<p>1994 &ndash; 1996 гг. &mdash; педиатр, Куйбышевкая центральная районная больница, Кокчетавская обл.</p>\n<p>&nbsp;</p>', 'Токпанова Айман Мулдашевна', 'Токпанова Айман Мулдашевна', 'Токпанова Айман Мулдашевна', 1, 17, 0, '2021-07-06 22:46:00', '2021-07-09 04:51:31'),
(19, 'Мамарджанов Серик Ильясович', 'Нейрохирург', 'doctors/July2021/sW8wutw3NklAMBUb3Cla.png', 15000, NULL, 'mamardzhanov-serik-ilyasovich', '', 'Мамарджанов Серик Ильясович ', 'Мамарджанов Серик Ильясович ', 'Мамарджанов Серик Ильясович ', 0, 18, 0, '2021-07-06 22:47:00', '2021-07-09 04:48:59'),
(20, 'Сарсенбаева Гульжан Искендировна', 'Кардиолог, Детский Кардиохирург', 'doctors/July2021/OgGRzGmyx23bn4vlco5T.jpg', 8000, NULL, 'sarsenbaeva-gulzhan-iskendirovna', '<p>Сарсенбаева Гульжан Искендировна&nbsp;<span style=\"color: #636363; font-family: Arial, sans-serif; font-size: 11.5pt;\">&ndash; специалист клиники Health City,</span></p>\n<p>Врач&nbsp; Детский Кардиохирург / Кардиолог.</p>\n<p>Кандидат медицинских наук,</p>\n<p>Врач первой категории.</p>\n<p>Стаж работы - 17 лет.</p>\n<p>&nbsp;</p>\n<p><span style=\"color: #636363; font-family: Arial, sans-serif; font-size: 11.5pt;\">Специализации: </span></p>\n<ul>\n<li>заболевания сердца и сосудов&nbsp; у детей от 0 и до 18 лет,</li>\n<li>хирургия врожденных пороков сердца у детей,</li>\n<li>детская кардиология,&nbsp;</li>\n<li>неонатальная кардиохирургия и кардиология,</li>\n<li>УЗИ сердца и сосудов.</li>\n</ul>\n<p>Сертификат/категория: кардиохирургия ; детская кардиология , функциональная диагностика (УЗИ сердца и сосудов) , эходопплерокардиография.</p>\n<p>&nbsp;</p>\n<p>Образовании: КазГМУ имени С.Асфендиярова&nbsp; (2000), педиатрия; НЦССХ имени А.Н.Бакулева, Москва, аспирантура по сердечно-сосудистой&nbsp; хирургии (2005-2008).</p>\n<p>&nbsp;</p>\n<p>Получила&nbsp; дополнительное медицинское образование&nbsp; в рамках мастер- классов с&nbsp; участием зарубежных специалистов Кореи, Турции, Италии,&nbsp; России, Польши, Украины.</p>\n<p>Ежегодное участие в международных конференциях по кардиохирургии и кардиологии, стипендиат международной программы президента РК &laquo;Болашак&raquo;.</p>', 'Сарсенбаева Гульжан Искендировна', 'Сарсенбаева Гульжан Искендировна', 'Сарсенбаева Гульжан Искендировна', 1, 19, 0, '2021-07-06 22:48:00', '2021-07-09 04:48:37'),
(21, 'Ким Виолетта Борисовна', 'Кардиолог', 'doctors/July2021/ZTLASbOMTw4HoF9viRxJ.jpg', 15500, 10500, 'kim-violetta-borisovna', '<p>Ким Виолетта Борисовна &ndash; специалист клиники Health City,</p>\n<p>Врач - кардиолог высшей категории.</p>\n<p>К.М.Н.&nbsp;</p>\n<p>Стаж работы &ndash; 38 лет.</p>\n<p>&nbsp;</p>\n<p>Специализируется в направлениях:&nbsp;</p>\n<p>&bull; диагностика и лечение заболеваний сердца&nbsp;</p>\n<p>&bull; диагностика и лечение нарушения ритма и проводимости сердца</p>\n<p>&bull; Функциональные и медикаментозные пробы в кардиологии</p>\n<p>&nbsp;</p>\n<p>Образование:&nbsp;</p>\n<p>1976 - 1983 гг. - Казахский государственный медицинский университет им С. Асфендиярова. Лечебное дело.</p>\n<p>&nbsp;</p>\n<p>С 1983 по 1987 гг&nbsp; врач- ординатор&nbsp; в больнице скорой помощи в отделении реанимации и интенсивной - терапиии затем в отделении кардиологии.</p>\n<p>С 1987 по 2007 гг - научый сотрудник, врач -кардиолог в отделении аритмологии НИИ кардиологии.</p>\n<p>&nbsp;</p>\n<p>В разные годы - усовершенствование квалификации в Институте усовершенствования врачей г. Алматы, в ВКНЦ г. Москвы,&nbsp; в Каунасской Медицинской Академии&nbsp; по электрофизиологии сердца и аритмологии (Литва) , в клинике Киргкхоф по аритмологии (Германия).</p>\n<p>С 2000 по 2017годы&nbsp; - ежегодное участие в Европейских и Российских кардиологических конгрессах.</p>', 'Ким Виолетта Борисовна', 'Ким Виолетта Борисовна', 'Ким Виолетта Борисовна', 1, 20, 1, '2021-07-06 22:52:00', '2021-07-26 06:05:52'),
(22, 'Субанбекова Чынар Асанбековна', 'Кардиолог', 'doctors/July2021/xzc7sHduPwBByDQq55DH.jpg', 6500, NULL, 'subanbekova-chynar-asanbekovna', '<p style=\"box-sizing: border-box; margin: 0px 0px 0rem; padding: 0px;\"><span style=\"color: #636363; font-family: Roboto, sans-serif;\"><span style=\"font-size: 15px;\">Субанбекова Чынар Асанбековна&nbsp;</span></span><span style=\"color: #636363; font-family: Arial, sans-serif; font-size: 11.5pt;\">&ndash; специалист клиники Health City,</span></p>\n<p style=\"box-sizing: border-box; margin: 0px 0px 0rem; padding: 0px;\">&nbsp;</p>\n<p style=\"box-sizing: border-box; margin: 0px 0px 0rem; padding: 0px; font-family: Roboto, sans-serif; color: #636363; font-size: 15px;\">&nbsp;</p>\n<p style=\"box-sizing: border-box; margin: 0px 0px 0rem; padding: 0px; font-family: Roboto, sans-serif; color: #636363; font-size: 15px;\">Специализация в направлениях:&nbsp;</p>\n<p style=\"box-sizing: border-box; margin: 0px 0px 0rem; padding: 0px; font-family: Roboto, sans-serif; color: #636363; font-size: 15px;\">&bull;приём пациентов кардиологического профиля, включая осмотр, назначение и проведение инструментальных методов исследования, оценка данных лабораторных и инструментальных исследований, назначение терапии с оценкой эффективности при повторных осмотрах.</p>\n<p style=\"box-sizing: border-box; margin: 0px 0px 0rem; padding: 0px; font-family: Roboto, sans-serif; color: #636363; font-size: 15px;\">&bull; проведение и расшифровка ЭКГ</p>\n<p style=\"box-sizing: border-box; margin: 0px 0px 0rem; padding: 0px; font-family: Roboto, sans-serif; color: #636363; font-size: 15px;\">&bull; знание холтеровского мониторирования экг с оценкой параметров показателей (Холтер ЭКГ);</p>\n<p style=\"box-sizing: border-box; margin: 0px 0px 0rem; padding: 0px; font-family: Roboto, sans-serif; color: #636363; font-size: 15px;\">&bull; знание суточного мониторирования АД (СМАД);</p>\n<p style=\"box-sizing: border-box; margin: 0px 0px 0rem; padding: 0px; font-family: Roboto, sans-serif; color: #636363; font-size: 15px;\">&bull; владение эхокардиографическим методом исследования (ЭХОКГ), в том числе детей старше 7 лет.&nbsp;</p>\n<p style=\"box-sizing: border-box; margin: 0px 0px 0rem; padding: 0px; font-family: Roboto, sans-serif; color: #636363; font-size: 15px;\">&bull; владение методами нагрузочного тестирования (тредмил-тест, велоэргометрия).</p>', 'Субанбекова Чынар Асанбековна', 'Субанбекова Чынар Асанбековна', 'Субанбекова Чынар Асанбековна', 1, 21, 0, '2021-07-06 22:54:00', '2021-07-09 04:39:02'),
(23, 'Ким Ирина Виссарионовна', 'Кардиолог', 'doctors/July2021/7C6dHeUZCuwPpOt6ppZp.jpg', 6500, NULL, 'kim-irina-vissarionovna', '<p>Ким Ирина Виссарионовна &ndash; специалист клиники Health City,</p>\n<p>Врач &ndash; кардиолог (взрослый, детский)&nbsp;</p>\n<p>Врач высшей категории.</p>\n<p>Стаж работы &ndash; 17 лет</p>\n<p>&nbsp;</p>\n<p>Специализируется в направлениях:</p>\n<p>&bull; проведение функциональных методов&nbsp; обследования ( ЭКГ, суточное мониторирование ЭКГ по Холтеру, суточное мониторирование АД),&nbsp; проведение нагрузочного теста ( тредмил теста)&nbsp;</p>\n<p>&bull; диагностика&nbsp; и&nbsp; лечение&nbsp; &nbsp;кардиологических заболеваний&nbsp; у детей ( с периода новорожденности ) и взрослых</p>\n<p>&bull; динамическое наблюдение&nbsp; и проведение&nbsp; реабилитации после перенесенного острого коронарного события, оперативного лечения , ведение пациентов с тяжелой ХСН&nbsp;</p>\n<p>&bull; участие в исследовательской работе</p>\n<p>&nbsp;</p>\n<p>Образование:&nbsp;</p>\n<p>1989 - 1996 гг. - Карагандинский Государственный медицинский институт. Лечебное дело.</p>\n<p>Член &laquo;Европейского Общества кардиологов&raquo;.</p>\n<p>&nbsp;</p>', 'Ким Ирина Виссарионовна', 'Ким Ирина Виссарионовна', 'Ким Ирина Виссарионовна', 1, 22, 0, '2021-07-06 22:55:00', '2021-07-09 04:37:04'),
(24, 'Иминова Дильнара Абдуллиновна ', 'Кардиолог', 'doctors/July2021/6WTC1vywpdbWDB1OTOTr.jpg', 6500, NULL, 'iminova-dilnara-abdullinovna', '<p>Иминова Дильнара Абдуллиновна&nbsp;<span style=\"color: #636363; font-family: Arial, sans-serif; font-size: 11.5pt;\">&ndash; специалист клиники Health City,</span></p>\n<p>Врач- кардиолог.</p>\n<p>Врач функциональной диагностики.</p>\n<p>Стаж работы &ndash; 13 лет</p>\n<p>&nbsp;</p>\n<p>Специализация в направлениях:&nbsp;</p>\n<p>&bull;приём пациентов кардиологического профиля, включая осмотр, назначение и проведение инструментальных методов исследования, оценка данных лабораторных и инструментальных исследований, назначение терапии с оценкой эффективности при повторных осмотрах.</p>\n<p>&bull; проведение и расшифровка ЭКГ</p>\n<p>&bull; знание холтеровского мониторирования экг с оценкой параметров показателей (Холтер ЭКГ);</p>\n<p>&bull; знание суточного мониторирования АД (СМАД);</p>\n<p>&bull; владение эхокардиографическим методом исследования (ЭХОКГ), в том числе детей старше 7 лет.&nbsp;</p>\n<p>&bull; владение методами нагрузочного тестирования (тредмил-тест, велоэргометрия).</p>\n<p>&nbsp;</p>\n<p>Образование:&nbsp;</p>\n<p>1) 2001-2007гг. - Казахский Национальный медицинский университет им С.Д. Асфендиярова, специальность &laquo;Лечебное дело&raquo;.</p>\n<p>2007-2008гг. - Казахский Национальный медицинский университет им С.Д. Асфендиярова, интернатура по специальности &laquo;Лечебное дело&raquo;, квалификация врач- терапевт.</p>\n<p>2008-2010гг- НИИ кардиологии и внутренних болезней, резидентура по специальности &laquo;Кардиология&raquo;.</p>\n<p>2015г- Казахский медицинский университет непрерывного образования. Первичная специализация по функциональной диагностике с получением сертификата специалиста</p>\n<p>&nbsp;</p>\n<p>Повышение квалификации за последние 5 лет:&nbsp;</p>\n<p>2016г- ФГБОУ АГМУ Минздрава России, повышение квалификации по Эхокардиографии.</p>\n<p>2020г.- Санкт-Петербургский Государственный Университет, повышение квалификации по &laquo;Кардиологии&raquo;.</p>\n<p>2020г. - НИИ кардиологии и внутренних болезней, повышение квалификации по циклу &laquo; ССЗ при беременности&raquo;.</p>', 'Иминова Дильнара Абдуллиновна  ', 'Иминова Дильнара Абдуллиновна  ', 'Иминова Дильнара Абдуллиновна  ', 1, 23, 0, '2021-07-06 22:56:00', '2021-07-09 04:35:51'),
(25, 'Калышева Татьяна Юрьевна', 'Оториноларинголог (Лор)', 'doctors/July2021/F03suW8m3D5lChZcaeSW.jpg', 8000, NULL, 'kalysheva-tatyana-yurevna', '<p>Калышева Татьяна Юрьевна&nbsp;<span style=\"color: #636363; font-family: Arial, sans-serif; font-size: 11.5pt;\">&ndash; специалист клиники Health City,</span></p>\n<p>Врач высшей категории</p>\n<p>Стаж работы &ndash; 23 года</p>\n<p>&nbsp;</p>\n<p>Специализируется в направлениях:&nbsp;</p>\n<p>Лечение воспалительных заболеваний лор органов</p>\n<p>&bull; Острый / хронический синусит (гайморит, фронтит, этмоидит и.тд)</p>\n<p>&bull; Лечение хронического тонзиллита аппаратом Тонзиллор</p>\n<p>&bull; Лечение аденоидных вегитаций в детском возрасте (конс и хирург.)</p>\n<p>&bull; Лечение острых хронических и средних отитов.&nbsp;</p>\n<p>&bull; Лечение острого хронического ларенгита.</p>\n<p>&nbsp;</p>\n<p>Образование:&nbsp;</p>\n<p>2019&nbsp; - Магистр здравоохранения&nbsp; Казахстанского медицинского университета &laquo;ВШОЗ&raquo;</p>\n<p>Член ассоциации оториноларингологов Казахстана&nbsp;</p>\n<p>Член независимых экспертов Казахстана, специализирующаяся на лечении острой и хронической ЛОР патологии в амбулаторных</p>', 'Калышева Татьяна Юрьевна', 'Калышева Татьяна Юрьевна', 'Калышева Татьяна Юрьевна', 1, 24, 1, '2021-07-06 22:57:00', '2021-07-21 04:29:55'),
(26, 'Шакаралиев Адиль Алибалаевич', 'Оториноларинголог (Лор)', 'doctors/July2021/tdIAzgAdPOfGS9WgZNWA.jpg', 7000, NULL, 'shakaraliev-adil-alibalaevich', '<p>Шакаралиев Адиль Алибалаевич &ndash; специалист клиники Health City,</p>\n<p>Врач &ndash; Оториноларинголог, Хирург (детский -взрослый)&nbsp;</p>\n<p>КМН&nbsp;</p>\n<p>Стаж работы &ndash; 24 года</p>\n<p>&nbsp;</p>\n<p>Специализируется в направлениях:&nbsp;</p>\n<p>Лечение воспалительных заболеваний лор органов</p>\n<p>&bull; Острый / хронический синусит (гайморит, фронтит, этмоидит и.тд)</p>\n<p>&bull; Лечение хронического тонзиллита аппаратом Тонзиллор</p>\n<p>&bull; Лечение аденоидных вегитаций в детском возрасте (конс и хирург.)</p>\n<p>&bull; Лечение острых хронических и средних отитов.&nbsp;</p>\n<p>&bull; Лечение острого хронического ларенгита.</p>\n<p>&nbsp;</p>\n<p>Образование:&nbsp;</p>\n<p>1991 -1997 КазНМУ им. С. Д. Асфендиярова, Лечебное дело.</p>\n<p>1997-1999 клиническая ординатора по специальности &laquo;Болезни уха, горла, носа&raquo;</p>\n<p>1999-2001 аспирантура кафедра Лор болезней&nbsp;</p>\n<p>&nbsp;</p>\n<p>2019 году Награжден медалью за вклад в развитие здравоохранения Казахстана.&nbsp;</p>\n<p>2020 год&nbsp; Награжден нагрудным знаком &laquo;Отличник здравоохранения Казахстана&raquo;</p>\n<p>&nbsp;</p>', 'Шакаралиев Адиль Алибалаевич', 'Шакаралиев Адиль Алибалаевич', 'Шакаралиев Адиль Алибалаевич', 1, 26, 0, '2021-07-06 22:58:00', '2021-07-21 04:29:24');
INSERT INTO `doctors` (`id`, `name`, `spec`, `image`, `price`, `second_price`, `slug`, `content`, `seo_title`, `meta_keywords`, `meta_description`, `status`, `sort_id`, `featured`, `created_at`, `updated_at`) VALUES
(27, 'Токсанбаева Гульназ Тынышбековна', 'Оториноларинголог (Лор)', 'doctors/July2021/bYWb5bV0VxWDbWwKQUlV.jpg', 6500, NULL, 'toksanbaeva-gulnaz-tynyshbekovna', '<p class=\"MsoNormal\" style=\"margin-bottom: 0.0001pt; line-height: normal; background-image: initial; background-position: initial; background-size: initial; background-repeat: initial; background-attachment: initial; background-origin: initial; background-clip: initial;\"><span style=\"mso-fareast-font-family: \'Times New Roman\'; mso-bidi-font-family: \'Times New Roman\'; color: #333333; mso-fareast-language: RU;\">Токсанбаева Гульназ&nbsp; Тынышбековна &nbsp;&ndash; специалист клиники </span><span lang=\"EN-US\" style=\"mso-fareast-font-family: \'Times New Roman\'; mso-bidi-font-family: \'Times New Roman\'; color: #333333; mso-ansi-language: EN-US; mso-fareast-language: RU;\">Health</span> <span lang=\"EN-US\" style=\"mso-fareast-font-family: \'Times New Roman\'; mso-bidi-font-family: \'Times New Roman\'; color: #333333; mso-ansi-language: EN-US; mso-fareast-language: RU;\">City</span><span style=\"mso-fareast-font-family: \'Times New Roman\'; mso-bidi-font-family: \'Times New Roman\'; color: #333333; mso-fareast-language: RU;\">,</span></p>\n<p class=\"MsoNormal\" style=\"margin-bottom: 0.0001pt; line-height: normal; background-image: initial; background-position: initial; background-size: initial; background-repeat: initial; background-attachment: initial; background-origin: initial; background-clip: initial;\"><span style=\"mso-fareast-font-family: \'Times New Roman\'; mso-bidi-font-family: \'Times New Roman\'; color: #333333; mso-fareast-language: RU;\">Врач &ndash; Оториноларинголог </span></p>\n<p class=\"MsoNormal\" style=\"margin-bottom: 0.0001pt; line-height: normal; background-image: initial; background-position: initial; background-size: initial; background-repeat: initial; background-attachment: initial; background-origin: initial; background-clip: initial;\"><span style=\"mso-fareast-font-family: \'Times New Roman\'; mso-bidi-font-family: \'Times New Roman\'; color: #333333; mso-fareast-language: RU;\">Врач второй категории</span></p>\n<p class=\"MsoNormal\" style=\"margin-bottom: 0.0001pt; line-height: normal; background-image: initial; background-position: initial; background-size: initial; background-repeat: initial; background-attachment: initial; background-origin: initial; background-clip: initial;\"><span style=\"mso-fareast-font-family: \'Times New Roman\'; mso-bidi-font-family: \'Times New Roman\'; color: #333333; mso-fareast-language: RU;\">Стаж работы &ndash; 6 лет</span></p>\n<p class=\"MsoNormal\" style=\"margin-bottom: 0.0001pt; line-height: normal; background-image: initial; background-position: initial; background-size: initial; background-repeat: initial; background-attachment: initial; background-origin: initial; background-clip: initial;\"><span style=\"mso-fareast-font-family: \'Times New Roman\'; mso-bidi-font-family: \'Times New Roman\'; color: #333333; mso-fareast-language: RU;\">&nbsp;</span></p>\n<p class=\"MsoNormal\" style=\"margin-bottom: 0.0001pt; line-height: normal; background-image: initial; background-position: initial; background-size: initial; background-repeat: initial; background-attachment: initial; background-origin: initial; background-clip: initial;\"><span style=\"mso-fareast-font-family: \'Times New Roman\'; mso-bidi-font-family: \'Times New Roman\'; color: #333333; mso-fareast-language: RU;\">Специализируется в направлениях: </span></p>\n<ul>\n<li class=\"MsoNormal\" style=\"line-height: normal; background-image: initial; background-position: initial; background-size: initial; background-repeat: initial; background-attachment: initial; background-origin: initial; background-clip: initial;\"><span style=\"mso-fareast-font-family: \'Times New Roman\'; mso-bidi-font-family: \'Times New Roman\'; color: #333333; mso-fareast-language: RU;\">Консервативное лечение острых и хронических воспалительных процессов ЛОР органов</span></li>\n<li class=\"MsoNormal\" style=\"line-height: normal; background-image: initial; background-position: initial; background-size: initial; background-repeat: initial; background-attachment: initial; background-origin: initial; background-clip: initial;\"><span style=\"mso-fareast-font-family: \'Times New Roman\'; mso-bidi-font-family: \'Times New Roman\'; color: #333333; mso-fareast-language: RU;\">Оперативное лечение ЛОР заболевании </span></li>\n</ul>\n<p class=\"MsoNormal\" style=\"margin-bottom: 0.0001pt; line-height: normal; background-image: initial; background-position: initial; background-size: initial; background-repeat: initial; background-attachment: initial; background-origin: initial; background-clip: initial;\"><span style=\"mso-fareast-font-family: \'Times New Roman\'; mso-bidi-font-family: \'Times New Roman\'; color: #333333; mso-fareast-language: RU;\">Образование: <br /><!-- [if !supportLineBreakNewLine]--><br /><!--[endif]--></span></p>\n<p class=\"MsoListParagraph\" style=\"mso-add-space: auto; text-indent: -18.0pt; line-height: normal; mso-list: l0 level1 lfo1; margin: 0cm 0cm .0001pt 18.0pt;\"><!-- [if !supportLists]--><span style=\"font-family: Symbol; mso-fareast-font-family: Symbol; mso-bidi-font-family: Symbol;\">&middot;<span style=\"font-variant-numeric: normal; font-variant-east-asian: normal; font-stretch: normal; font-size: 7pt; line-height: normal; font-family: \'Times New Roman\';\">&nbsp;&nbsp;&nbsp;&nbsp;&nbsp;&nbsp;&nbsp;&nbsp; </span></span><!--[endif]-->2006-2013 гг. Казахский Государственный (Национальный ) Медицинский Университет им С. Д . Асфендиярова:</p>\n<p class=\"MsoNormal\" style=\"text-indent: -18.0pt; line-height: normal; mso-list: l0 level2 lfo1; margin: 0cm 0cm .0001pt 54.0pt;\"><span style=\"font-family: \'Courier New\'; mso-fareast-font-family: \'Courier New\'; mso-fareast-language: RU;\"><span style=\"font-variant-numeric: normal; font-variant-east-asian: normal; font-stretch: normal; font-size: 7pt; line-height: normal; font-family: \'Times New Roman\';\">&nbsp;</span></span><!--[endif]-->Факультет: Лечебный</p>\n<p class=\"MsoNormal\" style=\"text-indent: -18.0pt; line-height: normal; mso-list: l0 level2 lfo1; margin: 0cm 0cm .0001pt 54.0pt;\"><!-- [if !supportLists]-->Специальность: Лечебное дело</p>\n<p class=\"MsoListParagraph\" style=\"mso-add-space: auto; text-indent: -18.0pt; line-height: normal; mso-list: l0 level1 lfo1; margin: 0cm 0cm .0001pt 18.0pt;\"><!-- [if !supportLists]--><span style=\"font-family: Symbol; mso-fareast-font-family: Symbol; mso-bidi-font-family: Symbol; mso-fareast-language: RU;\">&middot;<span style=\"font-variant-numeric: normal; font-variant-east-asian: normal; font-stretch: normal; font-size: 7pt; line-height: normal; font-family: \'Times New Roman\';\">&nbsp;&nbsp;&nbsp;&nbsp;&nbsp;&nbsp;&nbsp;&nbsp; </span></span><!--[endif]-->2013 &ndash; 2014 г Казахский Государственный (Национальный ) Медицинский Университет им С. Д . Асфендиярова:</p>\n<p class=\"MsoNormal\" style=\"text-indent: -18.0pt; line-height: normal; mso-list: l0 level2 lfo1; margin: 0cm 0cm .0001pt 54.0pt;\"><span style=\"font-family: \'Courier New\'; mso-fareast-font-family: \'Courier New\'; mso-fareast-language: RU;\"><span style=\"font-variant-numeric: normal; font-variant-east-asian: normal; font-stretch: normal; font-size: 7pt; line-height: normal; font-family: \'Times New Roman\';\">&nbsp;</span></span><!--[endif]-->Интернатура Врач общей практики</p>\n<p class=\"MsoNormal\" style=\"text-indent: -18.0pt; line-height: normal; mso-list: l0 level2 lfo1; margin: 0cm 0cm .0001pt 54.0pt;\"><!-- [if !supportLists]-->Специальность: Семейный врач</p>\n<p class=\"MsoNormal\" style=\"text-indent: -18.0pt; line-height: normal; mso-list: l0 level1 lfo1; margin: 0cm 0cm .0001pt 18.0pt;\"><!-- [if !supportLists]--><span style=\"font-family: Symbol; mso-fareast-font-family: Symbol; mso-bidi-font-family: Symbol; mso-fareast-language: RU;\">&middot;<span style=\"font-variant-numeric: normal; font-variant-east-asian: normal; font-stretch: normal; font-size: 7pt; line-height: normal; font-family: \'Times New Roman\';\">&nbsp;&nbsp;&nbsp;&nbsp;&nbsp;&nbsp;&nbsp;&nbsp; </span></span><!--[endif]-->2014 &ndash; 2018 гг &nbsp;АО Каз МУНО</p>\n<p class=\"MsoListParagraphCxSpFirst\" style=\"mso-add-space: auto; text-indent: -18.0pt; line-height: normal; mso-list: l0 level1 lfo1; margin: 0cm 0cm .0001pt 18.0pt;\"><!-- [if !supportLists]--><span style=\"font-family: Symbol; mso-fareast-font-family: Symbol; mso-bidi-font-family: Symbol; mso-fareast-language: RU;\">&middot;<span style=\"font-variant-numeric: normal; font-variant-east-asian: normal; font-stretch: normal; font-size: 7pt; line-height: normal; font-family: \'Times New Roman\';\">&nbsp;&nbsp;&nbsp;&nbsp;&nbsp;&nbsp;&nbsp;&nbsp; </span></span><!--[endif]-->Резидентура по специальности Оториноларингология (сурдология, эндоскопия по профилю основной специальности) (взрослая,детская)</p>\n<p class=\"MsoListParagraphCxSpLast\" style=\"mso-add-space: auto; text-indent: -18.0pt; line-height: normal; mso-list: l0 level1 lfo1; margin: 0cm 0cm .0001pt 18.0pt;\"><!-- [if !supportLists]--><span style=\"font-family: Symbol; mso-fareast-font-family: Symbol; mso-bidi-font-family: Symbol; mso-fareast-language: RU;\">&middot;<span style=\"font-variant-numeric: normal; font-variant-east-asian: normal; font-stretch: normal; font-size: 7pt; line-height: normal; font-family: \'Times New Roman\';\">&nbsp;&nbsp;&nbsp;&nbsp;&nbsp;&nbsp;&nbsp;&nbsp; </span></span><!--[endif]-->Специальность: Врач оториноларинголог</p>\n<p class=\"MsoNormal\" style=\"text-indent: -18.0pt; line-height: normal; mso-list: l0 level1 lfo1; margin: 0cm 0cm .0001pt 18.0pt;\"><!-- [if !supportLists]--><span style=\"font-family: Symbol; mso-fareast-font-family: Symbol; mso-bidi-font-family: Symbol;\">&middot;<span style=\"font-variant-numeric: normal; font-variant-east-asian: normal; font-stretch: normal; font-size: 7pt; line-height: normal; font-family: \'Times New Roman\';\">&nbsp;&nbsp;&nbsp;&nbsp;&nbsp;&nbsp;&nbsp;&nbsp; </span></span><!--[endif]-->2018г - по настоящее время так же работает ЛОР врачом в 1 лор отделении УЗ г.Алматы &nbsp;&nbsp;&nbsp;ГКБ№5&nbsp;</p>\n<p class=\"MsoNormal\" style=\"text-indent: -18.0pt; line-height: normal; mso-list: l0 level1 lfo1; margin: 0cm 0cm .0001pt 18.0pt;\">&nbsp;</p>\n<pre><strong><span style=\"font-size: 11.0pt; font-family: \'Calibri\',sans-serif; mso-ascii-theme-font: minor-latin; mso-hansi-theme-font: minor-latin; mso-bidi-font-family: \'Times New Roman\';\">2019</span></strong><span style=\"font-size: 11.0pt; font-family: \'Calibri\',sans-serif; mso-ascii-theme-font: minor-latin; mso-hansi-theme-font: minor-latin; mso-bidi-font-family: \'Times New Roman\';\"> <span class=\"y2iqfc\"><span style=\"color: #202124;\">Тренинг &laquo;Инновационные технологии в оториноларингологии&raquo; Медицинская академия последипломного образования. </span></span></span>&nbsp;</pre>\n<pre><strong><span style=\"font-size: 11.0pt; font-family: \'Calibri\',sans-serif; mso-ascii-theme-font: minor-latin; mso-hansi-theme-font: minor-latin; mso-bidi-font-family: \'Times New Roman\';\">2019г </span></strong><span style=\"font-size: 11.0pt; font-family: \'Calibri\',sans-serif; mso-ascii-theme-font: minor-latin; mso-hansi-theme-font: minor-latin; mso-bidi-font-family: \'Times New Roman\';\">&nbsp;Тренинг-семинар&nbsp; \" Алгоритмы практических навыков оказания медицинской помощи \" </span><strong>&nbsp;</strong></pre>\n<p>&nbsp;</p>\n<pre><span class=\"y2iqfc\"><span style=\"font-size: 11.0pt; font-family: \'Calibri\',sans-serif; mso-ascii-theme-font: minor-latin; mso-hansi-theme-font: minor-latin; mso-bidi-font-family: \'Times New Roman\'; color: #202124;\">2019 Семинар-тренинг &laquo;Современные подходы в отологии&raquo; </span></span></pre>', 'Токсанбаева Гульназ Тынышбековна', 'Токсанбаева Гульназ Тынышбековна', 'Токсанбаева Гульназ Тынышбековна', 1, 27, 0, '2021-07-06 23:00:00', '2021-07-21 04:31:16'),
(28, 'Берлизева Юлия Александровна', 'Педиатр', 'doctors/July2021/T5wct2zkjC0HWnsBlaTQ.jpg', 7000, NULL, 'berlizeva-yuliya-aleksandrovna', '<p>Берлизева Юлия Александровна - специалист клиники Health City,</p>\n<p>Врач &ndash; педиатр&nbsp;</p>\n<p>Магистр здравоохранения.</p>\n<p>Стаж работы &ndash; 15 лет.</p>\n<p>&nbsp;</p>\n<p>Специализируется в направлениях:&nbsp;</p>\n<p>&bull; Наблюдение и ведение детей с рождения до 1 года.</p>\n<p>&bull; Прием детей от рождения до 15 лет с вирусными и бактериальными инфекциями ,воспалительными заболеваниями дыхательных путей, мочевыделительной системы&nbsp;</p>\n<p>&bull; Консультации по грудному вскармливанию,введению прикормов,лечебному питанию</p>\n<p>&bull; Лечение дисфункции кишечника,заболеваний желудочно-кишечного тракта&nbsp;&nbsp;</p>\n<p>&nbsp;</p>\n<p>Образование:&nbsp;</p>\n<p>1999 - 2005гг. - Казахский государственный медицинский университет им С. Асфендиярова. Педиатрия.</p>\n<p>2005-2006-Интернатура Научный центр педиатрии и детской хирургии.</p>\n<p>&nbsp;</p>\n<p>Отделение онкогематологии 2010г</p>\n<p>Специализация - Неонатология&nbsp; 2015г</p>\n<p>Пульмонология и общая педиатрия.</p>\n<p>Неоднократное участие в международных конференциях.</p>\n<p>Систематическое прохождение семинаров по повышению квалификации.</p>\n<p>2017-2018г.Высшая школа общественного здравоохранения. МD.Магистр здравоохранения&nbsp;</p>\n<p>Моя главная цель помочь родителям вырастить здоровых и счастливых детей!&nbsp;</p>\n<p>&nbsp;</p>', 'Берлизева Юлия Александровна', 'Берлизева Юлия Александровна', 'Берлизева Юлия Александровна', 1, 28, 0, '2021-07-06 23:03:00', '2021-07-09 04:06:04'),
(30, 'Суханбердиева Зарина Маратовна', 'Ангиохирург, Дерматолог', 'doctors/July2021/IlpE9HPd1hkHBaXoSiaF.jpg', 6500, NULL, 'suhanberdieva-zarina-maratovna', '<p>Суханбердиева Зарина Маратовна&nbsp; &nbsp; &ndash; специалист клиники Health City,</p>\n<p>Врач &ndash; Дерматовенеролог, Ангиохирург&nbsp;</p>\n<p>PhD докторант КазНМУ им С.Д. Асфендиярова</p>\n<p>Стаж работы &ndash; 8 лет</p>\n<p>&nbsp;</p>\n<p>Специализируется в направлениях:</p>\n<p>&bull; диагностика и лечение заболеваний кожи и ее придатков (волос, ногтей)</p>\n<p>&bull; лечение инфекций, передаваемых половым путем</p>\n<p>&bull; диагностика и лечение заболеваний артериальной и венозной систем</p>\n<p>&nbsp;</p>\n<p>Образование:&nbsp;</p>\n<p>2005-2011 - КазНМУ им. С. Д. Асфендиярова, лечебный факультет, хирургия</p>\n<p>2011- 2012 -&nbsp; КазНМУ им. С. Д. Асфендиярова, интернатура, хирургия</p>\n<p>Сентябрь-декабрь 2013 - КазНМУ им. С. Д. Асфендиярова, переподготовка по специальности &laquo;Дерматовенерология. Дерматокосметология&raquo;</p>\n<p>2012 -&nbsp; 2016 &ndash; КазМУНО, резидентура, по специальности &laquo;Ангиохирургия, в т.ч. детская&raquo;</p>\n<p>2017 г-настоящее время &ndash; АО НМУ Докторантура PhD по специальности &laquo;Медицина&raquo;</p>\n<p>Ноябрь-декабрь 2017 г.- клиника GangNeung Asan, стажировка, Ю. Корея, г. Каннын</p>\n<p>&nbsp;</p>\n<p>Член EADV -&nbsp; Европейской Ассоциации Дерматовенерологов</p>\n<p>Стажировки в Австрии, Швейцарии, Индии по вопросам инновационных методов лечения в дерматологии.</p>\n<p>Научный сотрудник Казахского Научного Центра Дерматологии и Инфекционных заболеваний МЗ РК</p>\n<p>&nbsp;</p>', 'Суханбердиева Зарина Маратовна', 'Суханбердиева Зарина Маратовна', 'Суханбердиева Зарина Маратовна', 1, 30, 0, '2021-07-06 23:18:00', '2021-07-09 04:03:55'),
(31, 'Идрисов Булат Куспанович', 'Сосудистый Хирург, Хирург', 'doctors/July2021/08a9OvFrpxj1XigR0ONL.jpg', 7000, NULL, 'idrisov-bulat-kuspanovich', '', 'Идрисов Булат Куспанович', 'Идрисов Булат Куспанович', 'Идрисов Булат Куспанович', 1, 31, 0, '2021-07-06 23:19:00', '2021-07-09 02:33:27'),
(32, 'Тойымбетов Саламат Саттарович', 'Травматолог/Ортопед', 'doctors/July2021/1slrz4DDsiRcHyWkKHyd.jpg', NULL, NULL, 'tojymbetov-salamat-sattarovich', '<p>Тойымбетов Саламат Саттарович&ndash; специалист клиники Health City,</p>\n<p>Врач-травматолог ортопед,</p>\n<p>Врач второй категории.&nbsp;</p>\n<p>Стаж работы &ndash; 6 лет.</p>\n<p>&nbsp;</p>\n<p>Специализируется в направлениях:</p>\n<p>&bull; Введение пациентов с переломами, вывихами и различными видами артроз</p>\n<p>&bull; Предоперационная подготовка к эндопротезированию сустав.&nbsp;</p>\n<p>&bull; Первичная хирургическая обработка ран, наложение швов (в том числе косметических);</p>\n<p>&bull; Сшивание сухожилий разгибателей пальцев и кисти;</p>\n<p>&bull; Удаление инородных тел конечностей;</p>\n<p>&bull; Репозиция переломов &mdash; лучевой кости в типичном месте, наружной лодыжки, фаланг пальцев кисти и стопы, ключицы, костей запястья.</p>\n<p>&bull; Вправление вывихов в плечевом суставе, локтевом суставе, межфаланговых, пястно-фаланговых суставах;</p>\n<p>&bull; Различные виды блокад;</p>\n<p>&bull; Пункции и эвакуации гематом;</p>\n<p>&nbsp;</p>\n<p>Образование:&nbsp;</p>\n<p>2009 - 2014 гг. - Казахский государственный медицинский университет им С. Асфендиярова. Общая медицина.&nbsp;</p>\n<p>2014- 2016 гг. &ndash; Казахский национальный медицинский университет им С. Д. Асфендиярова. Интернатура- общая хирургия</p>\n<p>2016-2019 гг. Казахский медицинский университет усовершенствование врачей. Резидентура- по травматолог и, ортопедии и комбустиологии.&nbsp;</p>', 'Тойымбетов Саламат Саттарович', 'Тойымбетов Саламат Саттарович', 'Тойымбетов Саламат Саттарович', 1, 32, 0, '2021-07-06 23:23:00', '2021-07-09 04:02:38'),
(34, 'Ахпаров Нурлан Нуркинович', 'Хирург', 'doctors/July2021/TYrVnkbWoBDcLmff55wD.jpg', 35000, NULL, 'ahparov-nurlan-nurkinovich', '<p>Ахпаров Нурлан Нуркинович&nbsp;<span style=\"color: #636363; font-family: Arial, sans-serif; font-size: 11.5pt;\">&ndash; специалист клиники Health City,</span></p>\n<p>Детский хирург</p>\n<p>Стаж 38 лет&nbsp;</p>\n<p>Высшая категория, Доктор медицинских наук, Профессор</p>\n<p>Академик европейской академии естественных наук</p>\n<p>&nbsp;</p>\n<p>1982 году окончил педиатрический факультет АГМИ&nbsp; прошел годичную интернатуру на базе Алматинской областной детской больницы.</p>\n<p>С 1983 по 1990 годы работал детским хирургом Алматинской областной детской больницы.</p>\n<p>С 1990 г. по 1992 год прошел двухгодичную клиническую ординатуру по детской хирургии на базе Алматинского института усовершенствования врачей.</p>\n<p>В период с 1992-1994 годы &ndash; заведующий отделением детской хирургии и главный внештатный детский хирург Алматинской области.</p>\n<p>С 1994 года работал в Научным центром педиатрии и детской хирургии - заведующий отделением детской хирургии, старший научный сотрудник, главный научный сотрудник и руководитель отдела детской хирургии.</p>\n<p>В 1997 году защитил кандидатскую диссертацию на тему &laquo;Диагностика и хирургическое лечение недостаточности илеоцекального запирательного аппарата у детей&raquo;.</p>\n<p>В 2007 году - защитил докторскую диссертацию на тему &laquo;Патогенетическое обоснование хирургического лечения хронического колостаза с гипоганглиозом стенки толстой кишки&raquo;.</p>\n<p>С 2007 года - почетный профессор &laquo;Cincinnati Children\'s Hospital Medical Center&raquo;, США.</p>\n<p>С 2009 году присвоена звание ассоциированный профессор.</p>\n<p>С 2007 по 2010 годы был членом диссертационного совета по защите кандидатских и докторских диссертаций по специальности &laquo;Педиатрия и детская хирургия&raquo;.</p>\n<p>С 2011 по 2015 годы - главный внештатный детский хирург Министерства здравоохранения Республики Казахстан. Двое учеников д.м.н. Аипов Р.Р. и к.м.н. Сулейманова С.Б. - лауреаты премии Фонда Первого Президента Р.К. в номинации &laquo;Медицина&raquo;.</p>\n<p>&nbsp;</p>\n<p>Доктором разработаны, усовершенствованы и успешно внедрены в практику следующие новые хирургические вмешательства и методы лечения у детей:</p>\n<p>&bull; задне-сагитальная аноректоуретровагинопластика при аноректальной мальформации;</p>\n<p>&bull; трансанальное устранение Н-фистулы у девочек;</p>\n<p>&bull; полная урогенитальная мобилизация при персистирующей клоаке у девочек; - эзофагофундопликация по Талю и по Тупету;</p>\n<p>&bull; модифицированы методы хирургического лечения болезни Гиршпрунга и идиопатического мегаректосигмоида у детей;</p>\n<p>&bull; экстирпация пищевода с одномоментной колоэзофагопластикой, пластика пищевода целым желудком с проведением трансплантата в заднем средостении;</p>\n<p>&nbsp;</p>\n<p>Является автором 20 предпатентов на изобретение, двух рационализаторских предложений.</p>\n<p>Опубликовал 290 научных работ, среди которых 3 монографии и руководство для врачей;</p>\n<p>Награжден знаком &laquo;Отличник здравоохранения Республики Казахстан&raquo; (2005 год).</p>\n<p>Лауреат премии &laquo;Ильхам&raquo; клуба меценатов Казахстана в номинации &laquo;Наука&raquo; (2007г).</p>\n<p>Лауреат Республиканской премии &laquo;Народный герой&raquo; в номинации &laquo;За верность профессии&raquo; (2009г).</p>\n<p>Член Европейской академии естественных наук (2017г)</p>\n<p>Награжден медалью имени Роберта Коха (2016 г), орденом Александра III (2017г) за особый вклад в медицине.</p>\n<p>Доктор является членом редакционных коллегий журналов &laquo;Педиатрия и детская хирургия&raquo;, &laquo;Здравоохранение Таджикистана&raquo; и с 2018 года - &laquo;American journal of Pediatrics&raquo;.</p>\n<p>&nbsp;</p>', 'Ахпаров Нурлан Нуркинович', 'Ахпаров Нурлан Нуркинович', 'Ахпаров Нурлан Нуркинович', 1, 34, 1, '2021-07-06 23:28:00', '2021-07-09 04:00:50'),
(35, 'Корох Ольга Александровна', 'Хирург', 'doctors/July2021/c7BHiFCQvxwlZOTtDptq.jpg', 6500, NULL, 'koroh-olga-aleksandrovna', '<p>Корох Ольга Александровна &ndash; специалист клиники Health City,</p>\n<p>Врач &ndash; хирург высшей категории.&nbsp;</p>\n<p>Стаж работы &ndash; 39 лет</p>\n<p>&nbsp;</p>\n<p>Специализируется в направлениях:&nbsp;</p>\n<p>&bull; диагностика и лечение хирургических заболеваний&nbsp;</p>\n<p>&bull; лечение диабетической стопы</p>\n<p>&bull; лечение хирургических инфекций: фурункулов, карбункулов, гидроаденитов, маститов, абсцессов, флегмон различных локализаций</p>\n<p>&nbsp;</p>\n<p>Образование:&nbsp;</p>\n<p>1975 - 1981 гг. &ndash; Карагандинский государственный медицинский институт. Лечебное дело. Специальность хирургия.</p>\n<p>В 1990 гг. закончила клиническую ординатуру по специальности хирургия в Алматинском государственном медицинском институте.&nbsp;</p>\n<p>&nbsp;</p>\n<p>Повышение квалификации по специальности &laquo;Хирургия&raquo;:</p>\n<p>Хирургия органов грудной и брюшной полости, клиническая ангиохирургия.</p>', 'Корох Ольга Александровна', 'Корох Ольга Александровна', 'Корох Ольга Александровна', 1, 35, 0, '2021-07-06 23:30:00', '2021-07-09 03:59:38'),
(37, 'Самонова Тамара Ивановна', 'Хирург', 'doctors/July2021/uxrMIPZDtiYa0LcaNYy8.jpg', 6500, NULL, 'samonova-tamara-ivanovna', '<p>СамоноваТамара Ивановна</p>\n<p>Хирург Детский; Специалист высшей категории&nbsp;</p>\n<p>Стаж 31 год</p>\n<p>&nbsp;</p>\n<p>Специализируется в направлениях:</p>\n<ul>\n<li>Дисплазия тазобедренных суставов</li>\n<li>Кишечная непроходимость, кишечная инвагинация</li>\n<li>Спаечная болезнь</li>\n<li>Пилоростеноз</li>\n<li>Воспалительные заболевания мягких тканей, костей и суставов</li>\n<li>Флегмона, фурункул, карбункул, панариций</li>\n<li>Лимфаденит</li>\n<li>Пупочные, паховые грыжи</li>\n<li>Ангиомы, пигментные пятна, гемангиомы</li>\n<li>Лимфангиомы</li>\n<li>Врожденные пороки развития</li>\n<li>При наличии каких жалоб у ребенка стоит обращаться к хирургу?</li>\n<li>Боли в животе</li>\n<li>Рвота</li>\n<li>Запоры</li>\n<li>Припухлость, покраснение, нарушение функций в любой области тела</li>\n</ul>\n<p>&nbsp;</p>\n<p>Образование:</p>\n<p>1983г &ndash; окончила Алматинский Государственный Медицинский Институт по специальности &laquo;Педиатрия&raquo;</p>\n<p>1984г &ndash; окончила интернатуру Алматинского Государственного Медицинского Института по специальности &laquo;Детская хирургия&raquo;Опыт работы:</p>\n<p>1983-1989гг &ndash; Городская клиническая больница, детский хирург, Алматы</p>\n<p>1989-1991гг &ndash; Областная детская больница, детский хирург, Алматы</p>\n<p>1991-2012гг &ndash; Поликлиника при областной детской больнице, амбулаторный хирург, Алматы</p>\n<p>2012-2016гг &ndash; Городская поликлиника №10, детский хирург, Алматы</p>\n<p>2016-2017гг &ndash; МЦ &laquo;KazMed&raquo;, АлматыПовышения квалификации:</p>\n<p>2017 г. &ndash; &laquo;Урология детского возраста&raquo;, г. Алматы 2016 г. - \"Урология детского возраста\", г. Алматы</p>\n<p>2010 г. - \"Травматология и ортопедия детского возраста\", г. Алматы</p>\n<p>2005 г. - \"Амбулаторная хирургия у детей\", г. Алматы</p>\n<p>2000 г. - \"Неотложная хирургия детского возраста\", г. Алматы</p>', 'Самонова Тамара Ивановна', 'Самонова Тамара Ивановна', 'Самонова Тамара Ивановна', 1, 37, 0, '2021-07-06 23:34:00', '2021-07-09 03:57:47'),
(38, 'Акимниязова Бекдаулет Бегдуллаевна ', 'Пульмонолог', 'doctors/July2021/hfjZ4wmu2QXsFbkI5BCm.jpg', 6500, NULL, 'akimniyazova-bekdaulet-begdullaevna', '<p>Акимниязова Бекдаулет Бегдуллаевна &ndash; специалист клиники Health City,</p>\n<p>Врач - Пульмонолог&nbsp;</p>\n<p>Первой категории</p>\n<p>Стаж работы &ndash; 10 лет</p>\n<p>&nbsp;</p>\n<p>Специализируется в направлениях:&nbsp;</p>\n<p>&bull; лечение хронических воспалительных процессов органов дыхания</p>\n<p>&bull; диагностика и лечение заболеваний трахеи, бронхов, легких</p>\n<p>&bull; диагностика ХОБЛ, бронхиальной астмы, ведение пациентов</p>\n<p>&nbsp;</p>\n<p>Образование:&nbsp;</p>\n<p>2004 - 2011 гг. &ndash; Казахстанско-Российский медицинский университет. Лечебное дело.</p>\n<p>&nbsp;</p>\n<p>2011 &ndash; 2014 гг. &ndash; НЦХ им. А.Н. Сызганова. Резидентура по торакальной хирургии&nbsp;</p>\n<p>2019г. &ndash; переподготовка по специальности &laquo;Пульмонология (эндоскопия по профилю основной специальности, функциональная диагностика по профилю основной специальности) (взрослая)&raquo;</p>', 'Акимниязова Бекдаулет Бегдуллаевна ', 'Акимниязова Бекдаулет Бегдуллаевна ', 'Акимниязова Бекдаулет Бегдуллаевна ', 1, 38, 0, '2021-07-06 23:35:00', '2021-07-09 03:54:41'),
(42, 'Харитонов Алексей Геннадьевич', 'Массажист', 'doctors/July2021/cjKEabJSK7ErDsB5s3bw.jpg', NULL, NULL, 'haritonov-aleksej-gennadevich', '<p>Харитонов Алексей Геннадиевич&nbsp;<span style=\"color: #636363; font-family: Arial, sans-serif; font-size: 11.5pt;\">&ndash; специалист клиники Health City,</span></p>\n<p>Массажист</p>\n<p>Стаж работы 12 лет</p>\n<p>&nbsp;</p>\n<p>Специализирутеся в направлениях :</p>\n<p>&nbsp;- Классический массаж</p>\n<p>&nbsp;- Детский массаж</p>\n<p>&nbsp;- Спортивный массаж</p>\n<p>&nbsp;- Дренажный массаж</p>\n<p>&nbsp;- Висцеральный массаж живота</p>\n<p>&nbsp;- Гоаша массаж</p>\n<p>&nbsp;- Антицелюлитный массаж</p>\n<p>&nbsp;- Раслабляющий массаж</p>\n<p>&nbsp;- Вакуумный банночный массаж</p>\n<p>&nbsp;- Кровопускание&nbsp;</p>\n<p>&nbsp;- Обертывание&nbsp;</p>\n<p>&nbsp;</p>\n<p>Оразование:&nbsp;</p>\n<p>Медицинский колледж г. Жезказган&nbsp; 2007-2008</p>\n<p>Национальная палата здравоохранения РК. Республиканское общественное Обьединение&nbsp; \"Профессиональная лига специалиство массажа\" 2018 г</p>\n<p>Гирудотерапия, Вакуумное Кропускание&nbsp; 2016 г</p>\n<p>Антицеллюлитный массаж&nbsp; 2014 г</p>', 'Харитонов Алексей Геннадьевич', 'Харитонов Алексей Геннадьевич', 'Харитонов Алексей Геннадьевич', 1, 42, 0, '2021-07-06 23:41:00', '2021-07-09 03:53:50'),
(43, 'Маметбакиева Венера Аркиновна', 'Инфекционист', 'doctors/July2021/7QFOiIQLhI6yit26uFs8.png', 6500, NULL, 'mametbakieva-venera-arkinovna', '', 'Маметбакиева Венера Аркиновна', 'Маметбакиева Венера Аркиновна', 'Маметбакиева Венера Аркиновна', 0, 43, 0, '2021-07-06 23:42:00', '2021-07-09 05:32:31'),
(44, 'Цой Елена Анатольевна', 'Терапевт, Ревматолог', 'doctors/July2021/Pn9G8sJn28LdY79jUw2r.jpg', 8000, 6000, 'coj-elena-anatolevna', '<p><span style=\"font-size: 11.5pt; line-height: 107%; font-family: \'Arial\',sans-serif; mso-fareast-font-family: \'Times New Roman\'; color: #636363; mso-ansi-language: RU; mso-fareast-language: RU; mso-bidi-language: AR-SA;\">Цой Елена Анатольевна &ndash; специалист клиники Health City,</span></p>\n<p>Врач терапевт, ревматолог</p>\n<p>Стаж работы 21 год</p>\n<p>&nbsp;</p>\n<p>Специальности: терапия и ревматология</p>\n<p>Лечение всех острых и хронических терапевтических&nbsp; и ревматологических заболеваний</p>\n<p>Проводит обследование и лечение терапевтических и ревматологических больных, применяя в своей практике последние методы диагностики и лечения.</p>\n<p>Проводит биологическую терапию больным с системными заболеваниями соединительной ткани.</p>\n<p>&nbsp;</p>\n<p>Образование</p>\n<p>В 2000 году закончила Актюбинский Государственный медицинский институт.</p>\n<p>&nbsp;</p>\n<p>С 2001 по 2011 г работала в Центральной городской клинической больнице, в свое время была заведующей платного ревматологического, платного многопрофильного и терапевтического отделений.</p>\n<p>С 2012 по 2016 г стала практиковать в частной медицине в клинике &laquo;САНА&raquo;, была заведующей платного терапевтического отделения.</p>\n<p>С мая 2016 года работает в команде Healthcity.&nbsp; &nbsp;</p>\n<p>&nbsp;</p>', 'Цой Елена Анатольевна', 'Цой Елена Анатольевна', 'Цой Елена Анатольевна', 1, 44, 1, '2021-07-06 23:44:00', '2021-08-16 12:01:22'),
(45, 'Алтынбекова Дана Алтаевна', 'Терапевт', 'doctors/July2021/EHCcDlAdmkGZjCRdarYs.jpg', 6500, NULL, 'altynbekova-dana-altaevna', '<p>Алтынбекова Дана Алтаевна&nbsp; &ndash; специалист клиники Health City,</p>\n<p>Врач - терапевт.</p>\n<p>Стаж работы &ndash; 5 лет.</p>\n<p>Специализируется в направлениях:&nbsp;</p>\n<p>&bull; лечение внутренних болезней&nbsp;</p>\n<p>&nbsp;</p>\n<p>Образование:&nbsp;</p>\n<p>2006 - 2015 гг. - Казахский государственный медицинский университет им С. Асфендиярова. Лечебное дело.&nbsp;</p>\n<p>&nbsp;</p>', 'Алтынбекова Дана Алтаевна', 'Алтынбекова Дана Алтаевна', 'Алтынбекова Дана Алтаевна', 1, 45, 0, '2021-07-06 23:45:00', '2021-07-09 03:46:54'),
(46, 'Костоусова Галина Алексеевна ', 'Терапевт, Гастроэнтеролог', 'doctors/July2021/4UGSOLeQfdUySJSDVciN.jpg', 6500, NULL, 'kostousova-galina-alekseevna-2', '<p>Костоусова Галина Алексеевна&nbsp;<span style=\"color: #636363; font-family: Roboto, sans-serif; font-size: 15px;\">&nbsp;</span><span style=\"color: #636363; font-family: Roboto, sans-serif; font-size: 15px;\">&ndash; специалист клиники Health City,</span></p>\n<p style=\"box-sizing: border-box; margin: 0px 0px 1rem; padding: 0px; font-family: Roboto, sans-serif; color: #636363; font-size: 15px;\">Врач - Терапевт, Гастроэнтеролог</p>\n<p>Стаж работы 33 года.</p>\n<p>Лечение заболеваний</p>\n<p>&bull; Болезни печени и желчного пузыря</p>\n<p>&bull; Болезни пищевода и желудка (Эзофагит, гастрит, язва желудка)</p>\n<p>&bull; Заболевания поджелудочной железы (панкреатиты)</p>\n<p>&bull; Заболевание кишечника (Синдром раздраженного кишечника, воспалительные заболевания кишечника)</p>\n<p>&nbsp;</p>\n<p>ОБРАЗОВАНИЕ</p>\n<p>&bull; 1989 - Алматинский Государственный медицинский институт (ф-т лечебное дело)</p>\n<p>&bull; 2003 - Казахский национальный университет им. Аль- Фараби (специальность психолог)</p>\n<p>Специализации:</p>\n<p>&bull; 1994 - АГиУВ - &laquo;Су-Джок &ndash; терапия&raquo;;</p>\n<p>&bull; 2004 - АГиУВ - &laquo;Избранные вопросы терапии и клинической кардиографии&raquo;;</p>\n<p>&bull; 2004 - АГиУВ - &laquo;Избранные вопросы терапии&raquo;</p>\n<p>&bull; 2007 - г.Тайбей- &laquo;Организация лечения психосамотическим больным в условиях стационара и амбулатории&raquo;;</p>\n<p>&bull; 2009 - АГиУВ &ndash;Заболевания бронхолегочной системы&raquo;;</p>\n<p>&bull; 2011 - г. Далянь- &laquo;Нетрадиционные методы лечения в традиционной терапии&raquo;;</p>\n<p>&bull; 2014 - АГиУВ &laquo;Терапия, сосременные походы в лечении внутренних болезней&raquo;;</p>\n<p>&bull; 2016 - обучающий курс по гастроэнтерологии,</p>\n<p>&bull; 2017 - г.Ташкент обучение &laquo;Стандарты эндоскопической диагностики и лечения заболеваний верхних отделов пищеварительного тракта</p>\n<p>&nbsp;</p>\n<p>&bull; Прослушан курс лекций по теме &laquo;Современные принципы организации мед.помощи и принципы лечения при острых нарушениях мозгового кровообращения&raquo;,&laquo; Артериальная гипертензия. Особые состояния: гипертонические кризы и резистентные состояния&raquo;, принимала участие в международных симпозиумах по гастропатологии 2017, 2018гг Москва, регулярно обучаюсь в Академии гастроэнтерологии г. Алматы</p>\n<p>&nbsp;</p>', 'Костоусова Галина Алексеевна ', 'Костоусова Галина Алексеевна ', 'Костоусова Галина Алексеевна ', 1, 46, 0, '2021-07-06 23:46:00', '2021-07-09 03:27:19'),
(47, 'Королева Елена Сергеевна ', 'Психолог/Психотерапевт/Сомнолог', 'doctors/July2021/8iYXtaIugdNfIwIyypWn.png', 17000, NULL, 'koroleva-elena-sergeevna', '', 'Королева Елена Сергеевна ', 'Королева Елена Сергеевна ', 'Королева Елена Сергеевна ', 0, 47, 0, '2021-07-06 23:48:00', '2021-07-09 03:07:46'),
(48, 'Ибраимова Жанара Жумахановна', 'Эпидемиолог', 'doctors/July2021/puUsYRx1P9bUKPcArHGP.png', NULL, NULL, 'ibraimova-zhanara-zhumahanovna', '<p>Ибраимова Жанара Жумахановна</p>\n<p>Врач Эпидемиолог МЦ &laquo;Город здоровья&raquo;</p>\n<p>Врач Первой категории</p>\n<p>Стаж работы 20 лет</p>\n<p>Специализируюсь в сфере сан-эпид благополучия населения, инфекционного контроля, внутри больничных инфекций.</p>\n<p>Окончила 1991-1997 г. Алматинский Государственный Медицинский университет им. С. Асфендиярова. Факультет санитария и гигиена</p>\n<p>Дополнительная информация:</p>\n<p>Последняя специализация на тему: &laquo;Защита прав пациентов и медицинских работников в сфере обеспечения санитарно-эпидемиологического благополучия при оказании медицинской помощи&raquo; пройдена с 14.12.2020-30.01.2020г. в количестве 108 часов.</p>\n<p>&nbsp;</p>', 'Ибраимова Жанара Жумахановна', 'Ибраимова Жанара Жумахановна', 'Ибраимова Жанара Жумахановна', 0, 48, 0, '2021-07-06 23:50:00', '2021-07-09 03:07:35'),
(49, 'Нигай Роман Валерьевич ', 'Радиолог', 'doctors/July2021/3z2HoC2WEjHQXEnLRRmA.jpg', NULL, NULL, 'nigaj-roman-valerevich', '<p>Нигай Роман Валерьевич &ndash; специалист клиники Health City.</p>\n<p>Врач - магнитно-резонансной томографии .</p>\n<p>Врач второй категории.&nbsp;</p>\n<p>Стаж работы &ndash; 15 лет.</p>\n<p>Образование:</p>\n<p>1998 - 2004 гг. - Казахский государственный медицинский университет им С. Асфендиярова. Лечебное дело.&nbsp;</p>', 'Нигай Роман Валерьевич ', 'Нигай Роман Валерьевич ', 'Нигай Роман Валерьевич ', 1, 49, 0, '2021-07-06 23:52:00', '2021-08-16 12:00:55'),
(50, 'Лопанова Наталья Сергеевна', 'Радиология', 'doctors/July2021/l7y9e2OYeKMH6fwE8IWb.jpg', NULL, NULL, 'lopanova-natalya-sergeevna', '<p class=\"MsoNormal\" style=\"margin-bottom: 11.25pt; text-align: justify; line-height: normal; background: white;\"><span style=\"mso-fareast-font-family: \'Times New Roman\'; mso-bidi-font-family: \'Times New Roman\'; color: #333333; mso-fareast-language: RU;\">Лопанова Наталья Сергеевна&ndash; специалист клиники </span><span lang=\"EN-US\" style=\"mso-fareast-font-family: \'Times New Roman\'; mso-bidi-font-family: \'Times New Roman\'; color: #333333; mso-ansi-language: EN-US; mso-fareast-language: RU;\">Health</span> <span lang=\"EN-US\" style=\"mso-fareast-font-family: \'Times New Roman\'; mso-bidi-font-family: \'Times New Roman\'; color: #333333; mso-ansi-language: EN-US; mso-fareast-language: RU;\">City</span><span style=\"mso-fareast-font-family: \'Times New Roman\'; mso-bidi-font-family: \'Times New Roman\'; color: #333333; mso-fareast-language: RU;\">,</span></p>\n<p class=\"MsoNormal\" style=\"margin-bottom: 11.25pt; text-align: justify; line-height: normal; background: white;\"><span style=\"mso-fareast-font-family: \'Times New Roman\'; mso-bidi-font-family: \'Times New Roman\'; color: #333333; mso-fareast-language: RU;\">Врач - рентгенолог (МРТ)</span></p>\n<p class=\"MsoNormal\" style=\"margin-bottom: 11.25pt; text-align: justify; line-height: normal; background: white;\"><span style=\"mso-fareast-font-family: \'Times New Roman\'; mso-bidi-font-family: \'Times New Roman\'; color: #333333; mso-fareast-language: RU;\">Врач высшей категории. </span></p>\n<p class=\"MsoNormal\" style=\"margin-bottom: 11.25pt; text-align: justify; line-height: normal; background: white;\"><span style=\"mso-fareast-font-family: \'Times New Roman\'; mso-bidi-font-family: \'Times New Roman\'; color: #333333; mso-fareast-language: RU;\">Стаж работы &ndash; 12 лет</span></p>\n<p class=\"MsoNormal\" style=\"margin-bottom: 11.25pt; text-align: justify; line-height: normal; background: white;\">&nbsp;</p>\n<p class=\"MsoNormal\" style=\"margin-bottom: 11.25pt; text-align: justify; line-height: normal; background: white;\"><span style=\"mso-fareast-font-family: \'Times New Roman\'; mso-bidi-font-family: \'Times New Roman\'; color: #333333; mso-fareast-language: RU;\">Образование: <br style=\"mso-special-character: line-break;\" /><!-- [if !supportLineBreakNewLine]--><br style=\"mso-special-character: line-break;\" /><!--[endif]--></span></p>\n<p class=\"MsoNormal\" style=\"margin-bottom: 11.25pt; text-align: justify; line-height: normal; background: white;\"><span style=\"mso-fareast-font-family: \'Times New Roman\'; mso-bidi-font-family: \'Times New Roman\'; color: #333333; mso-fareast-language: RU;\">2002 - 2008 гг. - Казахский медицинский университет. Лечебное дело.</span></p>\n<p class=\"MsoNormal\" style=\"margin-bottom: 11.25pt; text-align: justify; line-height: normal; background: white;\"><span style=\"mso-fareast-font-family: \'Times New Roman\'; mso-bidi-font-family: \'Times New Roman\'; color: #333333; mso-fareast-language: RU;\">2008-2009гг Интернатура по лучевой диагностике на базе КазНИИОиР</span></p>\n<p class=\"MsoNormal\" style=\"margin-bottom: 11.25pt; text-align: justify; line-height: normal; background: white;\"><span style=\"mso-fareast-font-family: \'Times New Roman\'; mso-bidi-font-family: \'Times New Roman\'; color: #333333; mso-fareast-language: RU;\">2009-2011гг Резидентура по лучевой диагностике (АГИУВ)</span></p>', 'Лопанова Наталья Сергеевна', 'Лопанова Наталья Сергеевна', 'Лопанова Наталья Сергеевна', 0, 50, 0, '2021-07-06 23:53:00', '2021-07-12 03:18:52'),
(51, 'Савран Александр', 'Радиолог', 'doctors/July2021/ySAvnyqqVq8TqGMdXLWh.png', NULL, NULL, 'savran-aleksandr', '<p class=\"MsoNormal\" style=\"margin-bottom: .0001pt; line-height: normal;\"><strong><span style=\"mso-bidi-font-family: \'Times New Roman\'; color: red;\">&nbsp;</span></strong></p>\n<p class=\"MsoNormal\" style=\"margin-bottom: 0.0001pt; line-height: normal; background-image: initial; background-position: initial; background-size: initial; background-repeat: initial; background-attachment: initial; background-origin: initial; background-clip: initial;\"><span style=\"font-size: 10.5pt; font-family: \'Verdana\',sans-serif; mso-fareast-font-family: \'Times New Roman\'; mso-bidi-font-family: \'Times New Roman\'; color: #333333; mso-fareast-language: RU;\">Савран Александр Александрович&nbsp;&nbsp;&ndash; специалист клиники&nbsp;</span><span lang=\"EN-US\" style=\"font-size: 10.5pt; font-family: \'Verdana\',sans-serif; mso-fareast-font-family: \'Times New Roman\'; mso-bidi-font-family: \'Times New Roman\'; color: #333333; mso-ansi-language: EN-US; mso-fareast-language: RU;\">Health</span><span style=\"font-size: 10.5pt; font-family: Verdana, sans-serif;\">&nbsp;</span><span lang=\"EN-US\" style=\"font-size: 10.5pt; font-family: \'Verdana\',sans-serif; mso-fareast-font-family: \'Times New Roman\'; mso-bidi-font-family: \'Times New Roman\'; color: #333333; mso-ansi-language: EN-US; mso-fareast-language: RU;\">City</span><span style=\"font-size: 10.5pt; font-family: \'Verdana\',sans-serif; mso-fareast-font-family: \'Times New Roman\'; mso-bidi-font-family: \'Times New Roman\'; color: #333333; mso-fareast-language: RU;\">,</span></p>\n<p class=\"MsoNormal\" style=\"margin-bottom: 0.0001pt; line-height: normal; background-image: initial; background-position: initial; background-size: initial; background-repeat: initial; background-attachment: initial; background-origin: initial; background-clip: initial;\"><span style=\"font-size: 10.5pt; font-family: \'Verdana\',sans-serif; mso-fareast-font-family: \'Times New Roman\'; mso-bidi-font-family: \'Times New Roman\'; color: #333333; mso-fareast-language: RU;\">Врач - рентгенолог</span></p>\n<p class=\"MsoNormal\" style=\"margin-bottom: 0.0001pt; line-height: normal; background-image: initial; background-position: initial; background-size: initial; background-repeat: initial; background-attachment: initial; background-origin: initial; background-clip: initial;\"><span style=\"font-size: 10.5pt; font-family: \'Verdana\',sans-serif; mso-fareast-font-family: \'Times New Roman\'; mso-bidi-font-family: \'Times New Roman\'; color: #333333; mso-fareast-language: RU;\">Стаж работы &ndash; 15 лет</span></p>\n<p class=\"MsoNormal\" style=\"margin-bottom: 0.0001pt; line-height: normal; background-image: initial; background-position: initial; background-size: initial; background-repeat: initial; background-attachment: initial; background-origin: initial; background-clip: initial;\">&nbsp;</p>\n<p class=\"MsoNormal\" style=\"margin-bottom: 0.0001pt; line-height: normal; background-image: initial; background-position: initial; background-size: initial; background-repeat: initial; background-attachment: initial; background-origin: initial; background-clip: initial;\"><span style=\"font-size: 10.5pt; font-family: \'Verdana\',sans-serif; mso-fareast-font-family: \'Times New Roman\'; mso-bidi-font-family: \'Times New Roman\'; color: #333333; mso-fareast-language: RU;\">Специализируется в направлениях:</span></p>\n<p class=\"MsoNormal\" style=\"margin: 0cm 0cm 0.0001pt; text-indent: -18pt; line-height: normal; background-image: initial; background-position: initial; background-size: initial; background-repeat: initial; background-attachment: initial; background-origin: initial; background-clip: initial;\"><!-- [if !supportLists]--><span style=\"font-size: 10pt; font-family: Symbol;\">&middot;<span style=\"font-variant-numeric: normal; font-variant-east-asian: normal; font-stretch: normal; font-size: 7pt; line-height: normal; font-family: \'Times New Roman\';\">&nbsp;&nbsp;&nbsp;&nbsp;&nbsp;&nbsp;&nbsp;&nbsp; </span></span><!--[endif]--><span style=\"font-size: 10.5pt; font-family: \'Verdana\',sans-serif; mso-fareast-font-family: \'Times New Roman\'; mso-bidi-font-family: \'Times New Roman\'; color: #333333; mso-fareast-language: RU;\">КТ диагностика заболеваний головного мозга, придаточных пазух носа, височных костей, мягких тканей, позвоночника, грудной клетки, органов брюшной полости, малого таза, костно-суставной системы.</span></p>\n<p class=\"MsoNormal\" style=\"margin: 0cm 0cm 0.0001pt; text-indent: -18pt; line-height: normal; background-image: initial; background-position: initial; background-size: initial; background-repeat: initial; background-attachment: initial; background-origin: initial; background-clip: initial;\"><!-- [if !supportLists]--><span style=\"font-size: 10pt; font-family: Symbol;\">&middot;<span style=\"font-variant-numeric: normal; font-variant-east-asian: normal; font-stretch: normal; font-size: 7pt; line-height: normal; font-family: \'Times New Roman\';\">&nbsp;&nbsp;&nbsp;&nbsp;&nbsp;&nbsp;&nbsp;&nbsp; </span></span><!--[endif]--><span style=\"font-size: 10.5pt; font-family: \'Verdana\',sans-serif; mso-fareast-font-family: \'Times New Roman\'; mso-bidi-font-family: \'Times New Roman\'; color: #333333; mso-fareast-language: RU;\">КТ-ангиография аорты и ее ветвей, артерий нижних конечностей, брахиоцефальных и интракранильных артерий</span></p>\n<p class=\"MsoNormal\" style=\"margin-bottom: 0.0001pt; line-height: normal; background-image: initial; background-position: initial; background-size: initial; background-repeat: initial; background-attachment: initial; background-origin: initial; background-clip: initial;\"><span style=\"font-size: 10.5pt; font-family: \'Verdana\',sans-serif; mso-fareast-font-family: \'Times New Roman\'; mso-bidi-font-family: \'Times New Roman\'; color: #333333; mso-fareast-language: RU;\">&nbsp;</span></p>\n<p class=\"MsoNormal\" style=\"margin-bottom: 0.0001pt; line-height: normal; background-image: initial; background-position: initial; background-size: initial; background-repeat: initial; background-attachment: initial; background-origin: initial; background-clip: initial;\"><span style=\"font-size: 10.5pt; font-family: \'Verdana\',sans-serif; mso-fareast-font-family: \'Times New Roman\'; mso-bidi-font-family: \'Times New Roman\'; color: #333333; mso-fareast-language: RU;\">Образование:</span></p>\n<p class=\"MsoNormal\" style=\"margin-bottom: 0.0001pt; line-height: normal; background-image: initial; background-position: initial; background-size: initial; background-repeat: initial; background-attachment: initial; background-origin: initial; background-clip: initial;\"><span style=\"font-size: 10.5pt; font-family: \'Verdana\',sans-serif; mso-fareast-font-family: \'Times New Roman\'; mso-bidi-font-family: \'Times New Roman\'; color: #333333; mso-fareast-language: RU;\">1999 - 2006 гг. - Казахский государственный медицинский университет им С. Асфендиярова. Лечебное дело.</span></p>\n<p class=\"MsoNormal\" style=\"margin-bottom: 0.0001pt; line-height: normal; background-image: initial; background-position: initial; background-size: initial; background-repeat: initial; background-attachment: initial; background-origin: initial; background-clip: initial;\"><span style=\"font-size: 10.5pt; font-family: Verdana, sans-serif;\">2006г&nbsp;&nbsp;&nbsp;Прошел повышение квалификации по специальности рентгенолог &laquo;Избранные вопросы ентгенологии с элементами фтизиорентгенологии&raquo;. Прошел повышение квалификации по специальности рентгенолог &laquo;Актуальные вопросы рентгенологии, компьютерной томографии и магнитно-резонансной томографии</span></p>\n<p class=\"MsoNormal\" style=\"margin-bottom: 0.0001pt; line-height: normal; background-image: initial; background-position: initial; background-size: initial; background-repeat: initial; background-attachment: initial; background-origin: initial; background-clip: initial;\"><span lang=\"EN-US\" style=\"font-size: 10.5pt; font-family: Verdana, sans-serif;\">2010&nbsp;&nbsp;&nbsp;ESOR&nbsp;European&nbsp;School&nbsp;of&nbsp;Radiology&nbsp;Graz,&nbsp;Austria</span></p>\n<p class=\"MsoNormal\" style=\"margin-bottom: 0.0001pt; line-height: normal; background-image: initial; background-position: initial; background-size: initial; background-repeat: initial; background-attachment: initial; background-origin: initial; background-clip: initial;\"><span style=\"font-size: 10.5pt; font-family: Verdana, sans-serif;\">2013&nbsp;&nbsp;&nbsp;&nbsp;&nbsp;Повышение квалификации на тему &laquo; КТ и МРТ диагностика заболеваний органов брюшной полости&raquo; КазНМУ им.Асфендиярова постдипломное образование г. Алматы&nbsp;</span></p>\n<p class=\"MsoNormal\" style=\"margin-bottom: .0001pt; line-height: normal;\"><span style=\"font-size: 10.5pt; font-family: Verdana, sans-serif;\">2013г&nbsp;&nbsp;&nbsp;Участие в Международном научном форуме радиологов (STAR) г. Киев</span></p>\n<p class=\"MsoNormal\" style=\"margin-bottom: .0001pt; line-height: normal;\"><span style=\"font-family: Verdana, sans-serif; font-size: 10.5pt;\">2018г&nbsp;&nbsp;Повышение квалификации по специальности &laquo;Лучевая диагностика (рентгенология, компьютерная и магнитно-резонансная томография), по циклу Функциональная диагностика КТ и МРТ заболеваний брюшной полости.</span></p>', 'Савран Александр', 'Савран Александр', 'Савран Александр', 0, 51, 0, '2021-07-06 23:54:00', '2021-07-12 02:47:43');

-- --------------------------------------------------------

--
-- Структура таблицы `doctor_speciality`
--

CREATE TABLE `doctor_speciality` (
  `doctor_id` int(10) UNSIGNED NOT NULL,
  `speciality_id` int(10) UNSIGNED NOT NULL
) ENGINE=InnoDB DEFAULT CHARSET=utf8mb4 COLLATE=utf8mb4_unicode_ci;

--
-- Дамп данных таблицы `doctor_speciality`
--

INSERT INTO `doctor_speciality` (`doctor_id`, `speciality_id`) VALUES
(4, 4),
(29, 12),
(33, 11),
(36, 11),
(39, 13),
(40, 20),
(41, 21),
(44, 1),
(45, 1),
(46, 1),
(48, 25),
(46, 41),
(49, 38),
(44, 28),
(42, 46),
(51, 38),
(50, 38),
(26, 32),
(47, 39),
(43, 47),
(38, 42),
(37, 33),
(35, 33),
(34, 33),
(32, 34),
(31, 33),
(31, 36),
(30, 45),
(28, 48),
(27, 32),
(25, 32),
(24, 2),
(23, 2),
(22, 2),
(21, 2),
(20, 56),
(19, 35),
(18, 48),
(17, 29),
(15, 40),
(14, 40),
(13, 41),
(13, 44),
(13, 48),
(12, 43),
(11, 27),
(10, 27),
(9, 4),
(8, 4),
(6, 30),
(5, 30),
(3, 27),
(3, 30),
(2, 30),
(1, 30),
(34, 51),
(32, 59),
(26, 53),
(25, 53),
(23, 52),
(20, 52),
(18, 49),
(16, 49),
(15, 58),
(13, 54),
(13, 55),
(7, 50),
(7, 51),
(3, 57);

-- --------------------------------------------------------

--
-- Структура таблицы `failed_jobs`
--

CREATE TABLE `failed_jobs` (
  `id` bigint(20) UNSIGNED NOT NULL,
  `uuid` varchar(191) COLLATE utf8mb4_unicode_ci NOT NULL,
  `connection` text COLLATE utf8mb4_unicode_ci NOT NULL,
  `queue` text COLLATE utf8mb4_unicode_ci NOT NULL,
  `payload` longtext COLLATE utf8mb4_unicode_ci NOT NULL,
  `exception` longtext COLLATE utf8mb4_unicode_ci NOT NULL,
  `failed_at` timestamp NOT NULL DEFAULT CURRENT_TIMESTAMP
) ENGINE=InnoDB DEFAULT CHARSET=utf8mb4 COLLATE=utf8mb4_unicode_ci;

-- --------------------------------------------------------

--
-- Структура таблицы `galleries`
--

CREATE TABLE `galleries` (
  `id` bigint(20) UNSIGNED NOT NULL,
  `title` varchar(191) COLLATE utf8mb4_unicode_ci NOT NULL,
  `image` varchar(191) COLLATE utf8mb4_unicode_ci DEFAULT NULL,
  `images` longtext COLLATE utf8mb4_unicode_ci,
  `status` tinyint(1) NOT NULL DEFAULT '1',
  `sort_id` int(11) NOT NULL DEFAULT '1',
  `created_at` timestamp NULL DEFAULT NULL,
  `updated_at` timestamp NULL DEFAULT NULL
) ENGINE=InnoDB DEFAULT CHARSET=utf8mb4 COLLATE=utf8mb4_unicode_ci;

--
-- Дамп данных таблицы `galleries`
--

INSERT INTO `galleries` (`id`, `title`, `image`, `images`, `status`, `sort_id`, `created_at`, `updated_at`) VALUES
(1, 'Телемедицина', 'galleries/July2021/3xsdGLRB6DrlfqkiRF6t.JPG', '[\"galleries\\/July2021\\/SwzSGnEAxoXpIIpI7i6m.JPG\",\"galleries\\/July2021\\/aDv2bnTbSdgWMt0g93Wp.JPG\",\"galleries\\/July2021\\/U3Q539kO74appwan1yRe.JPG\",\"galleries\\/July2021\\/mM2hXfrabfY6dlhBosQg.JPG\",\"galleries\\/July2021\\/IQ4nafaLki8SeOfo1UnZ.JPG\"]', 1, 1, '2021-06-11 06:54:00', '2021-07-09 08:58:21'),
(2, 'Визиты в Health City  ', 'galleries/July2021/BkTL8nfa1XKjq3NxYlfT.JPG', '[\"galleries\\/July2021\\/uYEzI7G0jIc2dX8cH8Lb.JPG\",\"galleries\\/July2021\\/jSjU3prhHrmaruNDCx5M.JPG\",\"galleries\\/July2021\\/CZ55A0Z6ziHb8fIlwH7b.JPG\",\"galleries\\/July2021\\/Zcn5CtZPJPXY8PJObrMW.JPG\",\"galleries\\/July2021\\/bKPWhTAmx8rafVpA6tsg.JPG\",\"galleries\\/July2021\\/MAAwLLyFfVfPeFK60EBc.JPG\",\"galleries\\/July2021\\/MPatTC6m1sa7kSKFyG81.JPG\",\"galleries\\/July2021\\/I45H6DXP4VqNYoe0MBI3.JPG\"]', 1, 2, '2021-06-11 06:54:00', '2021-07-12 06:47:39'),
(3, 'Мастер -класс по вопросам магнитно - резонансной томографии.', 'galleries/July2021/qFldLiybPLvMrljR4TJY.jpg', '[\"galleries\\/July2021\\/CMrgiQLt0c1W3ZJcNrh0.jpg\",\"galleries\\/July2021\\/v8TAKmxJYKxeJOvd94he.jpg\",\"galleries\\/July2021\\/GctqNrENV9fi2y56ecEK.jpg\",\"galleries\\/July2021\\/tBeyZDpquYo2PTsoOLEO.jpg\",\"galleries\\/July2021\\/RjF89CCyG9h8nXLTxlH5.jpg\",\"galleries\\/July2021\\/cia29eMEWho9wUJEQ6Hn.jpg\",\"galleries\\/July2021\\/fYNxuhtOHgdsYfXaYeHJ.jpg\",\"galleries\\/July2021\\/8bNEq2JFfnMdc6cNmCqQ.jpg\",\"galleries\\/July2021\\/jUthuMQn7UoaRBZmBX4B.jpg\",\"galleries\\/July2021\\/Zvv3HGJnx756RDcpYRd7.jpg\",\"galleries\\/July2021\\/CLcBZssVOTWSDZety6tM.jpg\",\"galleries\\/July2021\\/JopvVwyFrWSL93qzLSC5.jpg\"]', 1, 3, '2021-06-11 06:54:00', '2021-07-12 06:33:59'),
(4, 'Партнерское соглашение с Samsung  Medical Center', 'galleries/July2021/cfWhAJRB35QIdJAQ3eGo.JPG', '[\"galleries\\/July2021\\/pNaz4sRzBA4YAxj2ttrn.JPG\",\"galleries\\/July2021\\/fcMdJFaiNu7WaCzm7V6K.jpg\"]', 1, 4, '2021-06-11 06:55:00', '2021-07-09 09:06:47'),
(6, 'Всемирный день сердца.', 'galleries/July2021/4uPSE0ICTM1IUFMMeMch.jpg', '[\"galleries\\/July2021\\/zGGudqu4TgTm8K4mo2P3.jpg\",\"galleries\\/July2021\\/CriWfpWvo9nyLCfJsRsk.jpg\",\"galleries\\/July2021\\/4tyzwGtjnPvz3jA4I9iX.jpg\",\"galleries\\/July2021\\/UrWrc86OOGFLIwtAGkaC.jpg\",\"galleries\\/July2021\\/nEQOmLaGDMUrWWu4i7iR.jpg\"]', 1, 5, '2021-07-12 06:46:23', '2021-07-12 06:46:23'),
(7, 'Специалисты из Южной Кореи ', 'galleries/July2021/goF2SE0b9unubttxHz15.jpg', '[\"galleries\\/July2021\\/CFW0JjhYt2h4F7pdiSKH.jpg\",\"galleries\\/July2021\\/LYgvjvKFaZHVqYML8hz3.jpg\",\"galleries\\/July2021\\/d6oC5dhSxEPS0QWX9fSW.jpg\",\"galleries\\/July2021\\/pHGRohyB7R0woL4dD9GZ.jpg\",\"galleries\\/July2021\\/3SEdbiD5hqEmriqTzYAQ.jpg\"]', 1, 6, '2021-07-12 06:58:46', '2021-07-12 06:58:46');

-- --------------------------------------------------------

--
-- Структура таблицы `icontexts`
--

CREATE TABLE `icontexts` (
  `id` bigint(20) UNSIGNED NOT NULL,
  `type` enum('numbers','advantages','corporates','checkup') COLLATE utf8mb4_unicode_ci NOT NULL DEFAULT 'advantages',
  `title` varchar(191) COLLATE utf8mb4_unicode_ci NOT NULL,
  `icon` varchar(191) COLLATE utf8mb4_unicode_ci NOT NULL,
  `text` text COLLATE utf8mb4_unicode_ci,
  `status` tinyint(1) NOT NULL DEFAULT '1',
  `sort_id` int(11) NOT NULL DEFAULT '1',
  `created_at` timestamp NULL DEFAULT NULL,
  `updated_at` timestamp NULL DEFAULT NULL
) ENGINE=InnoDB DEFAULT CHARSET=utf8mb4 COLLATE=utf8mb4_unicode_ci;

--
-- Дамп данных таблицы `icontexts`
--

INSERT INTO `icontexts` (`id`, `type`, `title`, `icon`, `text`, `status`, `sort_id`, `created_at`, `updated_at`) VALUES
(1, 'numbers', '7 лет<br>на рынке', 'icontexts\\June2021\\L5ehgbjL7hMMeucSKPFv.svg', '', 1, 1, '2021-06-06 05:09:00', '2021-06-06 05:14:45'),
(2, 'numbers', '150<br>специалистов', 'icontexts\\June2021\\9DDoO9Zw4RdHDSIDU09S.svg', '', 1, 2, '2021-06-06 05:10:00', '2021-06-06 05:14:37'),
(3, 'numbers', '1000<br>клиентов', 'icontexts\\June2021\\IETBlmcWQxCpMbOtYMct.svg', '', 1, 3, '2021-06-06 05:10:00', '2021-06-06 05:14:28'),
(4, 'numbers', '113 видов<br>анализов', 'icontexts\\June2021\\kJjY8ca8E1hrimbjXcNf.svg', '', 1, 4, '2021-06-06 05:10:00', '2021-06-06 05:14:21'),
(5, 'numbers', '50 видов<br>услуг', 'icontexts\\June2021\\AqYdFJQaqiN5mlP0c0II.svg', '', 1, 5, '2021-06-06 05:10:00', '2021-06-06 05:14:08'),
(6, 'advantages', 'Качество', 'icontexts\\June2021\\kbelcCH11iyIO6ESnfBU.svg', 'Наша клиника оборудована всем необходимым для точной диагностики и лечения', 1, 1, '2021-06-06 05:15:17', '2021-06-06 05:15:17'),
(7, 'advantages', 'Выгодно', 'icontexts\\June2021\\84HnpOxWqjWSEfwNZH5v.svg', 'Низкие цены, хорошие условия для клиентов и выгодные акции', 1, 2, '2021-06-06 05:15:38', '2021-06-06 05:15:38'),
(8, 'advantages', 'Точно', 'icontexts\\June2021\\GqeaykSGTybgbaARCHjL.svg', 'Своя лаборатория - качество выполнения всех видов анализов', 1, 3, '2021-06-06 05:15:56', '2021-06-06 05:15:56'),
(9, 'advantages', 'Сервис', 'icontexts\\June2021\\9ICXh9mDTGRMQu628doP.svg', 'Своя лаборатория - качественное выполнение всех видов анализов', 1, 4, '2021-06-06 05:16:14', '2021-06-06 05:16:14'),
(10, 'advantages', 'Бережно', 'icontexts\\June2021\\d5knzUfZr9a8dO1afH7p.svg', 'Профессиональные, высококвалифицированные и компетентные врачи.', 1, 5, '2021-06-06 05:16:32', '2021-06-06 05:16:32'),
(11, 'corporates', '7 лет<br>на рынке', 'icontexts\\June2021\\Pi60rjZiGdd7DqPGl8ab.svg', '', 1, 1, '2021-06-06 06:01:52', '2021-06-06 06:01:52'),
(12, 'corporates', 'Медицинская сеть в крупных городах Республики', 'icontexts\\June2021\\h3oEcxiIHPUaM4eaTZpL.svg', '', 1, 2, '2021-06-06 06:02:00', '2021-07-09 00:51:49'),
(13, 'corporates', 'Более 2000 застрахованных ', 'icontexts\\June2021\\DiCt3ZWFmzOMhdAkZu9K.svg', '', 1, 3, '2021-06-06 06:02:00', '2021-07-09 00:51:47'),
(14, 'corporates', '113 видов<br>анализов', 'icontexts\\June2021\\a53aoUXXNqvscsBTRWvA.svg', '', 0, 4, '2021-06-06 06:02:00', '2021-07-08 05:12:27'),
(15, 'corporates', 'Собственная скорая медицинская бригада', 'icontexts\\June2021\\fonIt7ABu02zVl9IpPfH.svg', '', 1, 5, '2021-06-06 06:03:00', '2021-07-09 00:51:01'),
(16, 'checkup', 'Комплекс анализов, исследований и прием профильных специалистов', 'icontexts\\June2021\\1Cd010D2knvdLahN1Oz4.svg', '', 1, 1, '2021-06-19 02:31:09', '2021-06-19 02:31:09'),
(17, 'checkup', 'Заключение врача о состоянии вашего здоровья', 'icontexts\\June2021\\1EuaJEcQLerZloVaf5DA.svg', '', 1, 2, '2021-06-19 02:31:36', '2021-06-19 02:31:36'),
(18, 'checkup', 'Рекомендации и назначения в случае возможных отклонений здоровья', 'icontexts\\June2021\\pZbbp8EEDDqMVnJvkMp6.svg', '', 1, 3, '2021-06-19 02:32:00', '2021-06-19 02:32:00'),
(19, 'checkup', 'Скидка за счёт <br>  “пакетного” <br> предложения', 'icontexts\\June2021\\5zYpxoo1zVWEdKGZmUcV.svg', '', 1, 4, '2021-06-19 02:32:26', '2021-06-19 02:32:26');

-- --------------------------------------------------------

--
-- Структура таблицы `menus`
--

CREATE TABLE `menus` (
  `id` int(10) UNSIGNED NOT NULL,
  `name` varchar(191) COLLATE utf8mb4_unicode_ci NOT NULL,
  `created_at` timestamp NULL DEFAULT NULL,
  `updated_at` timestamp NULL DEFAULT NULL
) ENGINE=InnoDB DEFAULT CHARSET=utf8mb4 COLLATE=utf8mb4_unicode_ci;

--
-- Дамп данных таблицы `menus`
--

INSERT INTO `menus` (`id`, `name`, `created_at`, `updated_at`) VALUES
(1, 'admin', '2021-05-18 04:12:29', '2021-05-18 04:12:29'),
(2, 'main', '2021-06-06 06:55:24', '2021-06-06 06:55:24');

-- --------------------------------------------------------

--
-- Структура таблицы `menu_items`
--

CREATE TABLE `menu_items` (
  `id` int(10) UNSIGNED NOT NULL,
  `menu_id` int(10) UNSIGNED DEFAULT NULL,
  `title` varchar(191) COLLATE utf8mb4_unicode_ci NOT NULL,
  `url` varchar(191) COLLATE utf8mb4_unicode_ci NOT NULL,
  `target` varchar(191) COLLATE utf8mb4_unicode_ci NOT NULL DEFAULT '_self',
  `icon_class` varchar(191) COLLATE utf8mb4_unicode_ci DEFAULT NULL,
  `color` varchar(191) COLLATE utf8mb4_unicode_ci DEFAULT NULL,
  `parent_id` int(11) DEFAULT NULL,
  `order` int(11) NOT NULL,
  `created_at` timestamp NULL DEFAULT NULL,
  `updated_at` timestamp NULL DEFAULT NULL,
  `route` varchar(191) COLLATE utf8mb4_unicode_ci DEFAULT NULL,
  `parameters` text COLLATE utf8mb4_unicode_ci
) ENGINE=InnoDB DEFAULT CHARSET=utf8mb4 COLLATE=utf8mb4_unicode_ci;

--
-- Дамп данных таблицы `menu_items`
--

INSERT INTO `menu_items` (`id`, `menu_id`, `title`, `url`, `target`, `icon_class`, `color`, `parent_id`, `order`, `created_at`, `updated_at`, `route`, `parameters`) VALUES
(1, 1, 'Панель управления', '', '_self', 'voyager-boat', '#000000', NULL, 1, '2021-05-18 04:12:29', '2021-06-19 06:39:18', 'voyager.dashboard', 'null'),
(2, 1, 'Media', '', '_self', 'voyager-images', NULL, 5, 4, '2021-05-18 04:12:29', '2021-06-04 07:13:11', 'voyager.media.index', NULL),
(3, 1, 'Users', '', '_self', 'voyager-person', NULL, 5, 2, '2021-05-18 04:12:29', '2021-06-04 07:13:11', 'voyager.users.index', NULL),
(4, 1, 'Roles', '', '_self', 'voyager-lock', NULL, 5, 3, '2021-05-18 04:12:29', '2021-06-04 07:13:11', 'voyager.roles.index', NULL),
(5, 1, 'Инструменты', '', '_self', 'voyager-tools', '#000000', NULL, 17, '2021-05-18 04:12:29', '2021-07-28 22:09:40', NULL, ''),
(6, 1, 'Конструктор меню', '', '_self', 'voyager-list', '#000000', 5, 1, '2021-05-18 04:12:29', '2021-06-19 05:06:21', 'voyager.menus.index', 'null'),
(7, 1, 'Database', '', '_self', 'voyager-data', NULL, 5, 5, '2021-05-18 04:12:29', '2021-06-04 07:13:11', 'voyager.database.index', NULL),
(8, 1, 'Compass', '', '_self', 'voyager-compass', NULL, 5, 6, '2021-05-18 04:12:29', '2021-06-04 07:13:11', 'voyager.compass.index', NULL),
(9, 1, 'BREAD', '', '_self', 'voyager-bread', NULL, 5, 7, '2021-05-18 04:12:29', '2021-06-04 07:13:11', 'voyager.bread.index', NULL),
(10, 1, 'Настройки', '', '_self', 'voyager-settings', '#000000', NULL, 18, '2021-05-18 04:12:29', '2021-07-28 22:09:40', 'voyager.settings.index', 'null'),
(11, 1, 'Hooks', '', '_self', 'voyager-hook', NULL, 5, 8, '2021-05-18 04:12:29', '2021-06-04 07:13:11', 'voyager.hooks', NULL),
(12, 1, 'Страницы', '', '_self', 'voyager-file-text', NULL, NULL, 4, '2021-05-18 06:02:02', '2021-07-28 22:09:40', 'voyager.pages.index', NULL),
(13, 1, 'Контакты', '', '_self', 'voyager-location', NULL, NULL, 15, '2021-05-18 08:22:18', '2021-07-28 22:09:40', 'voyager.contacts.index', NULL),
(14, 1, 'Слайдеры', '', '_self', 'voyager-images', '#000000', NULL, 3, '2021-05-18 11:16:11', '2021-07-28 22:09:40', 'voyager.sliders.index', 'null'),
(15, 1, 'Специализация врачей', '', '_self', 'voyager-study', NULL, 27, 1, '2021-05-18 11:59:37', '2021-06-04 07:16:19', 'voyager.specialities.index', NULL),
(16, 1, 'Врачи', '', '_self', 'voyager-person', NULL, 27, 2, '2021-05-18 13:52:51', '2021-06-04 07:16:21', 'voyager.doctors.index', NULL),
(17, 1, 'Анализы', '', '_self', 'voyager-lab', NULL, 26, 2, '2021-05-28 07:22:42', '2021-06-04 07:15:30', 'voyager.analyzes.index', NULL),
(18, 1, 'Исследования', '', '_self', 'voyager-bulb', NULL, 26, 1, '2021-05-28 07:26:17', '2021-06-04 07:15:29', 'voyager.researches.index', NULL),
(19, 1, 'Услуги', '', '_self', 'voyager-world', NULL, 45, 2, '2021-05-28 10:42:43', '2021-07-14 05:57:11', 'voyager.services.index', NULL),
(20, 1, 'Методики', '', '_self', 'voyager-archive', NULL, NULL, 9, '2021-06-03 03:01:03', '2021-07-28 22:09:40', 'voyager.methodics.index', NULL),
(21, 1, 'Checkup Вопросы', '', '_self', 'voyager-list', NULL, 25, 2, '2021-06-04 07:00:09', '2021-06-04 07:12:25', 'voyager.checkup-faqs.index', NULL),
(22, 1, 'Checkup-ы', '', '_self', 'voyager-pie-chart', '#000000', 25, 3, '2021-06-04 07:05:57', '2021-06-04 07:12:25', 'voyager.checkups.index', 'null'),
(23, 1, 'Категории', '', '_self', 'voyager-categories', NULL, 25, 1, '2021-06-04 07:09:33', '2021-06-04 07:12:21', 'voyager.checkup-types.index', NULL),
(24, 1, 'Checkup Цены', '', '_self', 'voyager-dollar', NULL, 25, 4, '2021-06-04 07:10:47', '2021-06-04 07:12:25', 'voyager.checkup-prices.index', NULL),
(25, 1, 'Check Up', '', '_self', 'voyager-diamond', '#000000', NULL, 6, '2021-06-04 07:12:12', '2021-07-28 22:09:40', NULL, ''),
(26, 1, 'Анализы', '', '_self', 'voyager-lightbulb', '#000000', NULL, 8, '2021-06-04 07:15:20', '2021-07-28 22:09:40', NULL, ''),
(27, 1, 'Доктора', '', '_self', 'voyager-people', '#000000', NULL, 5, '2021-06-04 07:16:08', '2021-07-28 22:09:40', NULL, ''),
(28, 1, 'Преимущества', '', '_self', 'voyager-sound', NULL, NULL, 13, '2021-06-06 05:08:26', '2021-07-28 22:09:40', 'voyager.icontexts.index', NULL),
(29, 1, 'Сертификаты', '', '_self', 'voyager-certificate', NULL, NULL, 12, '2021-06-06 05:26:24', '2021-07-28 22:09:40', 'voyager.certificates.index', NULL),
(30, 2, 'Услуги', '/uslugi', '_self', NULL, '#000000', NULL, 14, '2021-06-06 06:56:50', '2021-06-06 06:56:50', NULL, ''),
(31, 2, 'Врачи', '/vrachi', '_self', NULL, '#000000', NULL, 15, '2021-06-06 06:57:02', '2021-06-06 06:57:02', NULL, ''),
(32, 2, 'Анализы', '/analizy', '_self', NULL, '#000000', NULL, 16, '2021-06-06 06:57:15', '2021-06-06 06:57:15', NULL, ''),
(33, 2, 'Check Up', '/check-up', '_self', NULL, '#000000', NULL, 17, '2021-06-06 06:57:29', '2021-06-06 06:57:29', NULL, ''),
(34, 2, 'О клинике', '/o-klinike', '_self', NULL, '#000000', NULL, 18, '2021-06-06 06:57:42', '2021-06-06 06:57:42', NULL, ''),
(35, 2, 'Контакты', '/kontakty', '_self', NULL, '#000000', NULL, 19, '2021-06-06 06:57:55', '2021-06-06 06:57:55', NULL, ''),
(36, 1, 'Партнеры', '', '_self', 'voyager-images', NULL, 43, 4, '2021-06-10 11:13:28', '2021-06-19 05:02:30', 'voyager.partners.index', NULL),
(37, 1, 'Видео', '', '_self', 'voyager-tv', NULL, 43, 2, '2021-06-10 11:17:58', '2021-06-19 05:01:44', 'voyager.corp-videos.index', NULL),
(38, 1, 'Текст блоки', '', '_self', 'voyager-window-list', NULL, 43, 1, '2021-06-10 11:50:10', '2021-06-19 05:01:34', 'voyager.corp-blocks.index', NULL),
(39, 1, 'Галереи', '', '_self', 'voyager-images', NULL, NULL, 14, '2021-06-11 06:53:33', '2021-07-28 22:09:40', 'voyager.galleries.index', NULL),
(40, 1, 'Статьи', '', '_self', 'voyager-news', NULL, 43, 3, '2021-06-16 03:41:47', '2021-06-19 05:01:55', 'voyager.articles.index', NULL),
(41, 1, 'Акции', '', '_self', 'voyager-gift', NULL, NULL, 11, '2021-06-17 06:28:07', '2021-07-28 22:09:40', 'voyager.sales.index', NULL),
(42, 1, 'Подписчики', '', '_self', 'voyager-world', NULL, NULL, 16, '2021-06-18 06:02:12', '2021-07-28 22:09:40', 'voyager.subscribers.index', NULL),
(43, 1, 'Корпоративный раздел', '', '_self', 'voyager-company', '#000000', NULL, 10, '2021-06-19 05:00:53', '2021-07-28 22:09:40', NULL, ''),
(44, 1, 'Категории услуг', '', '_self', 'voyager-paint-bucket', NULL, 45, 1, '2021-07-14 05:55:10', '2021-07-14 05:57:11', 'voyager.service-types.index', NULL),
(45, 1, 'Услуги', '', '_self', 'voyager-boat', '#000000', NULL, 7, '2021-07-14 05:56:55', '2021-07-28 22:09:40', NULL, ''),
(46, 1, 'Корзина', '', '_self', 'voyager-receipt', '#000000', NULL, 2, '2021-07-28 22:09:34', '2021-07-28 22:09:40', 'voyager.applications.index', NULL);

-- --------------------------------------------------------

--
-- Структура таблицы `methodics`
--

CREATE TABLE `methodics` (
  `id` bigint(20) UNSIGNED NOT NULL,
  `title` varchar(191) COLLATE utf8mb4_unicode_ci NOT NULL,
  `excerpt` varchar(191) COLLATE utf8mb4_unicode_ci NOT NULL,
  `description` text COLLATE utf8mb4_unicode_ci,
  `image` varchar(191) COLLATE utf8mb4_unicode_ci DEFAULT NULL,
  `symptom_title` varchar(191) COLLATE utf8mb4_unicode_ci DEFAULT NULL,
  `program_title` varchar(191) COLLATE utf8mb4_unicode_ci DEFAULT NULL,
  `symptoms` longtext COLLATE utf8mb4_unicode_ci,
  `program` longtext COLLATE utf8mb4_unicode_ci,
  `in_slider` tinyint(1) NOT NULL DEFAULT '0',
  `status` tinyint(1) NOT NULL DEFAULT '1',
  `sort_id` int(11) NOT NULL DEFAULT '1',
  `created_at` timestamp NULL DEFAULT NULL,
  `updated_at` timestamp NULL DEFAULT NULL
) ENGINE=InnoDB DEFAULT CHARSET=utf8mb4 COLLATE=utf8mb4_unicode_ci;

--
-- Дамп данных таблицы `methodics`
--

INSERT INTO `methodics` (`id`, `title`, `excerpt`, `description`, `image`, `symptom_title`, `program_title`, `symptoms`, `program`, `in_slider`, `status`, `sort_id`, `created_at`, `updated_at`) VALUES
(1, 'Центр Детского Здоровья', 'Патронаж детей до года в Диагностической клинике Health City', 'Детские врачи HealthCity проходили стажировку и курсы повышения квалификации в Германии, Великобритании, Франции, Южной Корее, Китае, Японии, Австрии..', 'methodics/July2021/n8R5G74vv0r8xHKWYBiA.jpg', NULL, NULL, '<p style=\"box-sizing: border-box; margin: 0px 0px 10px; color: #000000; font-family: \'Helvetica Neue\', Helvetica, Arial, sans-serif;\"><span style=\"text-align: justify;\">Мы уделяем особое внимание здоровью детей.</span></p>\n<p style=\"box-sizing: border-box; margin: 0px 0px 10px; color: #000000; font-family: \'Helvetica Neue\', Helvetica, Arial, sans-serif;\"><span style=\"text-align: justify;\"> Высококвалифицированные детские специалисты предоставляют компетентное медицинское обслуживание с использованием новейших медицинских технологий для предупреждения и лечения детских заболеваний.</span></p>\n<p style=\"box-sizing: border-box; margin: 0px 0px 10px; color: #000000; font-family: \'Helvetica Neue\', Helvetica, Arial, sans-serif; text-align: justify;\">Центр Детского Здоровья расположен в диагностической клинике HealthCity, оснащён всеми технологиями, необходимыми для педиатрической практики и предоставляет следующие виды услуг:<span style=\"box-sizing: border-box; color: #ffffff;\">.</span></p>\n<p style=\"box-sizing: border-box; margin: 0px 0px 10px; color: #000000; font-family: \'Helvetica Neue\', Helvetica, Arial, sans-serif;\">&nbsp;</p>\n<ul style=\"box-sizing: border-box; margin-top: 0px; margin-bottom: 10px; color: #000000; font-family: \'Helvetica Neue\', Helvetica, Arial, sans-serif; text-align: justify;\">\n<li style=\"box-sizing: border-box;\"><a class=\"ui-link\" style=\"box-sizing: border-box; background-color: transparent; color: #7f56c5; text-decoration-line: none; transition: all 0.5s ease-out 0s;\" href=\"https://www.healthcity.kz/team/berlizeva-yuliya-aleksandrovna/\" data-ajax=\"false\">Педиатр</a></li>\n<li style=\"box-sizing: border-box;\"><a class=\"ui-link\" style=\"box-sizing: border-box; background-color: transparent; color: #7f56c5; text-decoration-line: none; transition: all 0.5s ease-out 0s;\" href=\"https://www.healthcity.kz/team/pushkaryov-konstantin-andreevich/\" data-ajax=\"false\">Детский невролог</a></li>\n<li style=\"box-sizing: border-box;\"><a class=\"ui-link\" style=\"box-sizing: border-box; background-color: transparent; color: #7f56c5; text-decoration-line: none; transition: all 0.5s ease-out 0s;\" href=\"https://www.healthcity.kz/team/sarsenbaeva-gulzhan-iskendirovna/\" data-ajax=\"false\">Детский кардиолог</a></li>\n<li style=\"box-sizing: border-box;\"><a class=\"ui-link\" style=\"box-sizing: border-box; background-color: transparent; color: #7f56c5; text-decoration-line: none; transition: all 0.5s ease-out 0s;\" href=\"https://www.healthcity.kz/team/rustem-bishmanov/\" data-ajax=\"false\">Детский хирург/уролог</a></li>\n<li style=\"box-sizing: border-box;\"><a class=\"ui-link\" style=\"box-sizing: border-box; background-color: transparent; color: #7f56c5; text-decoration-line: none; transition: all 0.5s ease-out 0s;\" href=\"https://www.healthcity.kz/team/zyubina-alena-vladimirovna/\" data-ajax=\"false\">Детский гастроэнтеролог</a></li>\n<li style=\"box-sizing: border-box;\"><a class=\"ui-link\" style=\"box-sizing: border-box; background-color: transparent; color: #7f56c5; text-decoration-line: none; transition: all 0.5s ease-out 0s;\" href=\"https://www.healthcity.kz/team/nugmanov-bauyzhan-ikramhanovich/\" data-ajax=\"false\">Детский ЛОР-врач</a></li>\n<li style=\"box-sizing: border-box;\"><a class=\"ui-link\" style=\"box-sizing: border-box; background-color: transparent; color: #7f56c5; text-decoration-line: none; transition: all 0.5s ease-out 0s;\" href=\"https://www.healthcity.kz/team/haritonov-aleksej-gennadievich/\" data-ajax=\"false\">Детский массажист (включая детей с церебральным параличом)</a></li>\n<li style=\"box-sizing: border-box;\"><a class=\"ui-link\" style=\"box-sizing: border-box; background-color: transparent; color: #7f56c5; text-decoration-line: none; transition: all 0.5s ease-out 0s;\" href=\"https://www.healthcity.kz/laboratornye-issledovaniya/\" target=\"_blank\" rel=\"noopener\" data-ajax=\"false\">Все виды высокоточных лабораторных анализов</a></li>\n<li style=\"box-sizing: border-box;\"><a class=\"ui-link\" style=\"box-sizing: border-box; background-color: transparent; color: #7f56c5; text-decoration-line: none; transition: all 0.5s ease-out 0s;\" href=\"https://www.healthcity.kz/team/dzhambulova-dinara-ajnidinovna/\" data-ajax=\"false\">Все виды ультразвуковой и функциональной диагностики для детей от 0 лет</a></li>\n<li style=\"box-sizing: border-box;\"><a class=\"ui-link\" style=\"box-sizing: border-box; background-color: transparent; color: #7f56c5; text-decoration-line: none; transition: all 0.5s ease-out 0s;\" href=\"https://www.healthcity.kz/tsentr-detskogo-zdorovya/\" data-ajax=\"false\">Все виды процедур (инъекции, капельницы, перевязки, системы)</a></li>\n<li style=\"box-sizing: border-box;\"><a class=\"ui-link\" style=\"box-sizing: border-box; background-color: transparent; color: #7f56c5; text-decoration-line: none; transition: all 0.5s ease-out 0s;\" href=\"https://www.healthcity.kz/neotlozhnaya-pomoshh-i-meditsina-na-domu/\" target=\"_blank\" rel=\"noopener\" data-ajax=\"false\">Выезд педиатра на дом и забор анализов на дому</a></li>\n</ul>\n<p style=\"box-sizing: border-box; margin: 0px 0px 10px; color: #000000; font-family: \'Helvetica Neue\', Helvetica, Arial, sans-serif;\">&nbsp;</p>\n<p style=\"box-sizing: border-box; margin: 0px 0px 10px; color: #000000; font-family: \'Helvetica Neue\', Helvetica, Arial, sans-serif;\">Центр Детского Здоровья Health City предоставляет программу детского патронажа детей до года.</p>\n<p style=\"box-sizing: border-box; margin: 0px 0px 10px; color: #000000; font-family: \'Helvetica Neue\', Helvetica, Arial, sans-serif;\">В этот период жизни здоровье малыша особенно хрупкое.</p>\n<p style=\"box-sizing: border-box; margin: 0px 0px 10px; color: #000000; font-family: \'Helvetica Neue\', Helvetica, Arial, sans-serif;\">Для своевременного развития необходимо постоянно наблюдаться у высококвалифицированных специалистов. Врачи нашей клиники внимательно следят за здоровьем ребенка весь период патронажа.</p>\n<p style=\"box-sizing: border-box; margin: 0px 0px 10px; color: #000000; font-family: \'Helvetica Neue\', Helvetica, Arial, sans-serif;\"><br style=\"box-sizing: border-box;\" />Прогр<span class=\"text_exposed_show\" style=\"box-sizing: border-box;\">амма патронажа включает два пакета:<br style=\"box-sizing: border-box;\" /><span style=\"box-sizing: border-box; font-weight: bold;\"><em style=\"box-sizing: border-box;\">&mdash; Gold &mdash; 239000 тенге.</em></span><br style=\"box-sizing: border-box;\" /><span style=\"box-sizing: border-box; font-weight: bold;\"><em style=\"box-sizing: border-box;\">&mdash; Platinum &mdash; 282000 тенге.</em></span><br style=\"box-sizing: border-box;\" /><span style=\"box-sizing: border-box; font-weight: bold;\"><em style=\"box-sizing: border-box;\">&mdash; Platinum VIP ( индивидуальный пакет ) &mdash; от 319&nbsp;000 тенге.</em></span><br style=\"box-sizing: border-box;\" /></span></p>\n<p style=\"box-sizing: border-box; margin: 0px 0px 10px; color: #000000; font-family: \'Helvetica Neue\', Helvetica, Arial, sans-serif;\">&nbsp;</p>\n<p style=\"box-sizing: border-box; margin: 0px 0px 10px; color: #000000; font-family: \'Helvetica Neue\', Helvetica, Arial, sans-serif;\">Так же у нас существует пакет Экстренной службы</p>\n<p style=\"box-sizing: border-box; margin: 0px 0px 10px; color: #000000; font-family: \'Helvetica Neue\', Helvetica, Arial, sans-serif;\"><span style=\"box-sizing: border-box; font-weight: bold;\"><em style=\"box-sizing: border-box;\">&mdash; Экстренная служба&nbsp;&mdash; 158 000&nbsp;тенге.</em></span></p>\n<p style=\"box-sizing: border-box; margin: 0px 0px 10px; color: #000000; font-family: \'Helvetica Neue\', Helvetica, Arial, sans-serif;\"><span class=\"text_exposed_show\" style=\"box-sizing: border-box;\">Приобретая пакет, вы поддерживаете постоянную связь с педиатром, можете вызвать врача и массажиста на дом, а также пройти осмотр узких специалистов в комфортной обстановке, без очередей и в удобное для вас время.</span></p>\n<p style=\"box-sizing: border-box; margin: 0px 0px 10px; color: #000000; font-family: \'Helvetica Neue\', Helvetica, Arial, sans-serif;\">&nbsp;</p>\n<p>&nbsp;</p>', '<p style=\"box-sizing: border-box; margin: 0px 0px 1rem; padding: 0px; font-family: Roboto, sans-serif; color: #212529; font-size: 16px;\"><span style=\"box-sizing: border-box; margin: 0px; padding: 0px; font-family: \'Helvetica Neue\', Helvetica, Arial, sans-serif; color: #000000; text-align: justify;\">Команда Центра Детского Здоровья H</span><span style=\"color: #000000; font-family: \'Helvetica Neue\', Helvetica, Arial, sans-serif; text-align: justify;\">ealthCity сформирована из высококвалифицированных врачей.</span></p>\n<p style=\"box-sizing: border-box; margin: 0px 0px 1rem; padding: 0px; font-family: Roboto, sans-serif; color: #212529; font-size: 16px;\"><span style=\"box-sizing: border-box; margin: 0px; padding: 0px; font-family: \'Helvetica Neue\', Helvetica, Arial, sans-serif; color: #000000; text-align: justify;\">Руководителем отделения является </span><span style=\"box-sizing: border-box; margin: 0px; padding: 0px; font-family: \'Helvetica Neue\', Helvetica, Arial, sans-serif; font-weight: bold; color: #000000; text-align: justify;\"><a class=\"ui-link\" style=\"box-sizing: border-box; margin: 0px; padding: 0px; font-family: Roboto, sans-serif; color: #7f56c5; text-decoration-line: none; background-color: transparent; transition: all 0.5s ease-out 0s;\" href=\"https://www.healthcity.kz/team/roman-nigaj/\" target=\"_blank\" rel=\"noopener noreferrer\" data-ajax=\"false\">Пушкарев Константин Андреевич</a></span><span style=\"box-sizing: border-box; margin: 0px; padding: 0px; font-family: \'Helvetica Neue\', Helvetica, Arial, sans-serif; color: #000000; text-align: justify;\">.</span></p>', 0, 1, 10, '2021-06-03 00:23:00', '2021-07-16 00:37:31'),
(2, 'Компьютерная томография (КТ)', '64-канальный компьютерный томограф Philips Brilliance', 'Технология Essence позволяет достигать великолепного качества получаемых изображений, а защитные фильтры и специальные алгоритмы поглощают ненужное рентгеновское излучение и уменьшают лучевую нагрузку, что позволяет минимизировать дозы облучения.', 'methodics/July2021/yNQzAAehPPZrlGP9pAOT.jpg', NULL, NULL, '<p><span style=\"color: #000000; font-family: \'Helvetica Neue\', Helvetica, Arial, sans-serif; text-align: justify;\">Компьютерная томография (КТ) &ndash; это ведущий метод диагностики многих заболеваний головного мозга, позвоночника, легких и средостения, печени, почек, поджелудочной железы, надпочечников, аорты и легочной артерии, сердца и ряда других органов. КТ используется и как метод первичной диагностики, и как уточняющая методика, когда предварительный диагноз уже поставлен с помощью УЗИ или клинического обследования.</span></p>\n<p style=\"box-sizing: border-box; margin: 0px 0px 10px; color: #000000; font-family: \'Helvetica Neue\', Helvetica, Arial, sans-serif; text-align: justify;\"><span style=\"box-sizing: border-box; font-weight: bold;\">Специалисты HealthCity имеют доступ к самому современному и высокоточному оборудованию</span>, которое обеспечивает профессиональную и надёжную диагностику. Наш 64-канальный компьютерный томограф Philips Brilliance отвечает самым современным стандартам эффективности и надежности, обеспечивает превосходную зону анатомического охвата и высокую скорость сканирования. Технология Essence позволяет достигать великолепного качества получаемых изображений, а защитные фильтры и специальные алгоритмы&nbsp;<span style=\"box-sizing: border-box; font-weight: bold;\">поглощают ненужное рентгеновское излучение и уменьшают лучевую нагрузку, что позволяет минимизировать дозы облучения.</span></p>\n<p style=\"box-sizing: border-box; margin: 0px 0px 10px; color: #000000; font-family: \'Helvetica Neue\', Helvetica, Arial, sans-serif; text-align: justify;\">Специальные аксессуары и калибровочные приспособления стола, а также расширенный туннель (70 см) исключают утомление и дискомфорт, и дают нашим пациентам ощущение безопасности. Грузоподъёмность столешницы &ndash; 130 кг, что гарантирует отличную визуализацию и повышенный уровень комфорта для более крупных пациентов</p>\n<p style=\"box-sizing: border-box; margin: 0px 0px 10px; color: #000000; font-family: \'Helvetica Neue\', Helvetica, Arial, sans-serif; text-align: justify;\">Разработанные в сотрудничестве с лучшими детскими больницами, протоколы для исследования младенцев и детей Brilliance для соответствующего возраста и веса гарантируют получение наилучших клинических результатов при минимальной дозе облучения.</p>\n<p style=\"box-sizing: border-box; margin: 0px 0px 10px; color: #000000; font-family: \'Helvetica Neue\', Helvetica, Arial, sans-serif; text-align: justify;\">Абсолютных противопоказаний к КТ нет. Поскольку исследование связано с небольшой лучевой нагрузкой, при обследовании беременных женщин и маленьких детей, высококвалифицированные специалисты HealthCity тщательно взвешивают необходимость проведения КТ в каждом конкретном случае.</p>', '<p><span style=\"color: #000000; font-family: \'Helvetica Neue\', Helvetica, Arial, sans-serif; text-align: justify;\">Команда рентген-радиологического отделения HealthCity сформирована из высококвалифицированных врачей-рентгенологов, создающих благоприятные условия для лучшего понимания предпочтений, потребностей и индивидуальных особенностей каждого пациента. </span></p>\n<p><span style=\"color: #000000; font-family: \'Helvetica Neue\', Helvetica, Arial, sans-serif; text-align: justify;\">Руководителем отделения является&nbsp;</span><span style=\"box-sizing: border-box; font-weight: bold; color: #000000; font-family: \'Helvetica Neue\', Helvetica, Arial, sans-serif; text-align: justify;\"><a class=\"ui-link\" style=\"box-sizing: border-box; background-color: transparent; color: #7f56c5; text-decoration-line: none; transition: all 0.5s ease-out 0s;\" href=\"https://www.healthcity.kz/team/roman-nigaj/\" target=\"_blank\" rel=\"noopener noreferrer\" data-ajax=\"false\">Роман Валериевич Нигай</a></span><span style=\"color: #000000; font-family: \'Helvetica Neue\', Helvetica, Arial, sans-serif; text-align: justify;\">.</span></p>', 0, 1, 2, '2021-06-03 00:29:00', '2021-07-15 04:36:19'),
(3, 'Рентгенография', 'Цифровой рентгенограф Philips Flexi Diagnostic Efficiency.', 'Высочайшее качество изображений для всех анатомических областей и низкая лучевая нагрузка.', 'methodics/July2021/7uqVzZjSXpgvwP0RAapY.jpg', 'Симптомы, при которых нужно обратиться к врачу 1', 'Содержание программы 1', '<p style=\"box-sizing: border-box; margin: 0px 0px 10px; color: #000000; font-family: \'Helvetica Neue\', Helvetica, Arial, sans-serif; text-align: justify;\">Рентгенография &ndash; один из основных методов рентгенологического исследования в результате которого получают изображение систем организма и внутренних органов.</p>\n<p style=\"box-sizing: border-box; margin: 0px 0px 10px; color: #000000; font-family: \'Helvetica Neue\', Helvetica, Arial, sans-serif; text-align: justify;\">Эта процедура исследования является первым способом, помогающим визуализировать изображение органов и тканей и является методом чисто врачебного исследования, способствующим установлению диагноза.</p>\n<p style=\"box-sizing: border-box; margin: 0px 0px 10px; color: #000000; font-family: \'Helvetica Neue\', Helvetica, Arial, sans-serif; text-align: justify;\">В диагностической клинике HealthCity используется система высококлассной цифровой рентгенографии Philips Flexi Diagnostic Efficiency, обеспечивающая высочайшее качество изображений для всех анатомических областей и более низкую лучевую нагрузку на пациента.</p>\n<p style=\"box-sizing: border-box; margin: 0px 0px 10px; color: #000000; font-family: \'Helvetica Neue\', Helvetica, Arial, sans-serif; text-align: justify;\">Наш рентгенографический кабинет позволяет проводить различные виды исследований в кратчайшие сроки.</p>', '<p><span style=\"color: #000000; font-family: \'Helvetica Neue\', Helvetica, Arial, sans-serif; text-align: justify;\">Команда рентген-радиологического отделения HealthCity сформирована из высококвалифицированных врачей-рентгенологов, создающих благоприятные условия для лучшего понимания предпочтений, потребностей и индивидуальных особенностей каждого пациента. </span></p>\n<p><span style=\"color: #000000; font-family: \'Helvetica Neue\', Helvetica, Arial, sans-serif; text-align: justify;\">Руководителем отделения является&nbsp;</span><span style=\"box-sizing: border-box; font-weight: bold; color: #000000; font-family: \'Helvetica Neue\', Helvetica, Arial, sans-serif; text-align: justify;\"><a class=\"ui-link\" style=\"box-sizing: border-box; background-color: transparent; color: #7f56c5; text-decoration-line: none; transition: all 0.5s ease-out 0s;\" href=\"https://www.healthcity.kz/team/roman-nigaj/\" target=\"_blank\" rel=\"noopener noreferrer\" data-ajax=\"false\">Роман Валериевич Нигай</a></span><span style=\"color: #000000; font-family: \'Helvetica Neue\', Helvetica, Arial, sans-serif; text-align: justify;\">.</span></p>', 0, 1, 3, '2021-06-03 00:32:00', '2021-08-25 08:21:14'),
(4, 'Маммография', 'Маммограф Philips MicroDose', 'Болезни сердца и сосудов - одни из самых коварных заболеваний человечества. Скачет давление, пошаливает сердце, мучает изжога и головные боли? Снимите сомнения и пройдите диагностику.', 'methodics/July2021/FL3V5BqT2AY2awz2ee6P.jpg', NULL, NULL, '<p><span style=\"color: #000000; font-family: \'Helvetica Neue\', Helvetica, Arial, sans-serif; text-align: justify;\">Маммография &ndash; самая современная диагностическая процедура, позволяющая выявить доброкачественные и злокачественные опухоли в молочных железах на самых ранних стадиях их формирования. </span></p>\n<p><span style=\"color: #000000; font-family: \'Helvetica Neue\', Helvetica, Arial, sans-serif; text-align: justify;\">Ранняя диагностика позволяет своевременно принять необходимые меры по предотвращению развития онкологического заболевания и успешно побороть рак молочной железы на начальном этапе</span></p>\n<p style=\"box-sizing: border-box; margin: 0px 0px 10px; color: #000000; font-family: \'Helvetica Neue\', Helvetica, Arial, sans-serif; text-align: justify;\">Специалисты Центра Женского Здоровья HealthCity имеют доступ к самому современному, высокоточному оборудованию и стремятся предложить самые лучшие решения для заботы о здоровье женщин.</p>\n<p style=\"box-sizing: border-box; margin: 0px 0px 10px; color: #000000; font-family: \'Helvetica Neue\', Helvetica, Arial, sans-serif; text-align: justify;\">В нашей клинике исследования проводятся на маммографе Philips &laquo;MicroDose&raquo;, обеспечивающем профессиональную и надёжную диагностику с ориентацией на качество и безопасность скрининговых исследований.</p>\n<p style=\"box-sizing: border-box; margin: 0px 0px 10px; color: #000000; font-family: \'Helvetica Neue\', Helvetica, Arial, sans-serif; text-align: justify;\">MicroDose объединяет в себе функции, которые обеспечивают превосходное качество изображений, минимальную лучевую нагрузку на пациенток и четкую проработку мельчайших деталей, благодаря чему реже возникает потребность в дополнительных прицельных и увеличенных снимках.</p>\n<p style=\"box-sizing: border-box; margin: 0px 0px 10px; color: #000000; font-family: \'Helvetica Neue\', Helvetica, Arial, sans-serif; text-align: justify;\">Дизайн маммографа позволяет снизить напряжение пациенток во время исследования. Обследование проходит в рамках одной быстрой, удобной и комфортной для пациентки маммографической процедуры, общая продолжительность которой составляет менее семи минут.</p>', '<p style=\"box-sizing: border-box; margin: 0px 0px 1rem; padding: 0px; font-family: Roboto, sans-serif; color: #212529; font-size: 16px;\"><span style=\"box-sizing: border-box; margin: 0px; padding: 0px; font-family: \'Helvetica Neue\', Helvetica, Arial, sans-serif; color: #000000; text-align: justify;\">Команда рентген-радиологического отделения HealthCity сформирована из высококвалифицированных врачей-рентгенологов, создающих благоприятные условия для лучшего понимания предпочтений, потребностей и индивидуальных особенностей каждого пациента.</span></p>\n<p style=\"box-sizing: border-box; margin: 0px 0px 1rem; padding: 0px; font-family: Roboto, sans-serif; color: #212529; font-size: 16px;\"><span style=\"box-sizing: border-box; margin: 0px; padding: 0px; font-family: \'Helvetica Neue\', Helvetica, Arial, sans-serif; color: #000000; text-align: justify;\">Руководителем отделения является&nbsp;</span><span style=\"box-sizing: border-box; margin: 0px; padding: 0px; font-family: \'Helvetica Neue\', Helvetica, Arial, sans-serif; font-weight: bold; color: #000000; text-align: justify;\"><a class=\"ui-link\" style=\"box-sizing: border-box; margin: 0px; padding: 0px; font-family: Roboto, sans-serif; color: #7f56c5; text-decoration-line: none; background-color: transparent; transition: all 0.5s ease-out 0s;\" href=\"https://www.healthcity.kz/team/roman-nigaj/\" target=\"_blank\" rel=\"noopener noreferrer\" data-ajax=\"false\">Роман Валериевич Нигай</a></span><span style=\"box-sizing: border-box; margin: 0px; padding: 0px; font-family: \'Helvetica Neue\', Helvetica, Arial, sans-serif; color: #000000; text-align: justify;\">.</span></p>', 0, 1, 4, '2021-06-03 00:33:00', '2021-07-15 05:39:42'),
(5, 'Денситометрия', 'Денситометр рентгеновский костный Dexxum T', 'Дизайн DEXXUM Т специально разработан для удобства всех возрастов пациентов. Его высота от пола составляет всего 64.2 см.', 'methodics/July2021/45trXl0K22Dk7FY4MscO.jpg', NULL, NULL, '<p style=\"box-sizing: border-box; margin: 0px 0px 10px; color: #000000; font-family: \'Helvetica Neue\', Helvetica, Arial, sans-serif; text-align: justify;\">Денситометрия &ndash; одна из важных мер борьбы с остеопорозом, который часто возникает в силу возраста или гормональных изменений.</p>\n<p style=\"box-sizing: border-box; margin: 0px 0px 10px; color: #000000; font-family: \'Helvetica Neue\', Helvetica, Arial, sans-serif; text-align: justify;\">Это простое исследование позволяет быстро, безопасно и с высокой точностью определить минеральную плотность костной ткани и вовремя назначить терапию, не доводя заболевание до тяжелых стадий, когда оно будет уже неизлечимо.</p>\n<p style=\"box-sizing: border-box; margin: 0px 0px 10px; color: #000000; font-family: \'Helvetica Neue\', Helvetica, Arial, sans-serif; text-align: justify;\">Запасы кальция в костях начинают сокращаться после 30 лет и могут достичь критического минимума к 50 годам, в связи с чем диагностика состояния костей в зрелом возрасте становится особенно важной.</p>\n<p style=\"box-sizing: border-box; margin: 0px 0px 10px; color: #000000; font-family: \'Helvetica Neue\', Helvetica, Arial, sans-serif; text-align: justify;\">В&nbsp;<span style=\"box-sizing: border-box; font-weight: bold;\"><a class=\"ui-link\" style=\"box-sizing: border-box; background-color: transparent; color: #7f56c5; text-decoration-line: none; transition: all 0.5s ease-out 0s;\" href=\"https://www.healthcity.kz/diagnosticheskaya-klinika-2/\" target=\"_blank\" rel=\"noopener\" data-ajax=\"false\">диагностической клинике</a></span>&nbsp;HealthCity обследование проводится на современном рентгеновском костном денситометре Dexxum T, обладающим высочайшей точностью и воспроизводимостью.</p>\n<ul>\n<li style=\"box-sizing: border-box; color: #000000; font-family: \'Helvetica Neue\', Helvetica, Arial, sans-serif; text-align: justify;\">Дизайн DEXXUM Т специально разработан для удобства всех возрастов пациентов.</li>\n<li style=\"box-sizing: border-box; color: #000000; font-family: \'Helvetica Neue\', Helvetica, Arial, sans-serif; text-align: justify;\">Его высота от пола составляет всего 64.2 см, что особенно важно для пожилых пациентов.</li>\n</ul>\n<p style=\"box-sizing: border-box; margin: 0px 0px 10px; color: #000000; font-family: \'Helvetica Neue\', Helvetica, Arial, sans-serif; text-align: justify;\">Аппарат предназначен для исследования позвоночника, бедра и широкого использования в ревматологии, акушерстве, гинекологии, эндокринологии и травматологии для выявления ранних изменений скелета на поликлиническом этапе, с целью дальнейшего лечения.</p>', '<p style=\"box-sizing: border-box; margin: 0px 0px 1rem; padding: 0px; font-family: Roboto, sans-serif; color: #212529; font-size: 16px;\"><span style=\"box-sizing: border-box; margin: 0px; padding: 0px; font-family: \'Helvetica Neue\', Helvetica, Arial, sans-serif; color: #000000; text-align: justify;\">Команда рентген-радиологического отделения HealthCity сформирована из высококвалифицированных врачей-рентгенологов, создающих благоприятные условия для лучшего понимания предпочтений, потребностей и индивидуальных особенностей каждого пациента.</span></p>\n<p style=\"box-sizing: border-box; margin: 0px 0px 1rem; padding: 0px; font-family: Roboto, sans-serif; color: #212529; font-size: 16px;\"><span style=\"box-sizing: border-box; margin: 0px; padding: 0px; font-family: \'Helvetica Neue\', Helvetica, Arial, sans-serif; color: #000000; text-align: justify;\">Руководителем отделения является&nbsp;</span><span style=\"box-sizing: border-box; margin: 0px; padding: 0px; font-family: \'Helvetica Neue\', Helvetica, Arial, sans-serif; font-weight: bold; color: #000000; text-align: justify;\"><a class=\"ui-link\" style=\"box-sizing: border-box; margin: 0px; padding: 0px; font-family: Roboto, sans-serif; color: #7f56c5; text-decoration-line: none; background-color: transparent; transition: all 0.5s ease-out 0s;\" href=\"https://www.healthcity.kz/team/roman-nigaj/\" target=\"_blank\" rel=\"noopener noreferrer\" data-ajax=\"false\">Роман Валериевич Нигай</a></span><span style=\"box-sizing: border-box; margin: 0px; padding: 0px; font-family: \'Helvetica Neue\', Helvetica, Arial, sans-serif; color: #000000; text-align: justify;\">.</span></p>', 0, 1, 5, '2021-06-03 00:37:00', '2021-07-15 05:49:59'),
(6, 'Ультразвуковые исследования (УЗИ)', 'Современная система ClearVue 550', 'Более 50 видов ультразвуковых исследований проводится в клинике HealthCity.', 'methodics/July2021/11H7eVvr6Y3e8DFaV7Ej.jpg', NULL, NULL, '<p style=\"box-sizing: border-box; margin: 0px 0px 10px; color: #000000; font-family: \'Helvetica Neue\', Helvetica, Arial, sans-serif; text-align: justify;\">Ультразвуковые исследования (УЗИ) являются одним из современных, высокоинформативных, широко доступных и безопасных методов исследования в медицине.</p>\n<p style=\"box-sizing: border-box; margin: 0px 0px 10px; color: #000000; font-family: \'Helvetica Neue\', Helvetica, Arial, sans-serif; text-align: justify;\">УЗИ не причиняет боли и не использует вредные&nbsp;для организма рентгеновские лучи. Именно поэтому его назначают при широком спектре заболеваний внутренних органов, опорно-двигательного аппарата, беременности, оценке различных органов и систем организма.</p>\n<p style=\"box-sizing: border-box; margin: 0px 0px 10px; color: #000000; font-family: \'Helvetica Neue\', Helvetica, Arial, sans-serif; text-align: justify;\">В&nbsp;<span style=\"box-sizing: border-box; font-weight: bold;\"><a class=\"ui-link\" style=\"box-sizing: border-box; background-color: transparent; color: #7b549e; text-decoration-line: none; transition: all 0.5s ease-out 0s; outline: 0px; opacity: 1;\" href=\"https://www.healthcity.kz/diagnosticheskaya-klinika-2/\" target=\"_blank\" rel=\"noopener\" data-ajax=\"false\">Диагностической Клинике</a></span>&nbsp;HealthCity Вы можете пройти полный спектр ультразвуковой диагностики.</p>\n<p style=\"box-sizing: border-box; margin: 0px 0px 10px; color: #000000; font-family: \'Helvetica Neue\', Helvetica, Arial, sans-serif; text-align: justify;\">Современная система ClearVue 550 обеспечивает превосходное качество изображений, быстроту и высочайшую точность проведения исследований, а компетентные врачи HealthCity гарантируют достоверную интерпретацию результатов.</p>', '<p style=\"box-sizing: border-box; margin: 0px 0px 1rem; padding: 0px; font-family: Roboto, sans-serif; color: #212529; font-size: 16px;\"><span style=\"box-sizing: border-box; margin: 0px; padding: 0px; font-family: \'Helvetica Neue\', Helvetica, Arial, sans-serif; color: #000000; text-align: justify;\">Команда&nbsp; HealthCity сформирована из высококвалифицированных врачей ультрозвуковой диагностики</span><span style=\"color: #000000; font-family: \'Helvetica Neue\', Helvetica, Arial, sans-serif; text-align: justify;\">, создающих благоприятные условия для лучшего понимания предпочтений, потребностей и индивидуальных особенностей каждого пациента.</span></p>\n<p style=\"box-sizing: border-box; margin: 0px 0px 1rem; padding: 0px; font-family: Roboto, sans-serif; color: #212529; font-size: 16px;\">&nbsp;</p>', 0, 1, 6, '2021-06-03 00:38:00', '2021-07-15 05:59:02'),
(7, 'Лаборатория', 'Современное, автоматизированное лабораторное оборудование марки Roche и Siemens', 'Болезни сердца и сосудов - одни из самых коварных заболеваний человечества. Скачет давление, пошаливает сердце, мучает изжога и головные боли? Снимите сомнения и пройдите диагностику.', 'methodics/July2021/DOfxl1d3Ftx6F6PIz71D.jpg', NULL, NULL, '<p style=\"box-sizing: border-box; margin: 0px 0px 10px; color: #000000; font-family: \'Helvetica Neue\', Helvetica, Arial, sans-serif; text-align: justify;\">Современная и точная диагностика заболеваний невозможна без лабораторных исследований.</p>\n<p style=\"box-sizing: border-box; margin: 0px 0px 10px; color: #000000; font-family: \'Helvetica Neue\', Helvetica, Arial, sans-serif; text-align: justify;\">Проявлений болезни может еще не быть, а показатели крови уже сигнализируют врачу, что в организме пациента происходят процессы, которые могут привести к заболеванию.</p>\n<p style=\"box-sizing: border-box; margin: 0px 0px 10px; color: #000000; font-family: \'Helvetica Neue\', Helvetica, Arial, sans-serif; text-align: justify;\">Лабораторные исследования дают 60-70% диагностической информации о больном, поэтому регулярное профилактическое обследование &ndash; залог своевременного начала лечения и сохранения здоровья.</p>\n<p style=\"box-sizing: border-box; margin: 0px 0px 10px; color: #000000; font-family: \'Helvetica Neue\', Helvetica, Arial, sans-serif; text-align: justify;\"><span style=\"box-sizing: border-box; font-weight: bold;\">В&nbsp;</span><span style=\"box-sizing: border-box; font-weight: bold;\">HealthCity</span><span style=\"box-sizing: border-box; font-weight: bold;\">&nbsp;самая надёжная лабораторная диагностика в г. Алматы.</span>&nbsp;</p>\n<p style=\"box-sizing: border-box; margin: 0px 0px 10px; color: #000000; font-family: \'Helvetica Neue\', Helvetica, Arial, sans-serif; text-align: justify;\">Современная система высокоточной диагностики предоставляет возможность пройти исследования по широкому спектру&nbsp;<span style=\"box-sizing: border-box; font-weight: bold;\">биохимических, иммунологических параметров, онкологических маркеров, диагностировать инфекции, гепатит, а также другие вирусные и бактериальные заболевания</span>.</p>\n<p style=\"box-sizing: border-box; margin: 0px 0px 10px; color: #000000; font-family: \'Helvetica Neue\', Helvetica, Arial, sans-serif; text-align: justify;\">Благодаря этим технологическим возможностям в клиниках обеспечивается надёжная диагностика и постановка правильного диагноза, а вероятность проведения лишних процедур и медицинских вмешательств исключается.</p>', '<p><span style=\"color: #000000; font-family: \'Helvetica Neue\', Helvetica, Arial, sans-serif; text-align: justify;\">Результаты лабораторных тестов могут быть предоставлены на руки или высланы по электронной почте Вам и/или Вашему лечащему врачу в кратчайшие сроки. </span></p>\n<p><span style=\"color: #000000; font-family: \'Helvetica Neue\', Helvetica, Arial, sans-serif; text-align: justify;\">Вы также можете получить консультацию врачей HealthCity относительно результатов Ваших анализов в нашей клинике.</span></p>', 0, 1, 7, '2021-06-03 00:40:00', '2021-07-15 22:35:36'),
(8, 'HealthCity 24: скорая помощь и медицина на дому', 'Круглосуточный номер для вызова HealthCity 24: +7 778 021 19 77, +7 727 331 3 331', 'HealthCity 24 – подразделение, оказывающее скорую помощь, лечение, мониторинг, а также медицинские услуги на дому для всей семьи.', 'methodics/July2021/dHOOyQLDiotU4YDcAXE1.jpg', NULL, NULL, '<p style=\"box-sizing: border-box; margin: 0px 0px 10px; color: #000000; font-family: \'Helvetica Neue\', Helvetica, Arial, sans-serif; text-align: justify;\"><span style=\"box-sizing: border-box; font-weight: bold;\">Врачи и средний медицинский персонал Healthcity24:</span></p>\n<ul style=\"box-sizing: border-box; margin-top: 0px; margin-bottom: 10px; color: #000000; font-family: \'Helvetica Neue\', Helvetica, Arial, sans-serif; text-align: justify;\">\n<li style=\"box-sizing: border-box;\">круглосуточно обеспечивают своим клиентам, полный комплекс услуг по оказанию скорой помощи в соответствии с международными стандартами;</li>\n<li style=\"box-sizing: border-box;\">имеют многолетний опыт работы на городской службе скорой медицинской помощи, врачи 2 и1 категорий;</li>\n<li style=\"box-sizing: border-box;\">владеют всеми навыками оказания скорой медицинской помощи больным и способны быстро реагировать на экстренные ситуации;</li>\n<li style=\"box-sizing: border-box;\">имеют сертификат врачей общей практики, скорой медицинской помощи, реаниматолога, токсиколога и педиатра;</li>\n</ul>\n<p style=\"box-sizing: border-box; margin: 0px 0px 10px; color: #000000; font-family: \'Helvetica Neue\', Helvetica, Arial, sans-serif; text-align: justify;\"><span style=\"box-sizing: border-box; font-weight: bold;\"><br style=\"box-sizing: border-box;\" />Подразделение&nbsp;</span><span style=\"box-sizing: border-box; font-weight: bold;\">HealthCity</span><span style=\"box-sizing: border-box; font-weight: bold;\">&nbsp;24 полностью укомплектовано всем необходимым оборудованием для диагностики и оказания скорой медицинской помощи:</span></p>\n<ul style=\"box-sizing: border-box; margin-top: 0px; margin-bottom: 10px; color: #000000; font-family: \'Helvetica Neue\', Helvetica, Arial, sans-serif; text-align: justify;\">\n<li style=\"box-sizing: border-box;\">Скорая медицинская помощь взрослым и детям;</li>\n<li style=\"box-sizing: border-box;\">Госпитализация взрослых и детей в любые стационары города Алматы как в городские, так и ведомственные;</li>\n<li style=\"box-sizing: border-box;\">Транспортировка больных из дома или из лечебного учреждения в различные медицинские центры и клиники на исследования;</li>\n<li style=\"box-sizing: border-box;\">Перевозка больных из Алматинской области, других регионов и областей в больницы города Алматы, как в городские, так и в ведомственные;</li>\n</ul>\n<p style=\"box-sizing: border-box; margin: 0px 0px 10px; color: #000000; font-family: \'Helvetica Neue\', Helvetica, Arial, sans-serif; text-align: justify;\"><span style=\"box-sizing: border-box; font-weight: bold;\"><br style=\"box-sizing: border-box;\" />Наряду с услугами скорой медицинской помощи, служба HealthCity 24 предлагает пациентам следующие виды медицинского сервиса:</span></p>\n<ul style=\"box-sizing: border-box; margin-top: 0px; margin-bottom: 10px; color: #000000; font-family: \'Helvetica Neue\', Helvetica, Arial, sans-serif; text-align: justify;\">\n<li style=\"box-sizing: border-box;\">дневной стационар;</li>\n<li style=\"box-sizing: border-box;\">стационар на дому;</li>\n<li style=\"box-sizing: border-box;\">вызов медицинской сестры на дом;</li>\n<li style=\"box-sizing: border-box;\">забор материала для лабораторных исследований на дому;</li>\n<li style=\"box-sizing: border-box;\">организация ухода за тяжелобольными;</li>\n<li style=\"box-sizing: border-box;\">Запись к узким специалистам (эндокринолог, педиатр, гастроэнтеролог, травматолог &ndash; ортопед, хирург, сосудистый хирург, кардиолог и многие другие);</li>\n<li style=\"box-sizing: border-box;\">услуги собственной лабораторной службы с высокоточными анализаторами, где можно сдать весь спектр анализов;</li>\n<li style=\"box-sizing: border-box;\">услуги собственной службы радиологии, где вы можете сделать МРТ, КТ, рентгенографию, УЗИ органов, ЭхоКГ;</li>\n<li style=\"box-sizing: border-box;\">оформление больничного листа.</li>\n</ul>', '<p><span style=\"color: #000000; font-family: \'Helvetica Neue\', Helvetica, Arial, sans-serif; text-align: justify;\">В жизни бывает немало ситуаций, когда требуется скорая помощь врача. Высококвалифицированные специалисты службы HealthCity 24 работают круглосуточно и без выходных дней, поэтому наши пациенты в случае болезни, травмы или просто недомогания могут обратиться к специалистам службы в любое время суток.</span></p>\n<p><span style=\"text-align: justify;\"><span style=\"color: #000000; font-family: Helvetica Neue, Helvetica, Arial, sans-serif;\">Круглосуточный номер для вызова HealthCity 24: +7 778 021 19 77, +7 727 331 3 331</span></span></p>', 0, 1, 8, '2021-06-03 00:41:00', '2021-07-16 00:17:54'),
(9, 'Магнитно-резонансная томография (МРТ)', 'Магнитно-резонансный томограф последнего поколения Philips Ingenia 1.5Т с системой Ambient Experience.', 'Томограф оснащён расширенным туннелем, диаметром 70 см , внутренним регулируемым круговым освещением и подачей свежего воздуха.\n\nТакое строение дает значительный прирост окружающего пространства и не создаёт ощущения клаустрофобии, что обеспечивает максимальный комфорт пациента во время исследования. \n\nШирокая столешница для пациента позволяет удобно размещать и поднимать пациентов весом до 120 кг.', 'methodics/July2021/3PRkwmEVZM6jcgjJKXXU.jpg', NULL, NULL, '<p><span style=\"color: #000000; font-family: \'Helvetica Neue\', Helvetica, Arial, sans-serif; text-align: justify;\">Магнитно-резонансная томография (МРТ) &ndash; это высокоинформативный, эффективный и в то же время абсолютно безопасный метод исследований, не связанный с ионизирующим излучением и введением каких-либо радиоактивных веществ. МРТ является одним из самых эффективных методов диагностики заболеваний головного и спинного мозга, позвоночника, суставов, органов брюшной полости (за исключением желудка и кишечника) и малого таза, а также сердца и сосудов.</span></p>\n<p style=\"box-sizing: border-box; margin: 0px 0px 10px; color: #000000; font-family: \'Helvetica Neue\', Helvetica, Arial, sans-serif; text-align: justify;\">Профессиональный уровень диагностики в клинике HealthCity обеспечивается при помощи высокоточного магнитно-резонансного томографа последнего поколения Philips Ingenia 1.5Т с системой Ambient Experience. Данный комплекс обеспечивает высочайшую чёткость и качество изображений, а также повышенный уровень комфорта пациентов.</p>\n<p style=\"box-sizing: border-box; margin: 0px 0px 10px; color: #000000; font-family: \'Helvetica Neue\', Helvetica, Arial, sans-serif; text-align: justify;\">Система Ingenia спроектирована с направленностью на максимальное удобство пациента, независимо от его возраста, размеров или физического состояния.&nbsp;</p>\n<p style=\"box-sizing: border-box; margin: 0px 0px 10px; color: #000000; font-family: \'Helvetica Neue\', Helvetica, Arial, sans-serif; text-align: justify;\"><span style=\"box-sizing: border-box; font-weight: bold;\">Томограф оснащён расширенным туннелем, диаметром 70 см</span>&nbsp;(стандартная ширина прочих МРТ &ndash; 60 см), внутренним регулируемым круговым освещением и подачей свежего воздуха. Такое строение дает&nbsp;<span style=\"box-sizing: border-box; font-weight: bold;\">значительный прирост окружающего пространства и не создаёт ощущения клаустрофобии</span>, что обеспечивает максимальный комфорт пациента во время исследования.</p>\n<p style=\"box-sizing: border-box; margin: 0px 0px 10px; color: #000000; font-family: \'Helvetica Neue\', Helvetica, Arial, sans-serif; text-align: justify;\"><span style=\"box-sizing: border-box; font-weight: bold;\">Широкая столешница для пациента позволяет удобно размещать и поднимать пациентов весом до 120 кг</span>, что вкупе с расширенным туннелем, гарантирует непревзойдённый охват, визуализацию и повышенный уровень комфорта более крупных пациентов. Микрофон в туннеле и громкоговорители обеспечивают двустороннюю связь пациента с врачом, а наушники (со встроенной системой двусторонней связи) снижают акустический шум.</p>\n<p style=\"box-sizing: border-box; margin: 0px 0px 10px; color: #000000; font-family: \'Helvetica Neue\', Helvetica, Arial, sans-serif; text-align: justify;\"><span style=\"box-sizing: border-box;\">Гарантия повышенного психологического комфорта пациентов</span></p>\n<p style=\"box-sizing: border-box; margin: 0px 0px 10px; color: #000000; font-family: \'Helvetica Neue\', Helvetica, Arial, sans-serif; text-align: justify;\">Мы с пониманием относимся к пациентам, которые могут быть сильно обеспокоены как самими процедурами, так и результатами диагностики, и уверены, что хорошее медицинское обслуживание должно учитывать впечатления людей &mdash; это не менее важный фактор, чем медицинские или технические возможности.</p>\n<p style=\"box-sizing: border-box; margin: 0px 0px 10px; color: #000000; font-family: \'Helvetica Neue\', Helvetica, Arial, sans-serif; text-align: justify;\">Ambient Experience &ndash; это система, позволяющая пациентам отвлечься от предстоящей процедуры сканирования и не беспокоиться, выбрав приятную для себя визуальную тему, которая проецируется на стены комнаты сканирования. Визуальный фон дополняется звуковым сопровождением и мягким освещением, которое пациент так же выбирает на свое усмотрение.</p>\n<p style=\"box-sizing: border-box; margin: 0px 0px 10px; color: #000000; font-family: \'Helvetica Neue\', Helvetica, Arial, sans-serif; text-align: justify;\">Система Ambient Experience перемещает пациента из больничной обстановки в увлекательный анимационный мир, что делает его пребывание в отделении более приятным. Это особенно важно при работе с детьми. Наши возможности позволяют снять психологическую настороженность и чувство страха у ребенка, проходящего обследование. Попав в комфортную среду и почувствовав доверие к врачам, которые показывают &laquo;волшебные&raquo; картинки, ребенок ведет себя спокойней во время исследования, что облегчает работу персонала&raquo;.&nbsp;<span style=\"box-sizing: border-box; font-weight: bold;\">Родители могут оставаться со своим ребенком в комнате сканирования на протяжении всего исследования.</span>&nbsp;Все это способствует успешному проведению МРТ детям.</p>', '<p><span style=\"color: #000000; font-family: \'Helvetica Neue\', Helvetica, Arial, sans-serif; text-align: justify;\">Безусловно, качественное оборудование &mdash; это важный элемент успешной диагностики, но самым главным звеном всегда будет врач, работающий на этом оборудовании и проводящий исследование.</span></p>\n<p><span style=\"color: #000000; font-family: \'Helvetica Neue\', Helvetica, Arial, sans-serif; text-align: justify;\"> Команда рентген-радиологического отделения HealthCity сформирована из высококвалифицированных врачей-рентгенологов, создающих благоприятные условия для лучшего понимания предпочтений, потребностей и индивидуальных особенностей каждого пациента.</span></p>\n<p><span style=\"color: #000000; font-family: \'Helvetica Neue\', Helvetica, Arial, sans-serif; text-align: justify;\">Руководителем отделения является&nbsp;</span><span style=\"box-sizing: border-box; font-weight: bold; color: #000000; font-family: \'Helvetica Neue\', Helvetica, Arial, sans-serif; text-align: justify;\"><a class=\"ui-link\" style=\"box-sizing: border-box; background-color: transparent; color: #7f56c5; text-decoration-line: none; transition: all 0.5s ease-out 0s;\" href=\"https://www.healthcity.kz/team/roman-nigaj/\" target=\"_blank\" rel=\"noopener noreferrer\" data-ajax=\"false\">Роман Валериевич Нигай</a></span><span style=\"color: #000000; font-family: \'Helvetica Neue\', Helvetica, Arial, sans-serif; text-align: justify;\">.</span></p>', 0, 1, 1, '2021-06-03 00:42:00', '2021-07-15 04:32:08');

-- --------------------------------------------------------

--
-- Структура таблицы `migrations`
--

CREATE TABLE `migrations` (
  `id` int(10) UNSIGNED NOT NULL,
  `migration` varchar(191) COLLATE utf8mb4_unicode_ci NOT NULL,
  `batch` int(11) NOT NULL
) ENGINE=InnoDB DEFAULT CHARSET=utf8mb4 COLLATE=utf8mb4_unicode_ci;

--
-- Дамп данных таблицы `migrations`
--

INSERT INTO `migrations` (`id`, `migration`, `batch`) VALUES
(1, '2014_10_12_000000_create_users_table', 1),
(2, '2014_10_12_100000_create_password_resets_table', 1),
(3, '2016_01_01_000000_add_voyager_user_fields', 1),
(4, '2016_01_01_000000_create_data_types_table', 1),
(5, '2016_05_19_173453_create_menu_table', 1),
(6, '2016_10_21_190000_create_roles_table', 1),
(7, '2016_10_21_190000_create_settings_table', 1),
(8, '2016_11_30_135954_create_permission_table', 1),
(9, '2016_11_30_141208_create_permission_role_table', 1),
(10, '2016_12_26_201236_data_types__add__server_side', 1),
(11, '2017_01_13_000000_add_route_to_menu_items_table', 1),
(12, '2017_01_14_005015_create_translations_table', 1),
(13, '2017_01_15_000000_make_table_name_nullable_in_permissions_table', 1),
(14, '2017_03_06_000000_add_controller_to_data_types_table', 1),
(15, '2017_04_21_000000_add_order_to_data_rows_table', 1),
(16, '2017_07_05_210000_add_policyname_to_data_types_table', 1),
(17, '2017_08_05_000000_add_group_to_settings_table', 1),
(18, '2017_11_26_013050_add_user_role_relationship', 1),
(19, '2017_11_26_015000_create_user_roles_table', 1),
(20, '2018_03_11_000000_add_user_settings', 1),
(21, '2018_03_14_000000_add_details_to_data_types_table', 1),
(22, '2018_03_16_000000_make_settings_value_nullable', 1),
(23, '2019_08_19_000000_create_failed_jobs_table', 1),
(24, '2016_01_01_000000_create_pages_table', 2),
(25, '2021_04_29_123446_create_contacts_table', 3),
(26, '2021_05_18_164439_create_home_sliders_table', 4),
(27, '2021_05_18_173748_create_specialities_table', 5),
(28, '2021_05_18_190744_create_doctors_table', 6),
(29, '2021_05_18_192404_create_doctors_specialities_pivot', 7),
(31, '2021_05_24_081806_add_featured_column_to_doctors', 8),
(32, '2021_05_25_104333_add_slug_to_specialities_table', 8),
(33, '2021_05_25_105000_add_slug_to_doctors_table', 9),
(34, '2021_05_27_133925_create_analyzes_table', 10),
(35, '2021_05_28_130920_create_researches_table', 11),
(36, '2021_05_28_162915_create_services_table', 12),
(37, '2021_06_03_085140_create_methodics_table', 13),
(38, '2021_06_04_124620_create_checkup_types_table', 14),
(39, '2021_06_04_125039_create_checkups_table', 15),
(40, '2021_06_04_125307_create_checkup_faqs_table', 16),
(41, '2021_06_04_125457_create_checkup_prices_table', 17),
(42, '2021_06_06_104701_edit_home_sliders_table', 18),
(43, '2021_06_06_110312_create_icontexts_table', 19),
(44, '2021_06_06_111125_edit_icontexts_table', 20),
(45, '2021_06_06_112312_create_certificates_table', 21),
(46, '2021_06_06_114804_icontexts_edit_type', 22),
(47, '2021_06_10_170944_create_partners_table', 23),
(48, '2021_06_10_171449_create_corp_videos_table', 24),
(49, '2021_06_10_174438_create_corp_blocks_table', 25),
(50, '2021_06_11_124849_create_galleries_table', 26),
(51, '2021_06_16_073902_add_in_slider_column', 27),
(53, '2021_06_16_093200_create_articles_table', 28),
(54, '2021_06_16_121355_create_sales_table', 29),
(57, '2021_06_17_165332_drop_column_icon', 30),
(58, '2021_06_18_115700_create_subscribers_table', 30),
(59, '2021_07_12_152210_create_service_types_table', 31),
(60, '2021_07_20_095008_add_featured_to_services', 32),
(61, '2021_07_20_123329_add_cost_column_to_doctors', 33),
(62, '2021_07_20_130823_add_alternate_column_to_specialities', 34),
(63, '2021_07_20_132329_add_titles_to_methodics_table', 35),
(65, '2021_07_28_195731_create_applications_table', 36);

-- --------------------------------------------------------

--
-- Структура таблицы `pages`
--

CREATE TABLE `pages` (
  `id` int(10) UNSIGNED NOT NULL,
  `author_id` int(11) NOT NULL,
  `type` varchar(191) COLLATE utf8mb4_unicode_ci NOT NULL DEFAULT 'simple',
  `title` varchar(191) COLLATE utf8mb4_unicode_ci NOT NULL,
  `excerpt` text COLLATE utf8mb4_unicode_ci,
  `body` text COLLATE utf8mb4_unicode_ci,
  `image` varchar(191) COLLATE utf8mb4_unicode_ci DEFAULT NULL,
  `slug` varchar(191) COLLATE utf8mb4_unicode_ci NOT NULL,
  `seo_title` varchar(191) COLLATE utf8mb4_unicode_ci DEFAULT NULL,
  `meta_description` text COLLATE utf8mb4_unicode_ci,
  `meta_keywords` text COLLATE utf8mb4_unicode_ci,
  `status` enum('ACTIVE','INACTIVE') COLLATE utf8mb4_unicode_ci NOT NULL DEFAULT 'INACTIVE',
  `created_at` timestamp NULL DEFAULT NULL,
  `updated_at` timestamp NULL DEFAULT NULL
) ENGINE=InnoDB DEFAULT CHARSET=utf8mb4 COLLATE=utf8mb4_unicode_ci;

--
-- Дамп данных таблицы `pages`
--

INSERT INTO `pages` (`id`, `author_id`, `type`, `title`, `excerpt`, `body`, `image`, `slug`, `seo_title`, `meta_description`, `meta_keywords`, `status`, `created_at`, `updated_at`) VALUES
(1, 1, 'home', 'Мир здоровья возле дома', 'Мир здоровья возле дома', '<p>Мир здоровья возле дома</p>', 'pages\\May2021\\JgeedPqrLfQc1WhBonjk.png', 'home', 'Мир здоровья возле дома', 'Мир здоровья возле дома', 'Мир здоровья возле дома', 'ACTIVE', '2021-05-18 06:05:20', '2021-05-18 06:05:20'),
(2, 1, 'services', 'Услуги', 'Услуги', '', 'pages\\May2021\\yISvPjTDHkcf1q0fY0KZ.png', 'uslugi', 'Услуги', 'Услуги', 'Услуги', 'ACTIVE', '2021-05-24 13:03:38', '2021-05-24 13:03:38'),
(3, 1, 'contacts', 'Контакты', '', '', 'pages\\May2021\\x7arHv0dzNyAkUw8yKPq.png', 'kontakty', 'Контакты', 'Контакты', 'Контакты', 'ACTIVE', '2021-05-25 02:14:59', '2021-05-25 02:14:59'),
(4, 1, 'docs', 'Врачи', 'Врачи', '', 'pages\\May2021\\AJoER7pmo6q8RUHPOXIr.png', 'vrachi', 'Врачи', 'Врачи', 'Врачи', 'ACTIVE', '2021-05-25 03:41:06', '2021-05-25 03:41:06'),
(5, 1, 'analyzes', 'Анализы', 'Анализы', '', 'pages\\May2021\\XBLUimYB4tkFpiEb1GKq.png', 'analizy', 'Анализы', 'Анализы', 'Анализы', 'ACTIVE', '2021-05-28 09:03:00', '2021-05-28 09:03:48'),
(6, 1, 'checkup', 'Check Up', 'Check Up', '', 'pages\\June2021\\ZcbsBmaME9v8Y02v6CHI.png', 'check-up', 'Check Up', 'Check Up', 'Check Up', 'ACTIVE', '2021-06-02 05:26:00', '2021-06-02 05:30:40'),
(7, 1, 'methodics', 'Диагностические методы', 'Диагностические методы', '', 'pages\\June2021\\pLt6Qjf4ZTC8VLKkyzPQ.png', 'metodiki', 'Диагностические методы', 'Диагностические методы', 'Диагностические методы', 'ACTIVE', '2021-06-03 03:46:00', '2021-07-29 12:12:22'),
(8, 1, 'about', 'О клинике', 'Инновационная Диагностическая клиника, оснащенная современным оборудованием, для раннего выявления всех видов заболеваний.', '<p style=\"box-sizing: border-box; margin: 0px 0px 10px; text-align: justify;\">HealthCity это:</p>\n<ul style=\"box-sizing: border-box; margin-top: 0px; margin-bottom: 10px;\">\n<li style=\"box-sizing: border-box; text-align: justify;\">Радиологическое оборудование нового поколения от компании Philips для проведения рентгенографии, маммографии, компьютерной томографии, магнитно-резонансной томографии, денситометрии;</li>\n<li style=\"box-sizing: border-box; text-align: justify;\">Собственная лаборатория с высокоточным оборудованием Roche;</li>\n<li style=\"box-sizing: border-box; text-align: justify;\">Иностранный и местный высокопрофессиональной медицинский персонал, оказывающий медицинские услуги по международным стандартам;</li>\n<li style=\"box-sizing: border-box; text-align: justify;\">HealthCity 24 &ndash; подразделение, оказывающее скорую&nbsp;помощь, лечение, мониторинг, а также медицинские услуги на дому для всей семьи;</li>\n<li style=\"box-sizing: border-box; text-align: justify;\">Онлайн и телефонные&nbsp;консультация&nbsp;врачей;</li>\n<li style=\"box-sizing: border-box; text-align: justify;\">Сотрудничество с ведущими клиниками Южной Кореи и США для оказания эффективного ведения пациентов до и после лечения.</li>\n</ul>', 'pages/September2021/EJg5Agtd3FUN6lE5OlMB.jpg', 'o-klinike', 'О клинике', 'О клинике', 'О клинике', 'ACTIVE', '2021-06-05 13:42:00', '2021-09-02 07:38:13'),
(9, 1, 'corporate', 'Корпоративный раздел', 'Задача организации, в особенности же рамки и место обучения кадров позволяет выполнять важные задания по разработке модели развития. Не следует, однако забывать, что дальнейшее развитие различных форм деятельности в значительной степени обуславливает создание новых предложений.', '', 'pages/September2021/uiIm89IFSnYylQi1aWOZ.jpg', 'korporativnyj-razdel', 'СТАНЬТЕ ПАРТНЕРОМ МЕДИЦИНСКОГО ЦЕНТРА HEALTH CITY', 'СТАНЬТЕ ПАРТНЕРОМ\nМЕДИЦИНСКОГО ЦЕНТРА HEALTH CITY', 'СТАНЬТЕ ПАРТНЕРОМ\nМЕДИЦИНСКОГО ЦЕНТРА HEALTH CITY', 'ACTIVE', '2021-06-06 05:53:00', '2021-09-01 12:49:03'),
(10, 1, 'specs', 'Специализация', 'Специализация', '', 'pages\\June2021\\QHFakPtOQFusZxN3hiLY.png', 'specs', 'Врачи', 'Врачи', 'Врачи', 'ACTIVE', '2021-06-07 04:34:40', '2021-06-07 04:34:40'),
(11, 1, 'sales', 'Акции', 'Акции', '', 'pages\\June2021\\zjmQrTCJbfYfQmcVEuOM.png', 'akcii', 'Акции', 'Акции', 'Акции', 'ACTIVE', '2021-06-17 06:45:38', '2021-06-17 06:45:38');

-- --------------------------------------------------------

--
-- Структура таблицы `partners`
--

CREATE TABLE `partners` (
  `id` bigint(20) UNSIGNED NOT NULL,
  `title` varchar(191) COLLATE utf8mb4_unicode_ci DEFAULT NULL,
  `image` varchar(191) COLLATE utf8mb4_unicode_ci NOT NULL,
  `status` tinyint(1) NOT NULL DEFAULT '1',
  `sort_id` int(11) NOT NULL DEFAULT '1',
  `created_at` timestamp NULL DEFAULT NULL,
  `updated_at` timestamp NULL DEFAULT NULL
) ENGINE=InnoDB DEFAULT CHARSET=utf8mb4 COLLATE=utf8mb4_unicode_ci;

--
-- Дамп данных таблицы `partners`
--

INSERT INTO `partners` (`id`, `title`, `image`, `status`, `sort_id`, `created_at`, `updated_at`) VALUES
(1, 'Roche', 'partners\\June2021\\eIy4ygO0Q6v1QOZjTfSF.png', 1, 1, '2021-06-10 11:23:09', '2021-06-10 11:23:09'),
(2, 'Philips', 'partners\\June2021\\PC6BHr22yOCur965JUeP.png', 1, 2, '2021-06-10 11:23:34', '2021-06-10 11:23:34'),
(3, 'Ordabasy group', 'partners\\June2021\\bwdWtBRR1FuvMIy3sKXT.png', 1, 3, '2021-06-10 11:23:55', '2021-06-10 11:23:55'),
(4, 'Asian Credit Bank', 'partners\\June2021\\Fn76OglRJ5QzpDGBaHuV.png', 1, 4, '2021-06-10 11:24:18', '2021-06-10 11:24:18'),
(5, 'Roche', 'partners\\June2021\\2c34ea6fWMNs3K9oAnGD.png', 1, 6, '2021-06-10 11:31:00', '2021-06-10 11:32:17'),
(6, 'Philips', 'partners\\June2021\\Iuq4EO6rIICmrxPtfqwq.png', 1, 5, '2021-06-10 11:31:00', '2021-06-10 11:32:13'),
(7, 'Ordabasy group', 'partners\\June2021\\r4rQRWyieSHR6UXEbNbp.png', 1, 7, '2021-06-10 11:32:05', '2021-06-10 11:32:05'),
(8, 'Asian Credit Bank', 'partners\\June2021\\7hbntmVeqTRPegvNQ0Ip.png', 1, 8, '2021-06-10 11:32:35', '2021-06-10 11:32:35');

-- --------------------------------------------------------

--
-- Структура таблицы `password_resets`
--

CREATE TABLE `password_resets` (
  `email` varchar(191) COLLATE utf8mb4_unicode_ci NOT NULL,
  `token` varchar(191) COLLATE utf8mb4_unicode_ci NOT NULL,
  `created_at` timestamp NULL DEFAULT NULL
) ENGINE=InnoDB DEFAULT CHARSET=utf8mb4 COLLATE=utf8mb4_unicode_ci;

-- --------------------------------------------------------

--
-- Структура таблицы `permissions`
--

CREATE TABLE `permissions` (
  `id` bigint(20) UNSIGNED NOT NULL,
  `key` varchar(191) COLLATE utf8mb4_unicode_ci NOT NULL,
  `table_name` varchar(191) COLLATE utf8mb4_unicode_ci DEFAULT NULL,
  `created_at` timestamp NULL DEFAULT NULL,
  `updated_at` timestamp NULL DEFAULT NULL
) ENGINE=InnoDB DEFAULT CHARSET=utf8mb4 COLLATE=utf8mb4_unicode_ci;

--
-- Дамп данных таблицы `permissions`
--

INSERT INTO `permissions` (`id`, `key`, `table_name`, `created_at`, `updated_at`) VALUES
(1, 'browse_admin', NULL, '2021-05-18 04:12:29', '2021-05-18 04:12:29'),
(2, 'browse_bread', NULL, '2021-05-18 04:12:29', '2021-05-18 04:12:29'),
(3, 'browse_database', NULL, '2021-05-18 04:12:29', '2021-05-18 04:12:29'),
(4, 'browse_media', NULL, '2021-05-18 04:12:29', '2021-05-18 04:12:29'),
(5, 'browse_compass', NULL, '2021-05-18 04:12:29', '2021-05-18 04:12:29'),
(6, 'browse_menus', 'menus', '2021-05-18 04:12:29', '2021-05-18 04:12:29'),
(7, 'read_menus', 'menus', '2021-05-18 04:12:29', '2021-05-18 04:12:29'),
(8, 'edit_menus', 'menus', '2021-05-18 04:12:29', '2021-05-18 04:12:29'),
(9, 'add_menus', 'menus', '2021-05-18 04:12:29', '2021-05-18 04:12:29'),
(10, 'delete_menus', 'menus', '2021-05-18 04:12:29', '2021-05-18 04:12:29'),
(11, 'browse_roles', 'roles', '2021-05-18 04:12:29', '2021-05-18 04:12:29'),
(12, 'read_roles', 'roles', '2021-05-18 04:12:29', '2021-05-18 04:12:29'),
(13, 'edit_roles', 'roles', '2021-05-18 04:12:29', '2021-05-18 04:12:29'),
(14, 'add_roles', 'roles', '2021-05-18 04:12:29', '2021-05-18 04:12:29'),
(15, 'delete_roles', 'roles', '2021-05-18 04:12:29', '2021-05-18 04:12:29'),
(16, 'browse_users', 'users', '2021-05-18 04:12:29', '2021-05-18 04:12:29'),
(17, 'read_users', 'users', '2021-05-18 04:12:29', '2021-05-18 04:12:29'),
(18, 'edit_users', 'users', '2021-05-18 04:12:29', '2021-05-18 04:12:29'),
(19, 'add_users', 'users', '2021-05-18 04:12:29', '2021-05-18 04:12:29'),
(20, 'delete_users', 'users', '2021-05-18 04:12:29', '2021-05-18 04:12:29'),
(21, 'browse_settings', 'settings', '2021-05-18 04:12:29', '2021-05-18 04:12:29'),
(22, 'read_settings', 'settings', '2021-05-18 04:12:29', '2021-05-18 04:12:29'),
(23, 'edit_settings', 'settings', '2021-05-18 04:12:29', '2021-05-18 04:12:29'),
(24, 'add_settings', 'settings', '2021-05-18 04:12:29', '2021-05-18 04:12:29'),
(25, 'delete_settings', 'settings', '2021-05-18 04:12:29', '2021-05-18 04:12:29'),
(26, 'browse_hooks', NULL, '2021-05-18 04:12:29', '2021-05-18 04:12:29'),
(27, 'browse_pages', 'pages', '2021-05-18 06:02:02', '2021-05-18 06:02:02'),
(28, 'read_pages', 'pages', '2021-05-18 06:02:02', '2021-05-18 06:02:02'),
(29, 'edit_pages', 'pages', '2021-05-18 06:02:02', '2021-05-18 06:02:02'),
(30, 'add_pages', 'pages', '2021-05-18 06:02:02', '2021-05-18 06:02:02'),
(31, 'delete_pages', 'pages', '2021-05-18 06:02:02', '2021-05-18 06:02:02'),
(32, 'browse_contacts', 'contacts', '2021-05-18 08:22:18', '2021-05-18 08:22:18'),
(33, 'read_contacts', 'contacts', '2021-05-18 08:22:18', '2021-05-18 08:22:18'),
(34, 'edit_contacts', 'contacts', '2021-05-18 08:22:18', '2021-05-18 08:22:18'),
(35, 'add_contacts', 'contacts', '2021-05-18 08:22:18', '2021-05-18 08:22:18'),
(36, 'delete_contacts', 'contacts', '2021-05-18 08:22:18', '2021-05-18 08:22:18'),
(37, 'browse_sliders', 'sliders', '2021-05-18 11:16:11', '2021-05-18 11:16:11'),
(38, 'read_sliders', 'sliders', '2021-05-18 11:16:11', '2021-05-18 11:16:11'),
(39, 'edit_sliders', 'sliders', '2021-05-18 11:16:11', '2021-05-18 11:16:11'),
(40, 'add_sliders', 'sliders', '2021-05-18 11:16:11', '2021-05-18 11:16:11'),
(41, 'delete_sliders', 'sliders', '2021-05-18 11:16:11', '2021-05-18 11:16:11'),
(42, 'browse_specialities', 'specialities', '2021-05-18 11:59:37', '2021-05-18 11:59:37'),
(43, 'read_specialities', 'specialities', '2021-05-18 11:59:37', '2021-05-18 11:59:37'),
(44, 'edit_specialities', 'specialities', '2021-05-18 11:59:37', '2021-05-18 11:59:37'),
(45, 'add_specialities', 'specialities', '2021-05-18 11:59:37', '2021-05-18 11:59:37'),
(46, 'delete_specialities', 'specialities', '2021-05-18 11:59:37', '2021-05-18 11:59:37'),
(47, 'browse_doctors', 'doctors', '2021-05-18 13:52:51', '2021-05-18 13:52:51'),
(48, 'read_doctors', 'doctors', '2021-05-18 13:52:51', '2021-05-18 13:52:51'),
(49, 'edit_doctors', 'doctors', '2021-05-18 13:52:51', '2021-05-18 13:52:51'),
(50, 'add_doctors', 'doctors', '2021-05-18 13:52:51', '2021-05-18 13:52:51'),
(51, 'delete_doctors', 'doctors', '2021-05-18 13:52:51', '2021-05-18 13:52:51'),
(52, 'browse_analyzes', 'analyzes', '2021-05-28 07:22:42', '2021-05-28 07:22:42'),
(53, 'read_analyzes', 'analyzes', '2021-05-28 07:22:42', '2021-05-28 07:22:42'),
(54, 'edit_analyzes', 'analyzes', '2021-05-28 07:22:42', '2021-05-28 07:22:42'),
(55, 'add_analyzes', 'analyzes', '2021-05-28 07:22:42', '2021-05-28 07:22:42'),
(56, 'delete_analyzes', 'analyzes', '2021-05-28 07:22:42', '2021-05-28 07:22:42'),
(57, 'browse_researches', 'researches', '2021-05-28 07:26:17', '2021-05-28 07:26:17'),
(58, 'read_researches', 'researches', '2021-05-28 07:26:17', '2021-05-28 07:26:17'),
(59, 'edit_researches', 'researches', '2021-05-28 07:26:17', '2021-05-28 07:26:17'),
(60, 'add_researches', 'researches', '2021-05-28 07:26:17', '2021-05-28 07:26:17'),
(61, 'delete_researches', 'researches', '2021-05-28 07:26:17', '2021-05-28 07:26:17'),
(62, 'browse_services', 'services', '2021-05-28 10:42:43', '2021-05-28 10:42:43'),
(63, 'read_services', 'services', '2021-05-28 10:42:43', '2021-05-28 10:42:43'),
(64, 'edit_services', 'services', '2021-05-28 10:42:43', '2021-05-28 10:42:43'),
(65, 'add_services', 'services', '2021-05-28 10:42:43', '2021-05-28 10:42:43'),
(66, 'delete_services', 'services', '2021-05-28 10:42:43', '2021-05-28 10:42:43'),
(67, 'browse_methodics', 'methodics', '2021-06-03 03:01:03', '2021-06-03 03:01:03'),
(68, 'read_methodics', 'methodics', '2021-06-03 03:01:03', '2021-06-03 03:01:03'),
(69, 'edit_methodics', 'methodics', '2021-06-03 03:01:03', '2021-06-03 03:01:03'),
(70, 'add_methodics', 'methodics', '2021-06-03 03:01:03', '2021-06-03 03:01:03'),
(71, 'delete_methodics', 'methodics', '2021-06-03 03:01:03', '2021-06-03 03:01:03'),
(72, 'browse_checkup_faqs', 'checkup_faqs', '2021-06-04 07:00:09', '2021-06-04 07:00:09'),
(73, 'read_checkup_faqs', 'checkup_faqs', '2021-06-04 07:00:09', '2021-06-04 07:00:09'),
(74, 'edit_checkup_faqs', 'checkup_faqs', '2021-06-04 07:00:09', '2021-06-04 07:00:09'),
(75, 'add_checkup_faqs', 'checkup_faqs', '2021-06-04 07:00:09', '2021-06-04 07:00:09'),
(76, 'delete_checkup_faqs', 'checkup_faqs', '2021-06-04 07:00:09', '2021-06-04 07:00:09'),
(77, 'browse_checkups', 'checkups', '2021-06-04 07:05:57', '2021-06-04 07:05:57'),
(78, 'read_checkups', 'checkups', '2021-06-04 07:05:57', '2021-06-04 07:05:57'),
(79, 'edit_checkups', 'checkups', '2021-06-04 07:05:57', '2021-06-04 07:05:57'),
(80, 'add_checkups', 'checkups', '2021-06-04 07:05:57', '2021-06-04 07:05:57'),
(81, 'delete_checkups', 'checkups', '2021-06-04 07:05:57', '2021-06-04 07:05:57'),
(82, 'browse_checkup_types', 'checkup_types', '2021-06-04 07:09:33', '2021-06-04 07:09:33'),
(83, 'read_checkup_types', 'checkup_types', '2021-06-04 07:09:33', '2021-06-04 07:09:33'),
(84, 'edit_checkup_types', 'checkup_types', '2021-06-04 07:09:33', '2021-06-04 07:09:33'),
(85, 'add_checkup_types', 'checkup_types', '2021-06-04 07:09:33', '2021-06-04 07:09:33'),
(86, 'delete_checkup_types', 'checkup_types', '2021-06-04 07:09:33', '2021-06-04 07:09:33'),
(87, 'browse_checkup_prices', 'checkup_prices', '2021-06-04 07:10:47', '2021-06-04 07:10:47'),
(88, 'read_checkup_prices', 'checkup_prices', '2021-06-04 07:10:47', '2021-06-04 07:10:47'),
(89, 'edit_checkup_prices', 'checkup_prices', '2021-06-04 07:10:47', '2021-06-04 07:10:47'),
(90, 'add_checkup_prices', 'checkup_prices', '2021-06-04 07:10:47', '2021-06-04 07:10:47'),
(91, 'delete_checkup_prices', 'checkup_prices', '2021-06-04 07:10:47', '2021-06-04 07:10:47'),
(92, 'browse_icontexts', 'icontexts', '2021-06-06 05:08:26', '2021-06-06 05:08:26'),
(93, 'read_icontexts', 'icontexts', '2021-06-06 05:08:26', '2021-06-06 05:08:26'),
(94, 'edit_icontexts', 'icontexts', '2021-06-06 05:08:26', '2021-06-06 05:08:26'),
(95, 'add_icontexts', 'icontexts', '2021-06-06 05:08:26', '2021-06-06 05:08:26'),
(96, 'delete_icontexts', 'icontexts', '2021-06-06 05:08:26', '2021-06-06 05:08:26'),
(97, 'browse_certificates', 'certificates', '2021-06-06 05:26:24', '2021-06-06 05:26:24'),
(98, 'read_certificates', 'certificates', '2021-06-06 05:26:24', '2021-06-06 05:26:24'),
(99, 'edit_certificates', 'certificates', '2021-06-06 05:26:24', '2021-06-06 05:26:24'),
(100, 'add_certificates', 'certificates', '2021-06-06 05:26:24', '2021-06-06 05:26:24'),
(101, 'delete_certificates', 'certificates', '2021-06-06 05:26:24', '2021-06-06 05:26:24'),
(102, 'browse_partners', 'partners', '2021-06-10 11:13:28', '2021-06-10 11:13:28'),
(103, 'read_partners', 'partners', '2021-06-10 11:13:28', '2021-06-10 11:13:28'),
(104, 'edit_partners', 'partners', '2021-06-10 11:13:28', '2021-06-10 11:13:28'),
(105, 'add_partners', 'partners', '2021-06-10 11:13:28', '2021-06-10 11:13:28'),
(106, 'delete_partners', 'partners', '2021-06-10 11:13:28', '2021-06-10 11:13:28'),
(107, 'browse_corp_videos', 'corp_videos', '2021-06-10 11:17:58', '2021-06-10 11:17:58'),
(108, 'read_corp_videos', 'corp_videos', '2021-06-10 11:17:58', '2021-06-10 11:17:58'),
(109, 'edit_corp_videos', 'corp_videos', '2021-06-10 11:17:58', '2021-06-10 11:17:58'),
(110, 'add_corp_videos', 'corp_videos', '2021-06-10 11:17:58', '2021-06-10 11:17:58'),
(111, 'delete_corp_videos', 'corp_videos', '2021-06-10 11:17:58', '2021-06-10 11:17:58'),
(112, 'browse_corp_blocks', 'corp_blocks', '2021-06-10 11:50:10', '2021-06-10 11:50:10'),
(113, 'read_corp_blocks', 'corp_blocks', '2021-06-10 11:50:10', '2021-06-10 11:50:10'),
(114, 'edit_corp_blocks', 'corp_blocks', '2021-06-10 11:50:10', '2021-06-10 11:50:10'),
(115, 'add_corp_blocks', 'corp_blocks', '2021-06-10 11:50:10', '2021-06-10 11:50:10'),
(116, 'delete_corp_blocks', 'corp_blocks', '2021-06-10 11:50:10', '2021-06-10 11:50:10'),
(117, 'browse_galleries', 'galleries', '2021-06-11 06:53:33', '2021-06-11 06:53:33'),
(118, 'read_galleries', 'galleries', '2021-06-11 06:53:33', '2021-06-11 06:53:33'),
(119, 'edit_galleries', 'galleries', '2021-06-11 06:53:33', '2021-06-11 06:53:33'),
(120, 'add_galleries', 'galleries', '2021-06-11 06:53:33', '2021-06-11 06:53:33'),
(121, 'delete_galleries', 'galleries', '2021-06-11 06:53:33', '2021-06-11 06:53:33'),
(122, 'browse_articles', 'articles', '2021-06-16 03:41:47', '2021-06-16 03:41:47'),
(123, 'read_articles', 'articles', '2021-06-16 03:41:47', '2021-06-16 03:41:47'),
(124, 'edit_articles', 'articles', '2021-06-16 03:41:47', '2021-06-16 03:41:47'),
(125, 'add_articles', 'articles', '2021-06-16 03:41:47', '2021-06-16 03:41:47'),
(126, 'delete_articles', 'articles', '2021-06-16 03:41:47', '2021-06-16 03:41:47'),
(127, 'browse_sales', 'sales', '2021-06-17 06:28:07', '2021-06-17 06:28:07'),
(128, 'read_sales', 'sales', '2021-06-17 06:28:07', '2021-06-17 06:28:07'),
(129, 'edit_sales', 'sales', '2021-06-17 06:28:07', '2021-06-17 06:28:07'),
(130, 'add_sales', 'sales', '2021-06-17 06:28:07', '2021-06-17 06:28:07'),
(131, 'delete_sales', 'sales', '2021-06-17 06:28:07', '2021-06-17 06:28:07'),
(132, 'browse_subscribers', 'subscribers', '2021-06-18 06:02:12', '2021-06-18 06:02:12'),
(133, 'read_subscribers', 'subscribers', '2021-06-18 06:02:12', '2021-06-18 06:02:12'),
(134, 'edit_subscribers', 'subscribers', '2021-06-18 06:02:12', '2021-06-18 06:02:12'),
(135, 'add_subscribers', 'subscribers', '2021-06-18 06:02:12', '2021-06-18 06:02:12'),
(136, 'delete_subscribers', 'subscribers', '2021-06-18 06:02:12', '2021-06-18 06:02:12'),
(137, 'browse_service_types', 'service_types', '2021-07-14 05:55:10', '2021-07-14 05:55:10'),
(138, 'read_service_types', 'service_types', '2021-07-14 05:55:10', '2021-07-14 05:55:10'),
(139, 'edit_service_types', 'service_types', '2021-07-14 05:55:10', '2021-07-14 05:55:10'),
(140, 'add_service_types', 'service_types', '2021-07-14 05:55:10', '2021-07-14 05:55:10'),
(141, 'delete_service_types', 'service_types', '2021-07-14 05:55:10', '2021-07-14 05:55:10'),
(142, 'browse_applications', 'applications', '2021-07-28 17:32:51', '2021-07-28 17:32:51'),
(143, 'read_applications', 'applications', '2021-07-28 17:32:51', '2021-07-28 17:32:51'),
(144, 'edit_applications', 'applications', '2021-07-28 17:32:51', '2021-07-28 17:32:51'),
(145, 'add_applications', 'applications', '2021-07-28 17:32:51', '2021-07-28 17:32:51'),
(146, 'delete_applications', 'applications', '2021-07-28 17:32:51', '2021-07-28 17:32:51');

-- --------------------------------------------------------

--
-- Структура таблицы `permission_role`
--

CREATE TABLE `permission_role` (
  `permission_id` bigint(20) UNSIGNED NOT NULL,
  `role_id` bigint(20) UNSIGNED NOT NULL
) ENGINE=InnoDB DEFAULT CHARSET=utf8mb4 COLLATE=utf8mb4_unicode_ci;

--
-- Дамп данных таблицы `permission_role`
--

INSERT INTO `permission_role` (`permission_id`, `role_id`) VALUES
(1, 1),
(2, 1),
(3, 1),
(4, 1),
(5, 1),
(6, 1),
(7, 1),
(8, 1),
(9, 1),
(10, 1),
(11, 1),
(12, 1),
(13, 1),
(14, 1),
(15, 1),
(16, 1),
(17, 1),
(18, 1),
(19, 1),
(20, 1),
(21, 1),
(22, 1),
(23, 1),
(24, 1),
(25, 1),
(26, 1),
(27, 1),
(28, 1),
(29, 1),
(30, 1),
(31, 1),
(32, 1),
(33, 1),
(34, 1),
(35, 1),
(36, 1),
(37, 1),
(38, 1),
(39, 1),
(40, 1),
(41, 1),
(42, 1),
(43, 1),
(44, 1),
(45, 1),
(46, 1),
(47, 1),
(48, 1),
(49, 1),
(50, 1),
(51, 1),
(52, 1),
(53, 1),
(54, 1),
(55, 1),
(56, 1),
(57, 1),
(58, 1),
(59, 1),
(60, 1),
(61, 1),
(62, 1),
(63, 1),
(64, 1),
(65, 1),
(66, 1),
(67, 1),
(68, 1),
(69, 1),
(70, 1),
(71, 1),
(72, 1),
(73, 1),
(74, 1),
(75, 1),
(76, 1),
(77, 1),
(78, 1),
(79, 1),
(80, 1),
(81, 1),
(82, 1),
(83, 1),
(84, 1),
(85, 1),
(86, 1),
(87, 1),
(88, 1),
(89, 1),
(90, 1),
(91, 1),
(92, 1),
(93, 1),
(94, 1),
(95, 1),
(96, 1),
(97, 1),
(99, 1),
(102, 1),
(103, 1),
(104, 1),
(105, 1),
(106, 1),
(107, 1),
(108, 1),
(109, 1),
(110, 1),
(111, 1),
(112, 1),
(113, 1),
(114, 1),
(115, 1),
(116, 1),
(117, 1),
(118, 1),
(119, 1),
(120, 1),
(121, 1),
(122, 1),
(123, 1),
(124, 1),
(125, 1),
(126, 1),
(127, 1),
(128, 1),
(129, 1),
(130, 1),
(131, 1),
(132, 1),
(133, 1),
(134, 1),
(135, 1),
(136, 1),
(137, 1),
(138, 1),
(139, 1),
(140, 1),
(141, 1),
(142, 1),
(143, 1);

-- --------------------------------------------------------

--
-- Структура таблицы `researches`
--

CREATE TABLE `researches` (
  `id` bigint(20) UNSIGNED NOT NULL,
  `title` varchar(191) COLLATE utf8mb4_unicode_ci NOT NULL,
  `slug` varchar(191) COLLATE utf8mb4_unicode_ci NOT NULL,
  `seo_title` varchar(191) COLLATE utf8mb4_unicode_ci DEFAULT NULL,
  `meta_keywords` text COLLATE utf8mb4_unicode_ci,
  `meta_description` text COLLATE utf8mb4_unicode_ci,
  `status` tinyint(1) NOT NULL DEFAULT '1',
  `sort_id` int(11) NOT NULL DEFAULT '1',
  `created_at` timestamp NULL DEFAULT NULL,
  `updated_at` timestamp NULL DEFAULT NULL
) ENGINE=InnoDB DEFAULT CHARSET=utf8mb4 COLLATE=utf8mb4_unicode_ci;

--
-- Дамп данных таблицы `researches`
--

INSERT INTO `researches` (`id`, `title`, `slug`, `seo_title`, `meta_keywords`, `meta_description`, `status`, `sort_id`, `created_at`, `updated_at`) VALUES
(1, 'Гематологические исследования', 'gematologicheskie-issledovaniya', 'Гематологические исследования', 'Гематологические исследования\n', 'Гематологические исследования', 1, 2, '2021-05-28 08:55:00', '2021-08-05 14:20:00'),
(2, 'Биохимические исследования крови', 'biohimicheskie-issledovaniya-krovi', 'Биохимические исследования', 'Биохимические исследования', 'Биохимические исследования', 1, 3, '2021-05-28 08:56:00', '2021-08-05 14:26:38'),
(3, 'Гормональные исследования', 'gormonalnye-issledovaniya', 'Гормональные исследования', 'Гормональные исследования', 'Гормональные исследования', 1, 6, '2021-05-28 08:56:00', '2021-08-05 14:30:18'),
(4, 'Иммуногематологические исследования ', 'immunogematologicheskie-issledovaniya', 'Иммуногематологические исследования', 'Иммуногематологические исследования', 'Иммуногематологические исследования', 1, 4, '2021-05-28 08:56:00', '2021-08-05 14:24:36'),
(5, 'Серология', 'serologiya', 'Серология', 'Серология', 'Серология', 1, 7, '2021-05-28 08:56:00', '2021-08-05 14:31:15'),
(6, 'Исследования кала', 'issledovaniya-kala', 'Исследования кала', 'Исследования кала', 'Исследования кала', 1, 10, '2021-05-28 08:57:00', '2021-08-05 14:35:03'),
(7, 'Цитологические исследования', 'citologicheskie-issledovaniya', 'Цитологические исследования', 'Цитологические исследования', 'Цитологические исследования', 1, 19, '2021-05-28 08:57:00', '2021-08-05 14:50:46'),
(8, 'Гистологические исследования', 'gistologicheskie-issledovaniya', 'Гистологические исследования', 'Гистологические исследования', 'Гистологические исследования', 1, 24, '2021-05-28 08:57:00', '2021-08-05 14:56:16'),
(12, 'Онкомаркёры', 'onkomarkyory', 'Онкомаркёры', 'Онкомаркёры', 'Онкомаркёры', 1, 12, '2021-05-28 08:58:00', '2021-08-05 14:37:40'),
(13, 'COVID-19', 'covid-19', 'COVID-19', 'COVID-19', 'COVID-19', 1, 1, '2021-08-05 12:01:00', '2021-08-05 15:01:36'),
(14, 'Коагулологические исследования', 'koagulologicheskie-issledovaniya', 'Коагулологические исследования', 'Коагулологические исследования', 'Коагулологические исследования', 1, 5, '2021-08-05 14:29:09', '2021-08-05 14:29:09'),
(15, 'Исследования мочи', 'issledovaniya-mochi', 'Исследования мочи', 'Исследования мочи', 'Исследования мочи', 1, 8, '2021-08-05 14:32:30', '2021-08-05 14:32:30'),
(16, 'Биохимические исследования мочи', 'biohimicheskie-issledovaniya-mochi', 'Биохимические исследования мочи', 'Биохимические исследования мочи', 'Биохимические исследования мочи', 1, 9, '2021-08-05 14:33:47', '2021-08-05 14:33:47'),
(17, 'Микроскопическое исследование мазков', 'mikroskopicheskoe-issledovanie-mazkov', 'Микроскопическое исследование мазков', 'Микроскопическое исследование мазков', 'Микроскопическое исследование мазков', 1, 11, '2021-08-05 14:36:57', '2021-08-05 14:36:57'),
(18, 'Маркеры инфекций (ИФА)', 'markery-infekcij-ifa', 'Маркеры инфекций (ИФА)', 'Маркеры инфекций (ИФА)', 'Маркеры инфекций (ИФА)', 1, 13, '2021-08-05 14:40:00', '2021-08-05 14:41:31'),
(19, 'Маркеры гепатитов (ЭХЛ)', 'markery-gepatitov-ehl', 'Маркеры гепатитов (ЭХЛ)', 'Маркеры гепатитов (ЭХЛ)', 'Маркеры гепатитов (ЭХЛ)', 1, 14, '2021-08-05 14:42:42', '2021-08-05 14:42:42'),
(20, 'Маркеры ТОRCH - инфекций (ЭХЛ)', 'markery-torch-infekcij-ehl', 'Маркеры ТОRCH - инфекций (ЭХЛ)', 'Маркеры ТОRCH - инфекций (ЭХЛ)', 'Маркеры ТОRCH - инфекций (ЭХЛ)', 1, 15, '2021-08-05 14:43:48', '2021-08-05 14:43:48'),
(21, 'Маркеры обмена костной ткани', 'markery-obmena-kostnoj-tkani', 'Маркеры обмена костной ткани', 'Маркеры обмена костной ткани', 'Маркеры обмена костной ткани', 1, 17, '2021-08-05 14:44:39', '2021-08-05 14:44:39'),
(22, 'Скрининг гепатитов', 'skrining-gepatitov', 'Скрининг гепатитов', 'Скрининг гепатитов', 'Скрининг гепатитов', 1, 16, '2021-08-05 14:45:32', '2021-08-05 14:45:32'),
(23, 'Скрининг половых инфекций (ПЦР)', 'skrining-polovyh-infekcij-pcr', 'Скрининг половых инфекций (ПЦР)', 'Скрининг половых инфекций (ПЦР)', 'Скрининг половых инфекций (ПЦР)', 1, 18, '2021-08-05 14:46:00', '2021-08-05 14:46:39'),
(24, 'Микробиологические исследования', 'mikrobiologicheskie-issledovaniya', 'Микробиологические исследования', 'Микробиологические исследования', 'Микробиологические исследования', 1, 19, '2021-08-05 14:47:48', '2021-08-05 14:47:48'),
(25, 'Диагностика  АУТОИММУННЫХ ЗАБОЛЕВАНИЙ', 'diagnostika-autoimmunnyh-zabolevanij', 'Диагностика  АУТОИММУННЫХ ЗАБОЛЕВАНИЙ', 'Диагностика  АУТОИММУННЫХ ЗАБОЛЕВАНИЙ', 'Диагностика  АУТОИММУННЫХ ЗАБОЛЕВАНИЙ', 1, 20, '2021-08-05 14:52:30', '2021-08-05 14:52:30'),
(26, 'Мониторинг беременности', 'monitoring-beremennosti', 'Мониторинг беременности', 'Мониторинг беременности', 'Мониторинг беременности', 1, 21, '2021-08-05 14:53:08', '2021-08-05 14:53:08'),
(27, 'Диагностика бесплодия', 'diagnostika-besplodiya', 'Диагностика бесплодия', 'Диагностика бесплодия', 'Диагностика бесплодия', 1, 22, '2021-08-05 14:54:05', '2021-08-05 14:54:05'),
(28, 'Экспресс тестирование', 'ekspress-testirovanie', 'Экспресс тестирование', 'Экспресс тестирование', 'Экспресс тестирование', 1, 23, '2021-08-05 14:54:46', '2021-08-05 14:54:46'),
(29, 'Лекарственный мониторинг', 'lekarstvennyj-monitoring', 'Лекарственный мониторинг', 'Лекарственный мониторинг', 'Лекарственный мониторинг', 1, 24, '2021-08-05 14:55:00', '2021-08-05 14:55:27'),
(30, 'Гистологические исследования', 'gistologiceskie-issledovaniya', 'Гистологические исследования', 'Гистологические исследования', 'Гистологические исследования', 1, 25, '2021-08-27 09:32:58', '2021-08-27 09:32:58');

-- --------------------------------------------------------

--
-- Структура таблицы `roles`
--

CREATE TABLE `roles` (
  `id` bigint(20) UNSIGNED NOT NULL,
  `name` varchar(191) COLLATE utf8mb4_unicode_ci NOT NULL,
  `display_name` varchar(191) COLLATE utf8mb4_unicode_ci NOT NULL,
  `created_at` timestamp NULL DEFAULT NULL,
  `updated_at` timestamp NULL DEFAULT NULL
) ENGINE=InnoDB DEFAULT CHARSET=utf8mb4 COLLATE=utf8mb4_unicode_ci;

--
-- Дамп данных таблицы `roles`
--

INSERT INTO `roles` (`id`, `name`, `display_name`, `created_at`, `updated_at`) VALUES
(1, 'admin', 'Administrator', '2021-05-18 04:12:29', '2021-05-18 04:12:29'),
(2, 'user', 'Normal User', '2021-05-18 04:12:29', '2021-05-18 04:12:29');

-- --------------------------------------------------------

--
-- Структура таблицы `sales`
--

CREATE TABLE `sales` (
  `id` bigint(20) UNSIGNED NOT NULL,
  `type` varchar(191) COLLATE utf8mb4_unicode_ci NOT NULL DEFAULT 'month',
  `title` varchar(191) COLLATE utf8mb4_unicode_ci NOT NULL,
  `excerpt` text COLLATE utf8mb4_unicode_ci,
  `slug` varchar(191) COLLATE utf8mb4_unicode_ci NOT NULL,
  `image` varchar(191) COLLATE utf8mb4_unicode_ci DEFAULT NULL,
  `price` int(11) DEFAULT NULL,
  `content_1` longtext COLLATE utf8mb4_unicode_ci,
  `content_2` longtext COLLATE utf8mb4_unicode_ci,
  `file` varchar(191) COLLATE utf8mb4_unicode_ci DEFAULT NULL,
  `in_slider` tinyint(1) NOT NULL DEFAULT '0',
  `seo_title` varchar(191) COLLATE utf8mb4_unicode_ci DEFAULT NULL,
  `meta_description` text COLLATE utf8mb4_unicode_ci,
  `meta_keywords` text COLLATE utf8mb4_unicode_ci,
  `status` tinyint(1) NOT NULL DEFAULT '1',
  `sort_id` int(11) NOT NULL DEFAULT '1',
  `created_at` timestamp NULL DEFAULT NULL,
  `updated_at` timestamp NULL DEFAULT NULL
) ENGINE=InnoDB DEFAULT CHARSET=utf8mb4 COLLATE=utf8mb4_unicode_ci;

--
-- Дамп данных таблицы `sales`
--

INSERT INTO `sales` (`id`, `type`, `title`, `excerpt`, `slug`, `image`, `price`, `content_1`, `content_2`, `file`, `in_slider`, `seo_title`, `meta_description`, `meta_keywords`, `status`, `sort_id`, `created_at`, `updated_at`) VALUES
(1, 'day', 'Щитовидная железа', 'Дискомфорт в области шеи, изменения веса, постоянная усталость, потеря волос - при любом из этих симптомов необходимо обратиться к врачу эндокринологу и проверить щитовидную железу.', 'shitovidnaya-zheleza', 'sales\\June2021\\aeqMaN0Wj3dUVXBAN3mS.png', 4490, '<p>В нашей клинике вы можете пройти комплексное обследование, по доступной цене. Для этого мы создали диагностический пакет \"Щитовидная железа\".<br /><br />В пакет включены:&nbsp;<br />&mdash; консультация эндокринолога;<br />&mdash; УЗИ щитовидной железы;<br />&mdash; лабораторные анализы: ТТГ, Т3 свободный/общий, Т4 свободный/общий, Анти-ТПО.<br /><br />Акция действует только до конца ноября!<br /><br />Записаться можно по номерам телефона: 8 (727) 331-3-331, +7 (778) 021 1977.</p>', '', '[{\"download_link\":\"sales\\\\June2021\\\\olG3R4vXl39aO7lWA5F3.svg\",\"original_name\":\"step-after.svg\"}]', 0, 'Акция дня - Щитовидная железа', 'Щитовидная железа', 'Щитовидная железа', 1, 6, '2021-06-17 06:31:00', '2021-08-27 07:54:49'),
(2, 'month', 'Здоровые суставы', 'Проверьте здоровье своих суставов.', 'zdorovye-sustavy', 'sales\\June2021\\xMGfBZdsMiMJAlsmsrN8.png', 5900, '<h3>Комплекс исследований за 4 490 тенге</h3>\n<p>Заболевания щитовидной железы возникают из-за недостатка или переизбытка тиреоидных гормонов в крови. Нарушения в работе этого органа пациенты часто принимают за обычную усталость, недомогание или стресс.</p>\n<p>О заболеваниях щитовидной железы могут говорить следующие симптомы:</p>\n<ul>\n<li>* Изменение массы тела</li>\n<li>* Нарушение менструального цикла у женщин</li>\n<li>* Выпадение волос, ломкость ногтей, сухость кожи</li>\n<li>* Запоры или диарея</li>\n<li>* Снижение аппетита</li>\n<li>* Нарушения в работе сердечно-сосудистой системы</li>\n<li>* Нервозность, раздражительность, плаксивость, нарушение сна</li>\n<li>* Повышенное потоотделение, тремор рук</li>\n<li>* Ухудшение памяти, заторможенность</li>\n<li>* Склонность к простудным заболеваниям</li>\n</ul>', '<p>Как подготовиться?</p>\n<ul>\n<li>* Взятие крови предпочтительно проводить утром натощак, после 8-14 часов ночного периода голодания (воду пить можно); также исследование допустимо днем, через 4 часа после легкого приема пищи.</li>\n<li>* Накануне исследования необходимо исключить повышенные психоэмоциональные и физические нагрузки (спортивные тренировки), приём алкоголя, за час до исследования &ndash; курение.</li>\n<li>* При контроле динамики показателя рекомендуется сдавать кровь на исследование в одно и то же время суток.</li>\n<li>* Недавние воздействия на щитовидную железу, включая оперативное вмешательство, радиотерапию, лекарственную терапию (в том числе прием тиреоидных гормонов, йодсодержащих препаратов), могут повлиять на результат исследования тиреотропного гормона. Условия и время проведения теста в таких ситуациях определяет лечащий врач.</li>\n</ul>', '[{\"download_link\":\"sales\\\\June2021\\\\NqqNHqfv8rHzIvG9ny9Y.png\",\"original_name\":\"tab-f2.png\"}]', 0, 'Сахарный диабет', 'Сахарный диабет', 'Сахарный диабет', 0, 2, '2021-06-17 10:41:00', '2021-08-27 07:26:22'),
(3, 'month', 'Забота о женщине 40+', 'Каждой женщине важно следить за своим здоровьем, в особенности после 40 лет❗️Мы представляем пакет «Забота о женщине 40+», который вы можете пройти по уникальной цене - 9600 тг.\n', 'zabota-o-zhenshine-40', 'sales/July2021/Z1v9n65kuzolAGZXcAyC.jpg', 9600, '<p>&laquo;Забота о женщине 40+&raquo;</p>\n<p>&ndash; Консультация гинеколога.<br />&ndash; УЗИ малого таза.<br />&ndash; Кольпоскопия.<br />&ndash; Мазок на степень чистоты.<br />&ndash; Онкоцитология (ручной метод).</p>\n<p>Спешите записаться на прием к специалисту по номеру единого контакт центра 8 (727) 331-3-331.</p>', '', '[]', 0, '', '', '', 1, 3, '2021-07-21 07:41:00', '2021-08-27 07:34:27'),
(4, 'month', 'МРТ со скидкой 30% ', 'Думаете, когда пройти МРТ? ', 'mrt-so-skidkoj-30', 'sales/August2021/E5f2DZgj5t5f8QTi3NVo.jpeg', NULL, '<p><strong>Пройдите его ночью и получите скидку на исследование до 30%!</strong><br /><br />МРТ диагностика в Health City в удобное время по приятной цене. Размер скидки зависит от времени записи на процедуру:<br /><br />&mdash; с 14:00 до 18:00 скидка 10%;<br />&mdash; с 18:00 до 00:00 скидка 20%;<br />&mdash; с 10:00 до 7:00 скидка 30%;<br /><br />Для записи на МРТ обратитесь по телефону единого контакт-центра:<span class=\"Apple-converted-space\">&nbsp;</span></p>\n<p>+7 (727) 331-3-331<br />+7 (778) 021-19-77</p>', '', '[]', 0, '', '', '', 1, 1, '2021-08-27 07:25:00', '2021-08-27 07:36:15'),
(5, 'month', 'Комплексная диагностика ЛОР заболеваний', 'Только до конца августа HealthCity предлагает два комплексных обследования ЛОР-врача по специальной цене 5000 и 9000 тысяч', 'kompleksnaya-diagnostika-lor-zabolevanij', 'sales/August2021/6KMEVsxuqW10vXgba9U4.jpeg', 5000, '<p>&laquo;Базовый&raquo; пакет включает:<br />&mdash; консультацию ЛОР-врача;<br />&mdash; эндоскопическое исследование ЛОР-органов.<br /><br />Стоимость пакета: 5 000 тенге.<br /><br />&laquo;Расширенный&raquo; пакет включает:<br />&mdash; консультацию ЛОР-врача;<br />&mdash; общий анализ крови;<br />&mdash; эндоскопическое исследование ЛОР-органов;<br />&mdash; рентген придатков пазух носа;<br />&mdash; риноцитограмму.</p>\n<p>Стоимость пакета: 9000 тенге.</p>', '<p>Принимающий врач:<br />Шакаралиев Адиль Алибалаевич<br />Кандидат медицинских наук<br />Врач оториноларинголог<br />Хирург (детский, взрослый)<br />Стаж работы: 24 года<br /><br />Запись открыта:<br />Каждый день с 14:00<span class=\"s2\" style=\"font-variant-numeric: normal; font-variant-east-asian: normal; font-stretch: normal; font-size: 10px; line-height: normal; font-family: Arial; color: #000000;\">.</span></p>\n<p>Получите подробную информацию и запишитесь на приём по телефону единого контакт центра: +7 727 331 3 331.</p>', '[]', 0, '', '', '', 1, 2, '2021-08-27 07:30:00', '2021-08-27 07:52:27'),
(6, 'month', 'Здоровый сон', 'Хороший 8-часовый сон гарантирован! С заботой о вашей спокойной ночи разработан специальный диагностический пакет «Здоровый сон»', 'zdorovyj-son', 'sales/August2021/jpxFVL8Cq7Jgbo95lGU6.jpeg', 14000, '<p>В Диагностической Клинике HealthCity в уникальное предложение входит:</p>\n<p><strong>Консультация невролога</strong><span class=\"s1\" style=\"font-variant-numeric: normal; font-variant-east-asian: normal; font-stretch: normal; font-size: 10.5px; line-height: normal;\"><strong><br /></strong></span><strong>Ультразвуковая допплерография сосудов головы и шеи</strong><span class=\"s1\" style=\"font-variant-numeric: normal; font-variant-east-asian: normal; font-stretch: normal; font-size: 10.5px; line-height: normal;\"><strong><br /></strong></span><strong>Лабораторные анализы: ИФА на гормоны щитовидной железы ТТГ, Т3, Т4, общий анализ крови (25 параметров), сахар крови, холестерин общий, холестерин высокой плотности, холестерин низкой плотности</strong></p>\n<p>Дополнительные обследования (по назначению врача).<span class=\"s1\" style=\"font-variant-numeric: normal; font-variant-east-asian: normal; font-stretch: normal; font-size: 10.5px; line-height: normal;\"><br /></span>Бессонница в современном мире стала настоящей эпидемией &ndash; многие ведут &laquo;офисный образ жизни&raquo;, страдают от гиподинамии, перенасыщения информацией, стресса и переутомления.</p>\n<p>Записаться на обследование и получить дополнительную информацию Вы можете по телефону единого контакт центра: +7 727 331 3 331.</p>', '', '[]', 0, '', '', '', 1, 4, '2021-08-27 07:37:00', '2021-08-27 07:53:05'),
(7, 'month', 'Здоровая спина', 'В специальное предложение «Здоровая спина» входит', 'zdorovaya-spina', 'sales/August2021/C9FJWOPO34YL6LvkgcO3.jpeg', 12600, '<p>Консультация невролога<strong><br />Рентгенография грудного или поясничного отделов позвоночника<br />УЗИ органов брюшной полости и почек</strong></p>\n<p>Половина взрослого населения Казахстана мучается от боли в спине, но только каждый пятый обращается за помощью к врачу. Отсутствие лечение и профилактики чревато обострением боли и нарушением работы внутренних органов.</p>\n<p>Наши специалисты имеют доступ к самому современному и высокоточному оборудованию и стремятся предложить самые лучшие решения для заботы о вашем здоровье.</p>\n<p>Записаться на обследование и получить дополнительную информацию Вы можете по телефону единого контакт центра: +7 727 331 3 331.</p>', '', '[]', 0, '', '', '', 1, 5, '2021-08-27 07:39:00', '2021-08-27 07:53:18'),
(8, 'month', 'Женское Здоровье', 'В нашей диагностической клинике @healthcitykz вы можете пройти специальный акционный пакет​ «Женское здоровье».', 'zhenskoe-zdorove', 'sales/August2021/z7EOfwz3gYYhSgzv8dch.jpeg', 9600, '<p><strong>Обязательно</strong><span class=\"s1\" style=\"font-variant-numeric: normal; font-variant-east-asian: normal; font-stretch: normal; line-height: normal; font-family: \'Apple Color Emoji\';\">❗</span><strong><br />1 раз в год посещать гинеколога и маммолога;<br />в возрасте от 30 до 40 ежегодно делать УЗИ молочных желез;<br />после 50 лет - 2 раза в год;<br />после 40 лет 1 раз в год проходить маммографию.</strong></p>\n<p>В нашей диагностической клинике&nbsp;<span class=\"s2\" style=\"color: #000000;\">@healthcitykz</span>&nbsp;вы можете пройти специальный акционный пакет​ &laquo;Женское здоровье&raquo;.<br /><br />В который включены:<br /><br />&mdash; консультация маммолога;<br /><br />&mdash; маммография (по желанию можно заменить на УЗИ МЖ);<br /><br />&mdash; лабораторный анализ на&nbsp;онкомаркер&nbsp;молочной железы (СА 15-3).<br /><br /><br />Записаться на диагностику вы можете по телефону единого контакт-центра:<br /><br /><span class=\"s1\" style=\"font-variant-numeric: normal; font-variant-east-asian: normal; font-stretch: normal; line-height: normal; font-family: \'Apple Color Emoji\';\">📞</span>+7 (727) 331-3-331<br />+7 (778) 021-19-77</p>', '', '[]', 0, '', '', '', 1, 7, '2021-08-27 07:44:00', '2021-08-27 07:55:18'),
(9, 'month', 'Здоровое сердце', 'Специально для вас специалисты @healthcitykz разработали диагностический пакет“Здоровое сердце” по супер цене 6000 тг', 'zdorovoe-serdce', 'sales/August2021/tPRQ3JWBD4RAWYSpxuyZ.jpeg', 6000, '<p>&laquo;Базовый&raquo; пакет:<br />&mdash;Консультация кардиолога;<br />&mdash;ЭКГ;<br />&mdash;Лабораторные анализы: холестерин, триглицериды, холестерин высокой и низкой плотности.<br />Стоимость пакета: 6 000 тенге.<br /><br />&laquo;Расширенный&raquo; пакет:<br />&mdash;Консультация кардиолога;<br />&mdash;ЭКГ;<br />&mdash;УЗИ сердца;<br />&mdash;Лабораторные анализы: холестерин общий, триглицериды, холестерин высокой и низкой плотности.<br />Стоимость пакета: 9 900 тенге.<br /><br />Для записи на диагностику обратитесь по телефону единого контакт-центра:<br /><br /><span class=\"s2\" style=\"font-variant-numeric: normal; font-variant-east-asian: normal; font-stretch: normal; line-height: normal; font-family: \'Apple Color Emoji\';\">📞</span>+7 (727) 331-3-331<br />&nbsp; &nbsp;+7 (778) 021-19-77</p>', '', '[]', 0, '', '', '', 1, 8, '2021-08-27 07:45:00', '2021-08-27 07:56:00'),
(10, 'month', 'КТ легких', 'Стоимость КТ органов грудной клетки (средостение и лёгкие)  по Акционной цене -15 600 тенге .', 'kt-legkih', 'sales/August2021/PddaGqiFnO5482Djbdqq.jpeg', 15600, '<p>Одним из самых актуальных вопросов на данный момент является: \"При каких симптомах пневмонии нужно делать КТ органов грудной клетки <span class=\"s1\" style=\"font-variant-numeric: normal; font-variant-east-asian: normal; font-stretch: normal; line-height: normal; font-family: \'Apple Color Emoji\';\">❓</span>\"<br /><br /><span class=\"s1\" style=\"font-variant-numeric: normal; font-variant-east-asian: normal; font-stretch: normal; line-height: normal; font-family: \'Apple Color Emoji\';\">▪️</span> Температура 38 градусов и выше;<br /><span class=\"s1\" style=\"font-variant-numeric: normal; font-variant-east-asian: normal; font-stretch: normal; line-height: normal; font-family: \'Apple Color Emoji\';\">▪️</span>Частота дыхания &gt; 22 в минуту;<br /><span class=\"s1\" style=\"font-variant-numeric: normal; font-variant-east-asian: normal; font-stretch: normal; line-height: normal; font-family: \'Apple Color Emoji\';\">▪️</span> Одышка/кашель/боль в груди;<br /><span class=\"s1\" style=\"font-variant-numeric: normal; font-variant-east-asian: normal; font-stretch: normal; line-height: normal; font-family: \'Apple Color Emoji\';\">▪️</span> Сатурация крови &lt; 95%.<br /><br />Точный диагноз врачам поможет поставить именно КТ, ведь лабораторные анализы, направленные на выявление и определение вирусного возбудителя, иногда дают ложноотрицательный результат.<br /><br />Помимо пневмонии, КТ ОГК показывает туберкулёз, опухоли лёгких и средостения, заболевания (лимфоаденопатию) средостения, а так же другие новообразования.<br /><br />КТ с контрастом позволяет детально оценить тромбоэмболии лёгочной артерии, опухоли лёгких, грудную аорту.<br /><br />Пройти КТ органов грудной клетки вы можете в нашей диагностической клинике&nbsp;<span class=\"s3\" style=\"color: #000000;\">@healthcitykz</span><br /><br />Стоимость КТ органов грудной клетки (средостение и лёгкие) -<br />15 600 тенге (по АКЦИИ).<br /><br /><br /></p>', '<p>Время проведения исследования - 15 минут<br /><br />Для записи на диагностику обратитесь по телефону единого контакт-центра:<br /><br /><span class=\"s1\" style=\"font-variant-numeric: normal; font-variant-east-asian: normal; font-stretch: normal; line-height: normal; font-family: \'Apple Color Emoji\';\">📞</span>+7 (727) 331-3-331<br />&nbsp; &nbsp;+7 (778) 021-19-77</p>', '[]', 0, '', '', '', 1, 9, '2021-08-27 07:47:00', '2021-08-27 07:56:47'),
(11, 'month', 'Педиатрическая служба', 'Врачи центра детского здоровья диагностической клиники Health City помогут вам наблюдать за развитием и состоянием здоровья вашего ребенка!', 'pediatricheskaya-sluzhba', 'sales/August2021/e0xgpu9zI1eg8sz5qQqH.jpeg', 239000, '<p>В нашей диагностической клинике&nbsp;<span class=\"s1\" style=\"color: #000000;\">@healthcitykz</span>&nbsp;были разработаны специальные детские <strong>CHECK UP-пакеты</strong> с учетом особенностей детского организма и наиболее часто встречающихся детских заболеваний.</p>\n<p>&nbsp;</p>\n<p><strong>Вызов врача на дом</strong> подразумевает осуществление следующих процедур:<br />&mdash; осмотр малыша специалистом;<br />&mdash; первичную диагностику заболеваний (измерение показателей);<br />&mdash; назначение лечения и рекомендаций;<br />&mdash; оформление больничного листа.</p>\n<p>&nbsp;</p>\n<p><strong>Патронаж до 1 года!</strong><br />В программу патронажа входят:<br />&mdash; регулярные осмотры и контроль правильного развития ребенка;<br />&mdash; своевременное выявление нарушений развития;<br />&mdash; обучение родителей основам правильного ухода за малышом;<br />&mdash; консультация по вопросам грудного вскармливания;<br />&mdash; и многое другое.<br />Данная услуга предусматривает полное наблюдение здоровья новорожденного с проведением всех необходимых лабораторных анализов и консультаций специалистов.</p>', '<p>Мы предлагаем две программы детского патронажа детей до года.<span class=\"Apple-converted-space\">&nbsp;</span></p>\n<p>&mdash; патронажный пакет Gold &mdash; 239 000 тенге;<br />&mdash; патронажный пакет Platinum &mdash; 282 000 тенге.</p>\n<p><br />Узнать больше о программе вы можете, позвонив по номеру единого контакт центра +7 (727) 331-3-331.</p>', '[]', 0, '', '', '', 1, 10, '2021-08-27 07:49:00', '2021-08-27 07:57:18');

-- --------------------------------------------------------

--
-- Структура таблицы `services`
--

CREATE TABLE `services` (
  `id` bigint(20) UNSIGNED NOT NULL,
  `type_id` bigint(20) NOT NULL,
  `title` varchar(191) COLLATE utf8mb4_unicode_ci NOT NULL,
  `price` varchar(191) COLLATE utf8mb4_unicode_ci NOT NULL DEFAULT '0',
  `content` longtext COLLATE utf8mb4_unicode_ci,
  `status` tinyint(1) NOT NULL DEFAULT '1',
  `sort_id` int(11) NOT NULL DEFAULT '1',
  `created_at` timestamp NULL DEFAULT NULL,
  `updated_at` timestamp NULL DEFAULT NULL,
  `featured` tinyint(1) NOT NULL DEFAULT '0',
  `is_top` tinyint(4) NOT NULL DEFAULT '0'
) ENGINE=InnoDB DEFAULT CHARSET=utf8mb4 COLLATE=utf8mb4_unicode_ci;

--
-- Дамп данных таблицы `services`
--

INSERT INTO `services` (`id`, `type_id`, `title`, `price`, `content`, `status`, `sort_id`, `created_at`, `updated_at`, `featured`, `is_top`) VALUES
(14, 1, 'Ultrasound Externalia / УЗИ Наружные половые органы (ULTRASOUND / УЗИ)', '6600', '', 1, 1, '2021-07-09 05:06:00', '2021-08-31 09:47:18', 0, 1),
(15, 0, 'Дуплексное сканирование (вены/артерии) нижних конечностей (1 нога)', '7500', '', 1, 2, '2021-07-09 05:06:29', '2021-07-09 05:06:29', 0, 0),
(16, 0, 'Дуплексное сканирование (вены/артерии) нижних конечностей (2 ноги)', '14000', '', 1, 3, '2021-07-09 05:06:46', '2021-07-09 05:06:46', 0, 0),
(17, 0, 'Дуплексное сканирование сосудов брюшной полости	 ', '15800', '', 1, 4, '2021-07-09 05:09:45', '2021-07-09 05:09:45', 0, 0),
(18, 0, 'Дуплексное сканирование сосудов верхних конечностей (вены/артерии) (1 руки)', '6600', '', 1, 5, '2021-07-09 05:10:39', '2021-07-09 05:10:39', 0, 0),
(19, 0, 'Дуплексное сканирование сосудов верхних конечностей (вены/артерии) (2 руки)', '12000', '', 1, 6, '2021-07-09 05:13:05', '2021-07-09 05:13:05', 0, 0),
(20, 0, 'Дуплексное сканирование сосудов печени и селезенки', '8800', '', 1, 7, '2021-07-09 05:13:27', '2021-07-09 05:13:27', 0, 0),
(21, 0, 'Дуплексное сканирование сосудов почек ', '9000', '', 1, 8, '2021-07-09 05:13:46', '2021-07-09 05:13:46', 0, 0),
(22, 0, 'Дуплексное сканирование экстракраниальных отделов брахиоцефальных сосудов (сосуды шеи и головы)', '14700', '', 1, 9, '2021-07-09 05:14:20', '2021-07-09 05:14:20', 0, 0),
(23, 0, 'Дуплексное сканирование экстракраниальных отделов брахиоцефальных сосудов (сосуды шеи и головы) детское', '11600', '', 1, 10, '2021-07-09 05:14:39', '2021-07-09 05:14:39', 0, 0),
(24, 0, 'Дуплексное сканирование экстракраниальных отделов брахиоцефальных сосудов (сосуды шеи)', '8700', '', 1, 11, '2021-07-09 05:14:58', '2021-07-09 05:14:58', 0, 0),
(25, 0, 'Дуплексное сканирование экстракраниальных отделов брахиоцефальных сосудов (сосуды шеи) детское	 ', '7000', '', 1, 12, '2021-07-09 05:15:20', '2021-07-09 05:15:20', 0, 0),
(26, 0, 'Лазерная интерстициальная термотерапия (ЛИТТ), только УЗИ 	 ', '5100', '', 1, 13, '2021-07-09 05:15:39', '2021-07-09 05:15:39', 0, 0),
(27, 0, 'Нейросонография	 ', '7000', '', 1, 14, '2021-07-09 05:15:59', '2021-07-09 05:15:59', 0, 0),
(28, 1, 'Повторное УЗИ Органов малого таза ОМТ	 ', '3700', '', 1, 15, '2021-07-09 05:16:13', '2021-07-09 05:16:13', 0, 0),
(29, 0, 'Тонкоигольная аспирационная биопсия (ТАБ) узла щитовидной железы, только УЗИ	 ', '4400', '', 1, 16, '2021-07-09 05:16:29', '2021-07-09 05:16:29', 0, 0),
(30, 0, 'Транскраниальное дуплексное сканирование 	 ', '9700', '', 1, 17, '2021-07-09 05:16:45', '2021-07-09 05:16:45', 0, 0),
(31, 1, 'УЗИ  Плевральная полость  	 ', '5100', '', 1, 18, '2021-07-09 05:17:03', '2021-07-09 05:17:03', 1, 0),
(32, 1, 'УЗИ Беременность (1 скрининг) 	 ', '8500', '', 1, 19, '2021-07-09 05:17:20', '2021-07-09 05:17:20', 1, 0),
(33, 1, 'УЗИ Вилочковой железы 	 ', '5300', '', 1, 20, '2021-07-09 05:17:34', '2021-07-09 05:17:34', 1, 0),
(34, 1, 'УЗИ Желудка ( детское) 	 ', '3900', '', 1, 21, '2021-07-09 05:17:52', '2021-07-09 05:17:52', 1, 0),
(35, 1, 'УЗИ желчного пузыря ( дет.)	', '2500', '', 1, 22, '2021-07-09 05:21:52', '2021-07-09 05:21:52', 1, 0),
(36, 1, 'УЗИ желчного пузыря с желчегонным завтраком	 ', '4400', '', 1, 23, '2021-07-09 05:22:29', '2021-07-09 05:22:29', 1, 0),
(37, 1, 'УЗИ лимфоузлов (1 анатом. обл.)', '3700', '', 1, 24, '2021-07-09 05:22:45', '2021-07-09 05:22:45', 1, 0),
(38, 1, 'УЗИ лонного сочленения', '4400', '', 1, 25, '2021-07-09 05:23:02', '2021-07-09 05:23:02', 1, 0),
(39, 1, 'УЗИ Молочные железы', '6000', '', 1, 26, '2021-07-09 05:23:19', '2021-07-09 05:23:19', 1, 0),
(40, 1, 'УЗИ мочевого пузыря', '3700', '', 1, 27, '2021-07-09 05:23:34', '2021-07-09 05:23:34', 0, 0),
(41, 1, 'УЗИ мягких тканей', '3700', '', 1, 28, '2021-07-09 05:23:53', '2021-07-09 05:23:53', 0, 0),
(42, 1, 'УЗИ Органов мошонки	', '5500', '', 1, 29, '2021-07-09 05:24:07', '2021-07-09 05:24:07', 0, 0),
(43, 1, 'УЗИ Органы брюшной полости 	', '7500', '', 1, 30, '2021-07-09 05:24:23', '2021-07-09 05:24:23', 0, 0),
(44, 1, 'УЗИ Органы брюшной полости и почки 	', '7200', '', 1, 31, '2021-07-09 05:24:37', '2021-07-09 05:24:37', 0, 0),
(45, 1, 'УЗИ Органы малого таза  ОМТ (трансвагинально, трансректально)  	', '6500', '', 1, 32, '2021-07-09 05:24:50', '2021-07-09 05:24:50', 0, 0),
(46, 1, 'УЗИ Органы малого таза ОМТ (муж.) 	', '8800', '', 1, 33, '2021-07-09 05:25:01', '2021-07-09 05:25:01', 0, 0),
(47, 1, 'УЗИ Органы малого таза ОМТ (трансабдоминально жен)    	', '6500', '', 1, 34, '2021-07-09 05:25:13', '2021-07-09 05:25:13', 0, 0),
(48, 1, 'УЗИ Органы малого таза ОМТ (трансабдоминально)    ', '6600', '', 1, 35, '2021-07-09 05:25:22', '2021-07-09 05:25:22', 0, 0),
(49, 1, 'УЗИ Печени ', '5000', '', 1, 36, '2021-07-09 05:25:36', '2021-07-09 05:25:36', 0, 0),
(50, 1, 'УЗИ Печени и желчного пузыря	', '5800', '', 1, 37, '2021-07-09 05:25:00', '2021-07-09 05:25:59', 0, 0),
(51, 1, 'УЗИ Почек и мочевого пузыря	 ', '6600', '', 1, 38, '2021-07-09 05:26:10', '2021-07-09 05:26:10', 0, 0),
(52, 1, 'УЗИ Почки и (надпочечники)	 ', '4900', '', 1, 39, '2021-07-09 05:26:26', '2021-07-09 05:26:26', 0, 0),
(53, 1, 'УЗИ предстательной железы (трансректально)	 ', '6600', '', 1, 40, '2021-07-09 05:26:43', '2021-07-09 05:26:43', 0, 0),
(54, 1, 'УЗИ предстательной железы и мочевого пузыря (с измерением остаточного объема) (трансабдоминально)	', '6000', '', 1, 41, '2021-07-09 05:26:54', '2021-07-09 05:26:54', 0, 0),
(55, 1, 'УЗИ селезенки	 ', '3700', '', 1, 42, '2021-07-09 05:27:09', '2021-07-09 05:27:09', 0, 0),
(56, 1, 'УЗИ Суставы (1 анатомической области)	', '5500', '', 1, 43, '2021-07-09 05:27:21', '2021-07-09 05:27:21', 0, 0),
(57, 1, 'УЗИ шейного отдела позвоночника (детям до года)	 ', '6600', '', 1, 44, '2021-07-09 05:27:34', '2021-07-09 05:27:34', 0, 0),
(58, 1, 'УЗИ Щитовидная железа 	 ', '5000', '', 1, 45, '2021-07-09 05:27:46', '2021-07-09 05:27:46', 0, 0),
(59, 0, 'Фолликулометрия пакет ( 5 раз в течении 1 цикла)	   ', '12600', '', 1, 46, '2021-07-09 05:27:59', '2021-07-09 05:27:59', 0, 0),
(60, 0, 'Чрезкожная этаноловая склеротерапия (ЧЭС), только УЗИ	', '2900', '', 1, 47, '2021-07-09 05:28:12', '2021-07-09 05:28:12', 0, 0),
(61, 0, 'Эхокардиография (детский/взрослый)	', '9000', '', 1, 48, '2021-07-09 05:28:25', '2021-07-09 05:28:25', 0, 0),
(62, 2, 'Массаж верхних конечностей	', '2200', '', 1, 49, '2021-07-09 05:31:02', '2021-07-09 05:31:02', 1, 0),
(63, 2, 'Массаж головы	', '1100', '', 1, 50, '2021-07-09 05:31:12', '2021-07-09 05:31:12', 1, 0),
(64, 2, 'Массаж грудного отдела позвоночника	', '3300', '', 1, 51, '2021-07-09 05:31:22', '2021-07-09 05:31:22', 1, 0),
(65, 2, 'Массаж детский (от 1 до 3 лет)	', '5500', '', 1, 52, '2021-07-09 05:31:36', '2021-07-09 05:31:36', 1, 0),
(66, 2, 'Массаж детский (от 10 до 13 лет)	', '5500', '', 1, 53, '2021-07-09 05:31:53', '2021-07-09 05:31:53', 1, 0),
(67, 2, 'Массаж детский (от 13 до 16 лет)	', '5500', '', 1, 54, '2021-07-09 05:32:09', '2021-07-09 05:32:09', 1, 0),
(68, 2, 'Массаж детский (от 4 до 7 лет)	', '5500', '', 1, 55, '2021-07-09 05:32:20', '2021-07-09 05:32:20', 1, 0),
(69, 2, 'Массаж детский (от 40 дней до 1 года)	', '4400', '', 1, 56, '2021-07-09 05:32:33', '2021-07-09 05:32:33', 1, 0),
(70, 2, 'Массаж детский (от 8 до 10 лет)	', '5500', '', 1, 57, '2021-07-09 05:32:46', '2021-07-09 05:32:46', 1, 0),
(71, 2, 'Массаж нижних конечностей	', '2200', '', 1, 58, '2021-07-09 05:33:01', '2021-07-09 05:33:01', 0, 0),
(72, 2, 'Массаж поясницы	', '3300', '', 1, 59, '2021-07-09 05:33:13', '2021-07-09 05:33:13', 0, 0),
(73, 2, 'Массаж спины	', '5000', '', 1, 60, '2021-07-09 05:33:23', '2021-07-09 05:33:23', 0, 0),
(74, 2, 'Массаж шейно-воротниковой зоны	', '3300', '', 1, 61, '2021-07-09 05:33:34', '2021-07-09 05:33:34', 0, 0),
(75, 2, 'Массаж шейно-воротниковой зоны + подарок массаж головы	', '3300', '', 1, 62, '2021-07-09 05:33:47', '2021-07-09 05:33:47', 0, 0),
(76, 2, 'Общий массаж (массаж всего тела)	', '8800', '', 1, 63, '2021-07-09 05:33:57', '2021-07-09 05:33:57', 0, 0),
(77, 2, 'Массаж живота	', '5000', '', 1, 64, '2021-07-09 05:34:10', '2021-07-09 05:34:10', 0, 0),
(78, 0, 'Вызов врача на дом (узкого специалиста по запросу)	', '19000', '', 1, 65, '2021-07-09 05:36:00', '2021-07-09 05:36:00', 0, 0),
(79, 0, 'Аренда машины с водителем/час	', '10000', '', 1, 66, '2021-07-09 05:36:11', '2021-07-09 05:36:11', 0, 0),
(80, 0, 'Время простоя бригады свыше 1.5 часов (каждые последующие 5 минут)	', '600', '', 1, 67, '2021-07-09 05:36:32', '2021-07-09 05:36:32', 0, 0),
(81, 0, 'Выезд к пациенту для забора крови на исследования	', '5000', '', 1, 68, '2021-07-09 05:36:46', '2021-07-09 05:36:46', 0, 0),
(82, 0, 'Вызов бригады СМП	', '19000', '', 1, 69, '2021-07-09 05:36:00', '2021-07-09 05:37:07', 0, 0),
(83, 0, 'Вызов мед.сестры на машине скорой помощи	', '10000', '', 1, 70, '2021-07-09 05:37:22', '2021-07-09 05:37:22', 0, 0),
(84, 0, 'Дежурство медицинской бригады на общественных мероприятиях I степени, услуга за 1 час	', '10000', '', 1, 71, '2021-07-09 05:37:37', '2021-07-09 05:37:37', 0, 0),
(85, 0, 'Дежурство медицинской бригады на общественных мероприятиях II степени, услуга за 1 час	', '12000', '', 1, 72, '2021-07-09 05:37:54', '2021-07-09 05:37:54', 0, 0),
(86, 0, 'Дежурство медицинской бригады на общественных мероприятиях III степени, услуга за 1 час	', '14000', '', 1, 73, '2021-07-09 05:38:10', '2021-07-09 05:38:10', 0, 0),
(87, 0, 'Консультация врача продолжительностью более одного часа  (каждые последующие 5 минут)', '600', '', 1, 74, '2021-07-09 05:38:23', '2021-07-09 05:38:23', 0, 0),
(88, 0, 'Медицинская транспортировка в сопровождении медсестры (час)	', '10000', '', 1, 75, '2021-07-09 05:38:36', '2021-07-09 05:38:36', 0, 0),
(89, 0, 'Междугородняя перевозка пациентов (до 50км)	', '30000', '', 1, 76, '2021-07-09 05:38:55', '2021-07-09 05:38:55', 0, 0),
(90, 0, 'Междугородняя перевозка пациентов (от 101км до 150км)	', '90000', '', 1, 77, '2021-07-09 05:39:09', '2021-07-09 05:39:09', 0, 0),
(91, 0, 'Междугородняя перевозка пациентов (от 151км до 200км)	 ', '120000', '', 1, 78, '2021-07-09 05:39:18', '2021-07-09 05:39:18', 0, 0),
(92, 0, 'Междугородняя перевозка пациентов (от 201км до 250км)	', '190000', '', 1, 79, '2021-07-09 05:39:38', '2021-07-09 05:39:38', 0, 0),
(93, 0, 'Междугородняя перевозка пациентов (от 51км до 100км)	', '60000', '', 1, 80, '2021-07-09 05:40:04', '2021-07-09 05:40:04', 0, 0),
(94, 0, 'Перевозка из/в ГБСУ (массой тела больше 100 кг, цена за последующие 10 кг)	', '2000', '', 1, 81, '2021-07-09 05:40:20', '2021-07-09 05:40:20', 0, 0),
(95, 0, 'Перевозка из/в ГБСУ (массой тела не больше 100 кг, в пределах города)  	', '8000', '', 1, 82, '2021-07-09 05:40:34', '2021-07-09 05:40:34', 0, 0),
(96, 0, 'После 1 часа вызова ассистента врача (каждые 30 минут)	', '1500', '', 1, 83, '2021-07-09 05:40:49', '2021-07-09 05:40:49', 0, 0),
(97, 0, 'После 1 часа вызова врача (каждые 30 минут)	', '2500', '', 1, 84, '2021-07-09 05:41:01', '2021-07-09 05:41:01', 0, 0),
(98, 0, 'Реанимационные мероприятия	', '75000', '', 1, 85, '2021-07-09 05:41:11', '2021-07-09 05:41:11', 0, 0),
(99, 0, 'Сестринский уход (на дому)	', '4000', '', 1, 86, '2021-07-09 05:41:23', '2021-07-09 05:41:23', 0, 0),
(100, 0, 'Снятие алкогольной интоксикации с выездом (ночное и дневное время)	', '20000', '', 1, 87, '2021-07-09 05:41:36', '2021-07-09 05:41:36', 0, 0),
(101, 0, 'Снятие ЭКГ на дому без расшифровки (выезд медсестры)', '10000', '', 1, 88, '2021-07-09 05:41:47', '2021-07-09 05:41:47', 0, 0),
(102, 0, 'Снятие ЭКГ на дому с расшифровкой выезд бригады СМП', '19000', '', 1, 89, '2021-07-09 05:41:59', '2021-07-09 05:41:59', 0, 0),
(103, 0, 'Транспортировка (в оба конца)	', '23000', '', 1, 90, '2021-07-09 05:42:18', '2021-07-09 05:42:18', 0, 0),
(104, 0, 'Транспортировка (в один конец)	', '15000', '', 1, 91, '2021-07-09 05:42:48', '2021-07-09 05:42:48', 0, 0),
(105, 0, 'Услуги  медсестры продолжительностью более одного часа  (каждые последующие 5 минут)', '500', '', 1, 92, '2021-07-09 05:43:05', '2021-07-09 05:43:05', 0, 0),
(106, 0, 'Ингаляция лекарственных средств небулайзером	', '1500', '', 1, 93, '2021-07-09 05:43:14', '2021-07-09 05:43:14', 0, 0),
(107, 3, 'Инъекция в/в в HC 24 (в т.ч. ночью)	', '880', '', 1, 94, '2021-07-09 05:43:00', '2021-08-16 12:07:07', 1, 0),
(108, 3, 'Инъекция в/м в HC 24 (в т.ч. ночью)	', '550', '', 1, 95, '2021-07-09 05:43:00', '2021-08-16 12:06:53', 1, 0),
(109, 0, 'Забор биоматериала	', '3000', '', 1, 96, '2021-07-09 05:43:49', '2021-07-09 05:43:49', 0, 0),
(110, 0, 'Обзорная рентгенография брюшной полости	', '5200', '', 1, 97, '2021-07-09 05:47:27', '2021-07-09 05:47:27', 0, 0),
(111, 4, 'Рентген легких по флейшнеру	', '4100', '', 1, 98, '2021-07-09 05:47:42', '2021-07-09 05:47:42', 1, 0),
(112, 4, 'Рентгенография 1 пальца кисти или стопы	', '3800', '', 1, 99, '2021-07-09 05:47:56', '2021-07-09 05:47:56', 1, 0),
(113, 4, 'Рентгенография атланта (1й-2й шейный позвонок)	', '7300', '', 1, 100, '2021-07-09 05:48:13', '2021-07-09 05:48:13', 1, 0),
(114, 4, 'Рентгенография височных костей по Шуллеру	 ', '7300', '', 1, 101, '2021-07-09 05:48:27', '2021-07-09 05:48:27', 1, 0),
(115, 4, 'Рентгенография грудины в 2-х проекциях	 ', '3700', '', 1, 102, '2021-07-09 05:48:42', '2021-07-09 05:48:42', 1, 0),
(116, 4, 'Рентгенография грудного отдела позвоночника в 2-х проекциях ', '6100', '', 1, 103, '2021-07-09 05:48:57', '2021-07-09 05:48:57', 1, 0),
(117, 4, 'Рентгенография кисти или стопы в 2-х пр.	 ', '4500', '', 1, 104, '2021-07-09 05:49:10', '2021-07-09 05:49:10', 1, 0),
(118, 4, 'Рентгенография ключицы ', '3700', '', 1, 105, '2021-07-09 05:49:23', '2021-07-09 05:49:23', 1, 0),
(119, 4, 'Рентгенография костей носа	', '3700', '', 1, 106, '2021-07-09 05:49:35', '2021-07-09 05:49:35', 1, 0),
(120, 4, 'Рентгенография костей таза 	 ', '6800', '', 1, 107, '2021-07-09 05:49:50', '2021-07-09 05:49:50', 0, 0),
(121, 4, 'Рентгенография крестца, копчика в 2-х пр.	', '6400', '', 1, 108, '2021-07-09 05:50:01', '2021-07-09 05:50:01', 0, 0),
(122, 4, 'Рентгенография лонного сочленения', '4300', '', 1, 109, '2021-07-09 05:50:17', '2021-07-09 05:50:17', 0, 0),
(123, 4, 'Рентгенография лопатки 	', '5700', '', 1, 110, '2021-07-09 05:50:25', '2021-07-09 05:50:25', 0, 0),
(124, 4, 'Рентгенография обеих стоп с нагрузкой (плоскостопие) ', '7100', '', 1, 111, '2021-07-09 05:50:00', '2021-07-09 05:50:42', 0, 0),
(125, 4, 'Рентгенография обеих стоп с нагрузкой (плоскостопие) 2 снимка 	 ', '8100', '', 1, 112, '2021-07-09 05:51:04', '2021-07-09 05:51:04', 0, 0),
(126, 4, 'Рентгенография одного плечевого, локтевого, лучезапястного, коленного или голеностопного сустава в 2-х проекциях 	', '5700', '', 1, 113, '2021-07-09 05:51:32', '2021-07-09 05:51:32', 0, 0),
(127, 4, 'Рентгенография органов грудной клетки в положении на боку (латерограмма)	', '6800', '', 1, 114, '2021-07-09 05:51:42', '2021-07-09 05:51:42', 0, 0),
(128, 4, 'Рентгенография органов грудной клетки в прямой задней проекции (1 снимок)', '5000', '', 1, 115, '2021-07-09 05:51:53', '2021-07-09 05:51:53', 0, 0),
(129, 4, 'Рентгенография органов грудной клетки в прямой и боковой проекции (2 снимка)', '6000', '', 1, 116, '2021-07-09 05:52:00', '2021-08-31 09:47:44', 0, 1),
(130, 4, 'Рентгенография органов грудной клетки в прямой и боковых проекциях (3 снимка)	 ', '7100', '', 1, 117, '2021-07-09 05:52:25', '2021-07-09 05:52:25', 0, 0),
(131, 4, 'Рентгенография органов грудной клетки в прямой передней проекции (1 снимок)', '5000', '', 1, 118, '2021-07-09 05:52:40', '2021-07-09 05:52:40', 0, 0),
(132, 4, 'Рентгенография плеча, предплечья, бедра или голени в 2-х проекциях 	 ', '5400', '', 1, 119, '2021-07-09 05:52:00', '2021-07-09 05:53:02', 0, 0),
(133, 4, 'Рентгенография поясничного отдела позвоночника в 2-х проекциях', '6400', '', 1, 120, '2021-07-09 05:53:16', '2021-07-09 05:53:16', 0, 0),
(134, 4, 'Рентгенография плеча, предплечья, бедра или голени в 2-х проекциях 	', '5400', '', 1, 119, '2021-07-09 05:54:05', '2021-07-09 05:54:05', 0, 0),
(135, 4, 'Рентгенография поясничного отдела позвоночника с функциональными пробами	', '7200', '', 1, 121, '2021-07-09 05:54:18', '2021-07-09 05:54:18', 0, 0),
(136, 4, 'Рентгенография придаточных пазух носа	', '4000', '', 1, 122, '2021-07-09 05:54:31', '2021-07-09 05:54:31', 0, 0),
(137, 4, 'Рентгенография пяточной кости в 2-х пр.	', '4100', '', 1, 123, '2021-07-09 05:54:50', '2021-07-09 05:54:50', 0, 0),
(138, 4, 'Рентгенография ребер 	', '4300', '', 1, 124, '2021-07-09 05:55:02', '2021-07-09 05:55:02', 0, 0),
(139, 4, 'Рентгенография тазобедренного сустава в 2-х проекциях	', '6000', '', 1, 125, '2021-07-09 05:55:13', '2021-07-09 05:55:13', 0, 0),
(140, 4, 'Рентгенография турецкого седла	', '4100', '', 1, 126, '2021-07-09 05:55:00', '2021-07-09 05:55:34', 0, 0),
(141, 4, 'Рентгенография черепа в 2-х проекциях	', '5800', '', 1, 127, '2021-07-09 05:55:50', '2021-07-09 05:55:50', 0, 0),
(142, 4, 'Рентгенография шейного отдела позвоночника в 2-х проекциях	', '6400', '', 1, 128, '2021-07-09 05:56:05', '2021-07-09 05:56:05', 0, 0),
(143, 4, 'Рентгенография шейного отдела позвоночника с функциональными пробами	', '8400', '', 1, 129, '2021-07-09 05:56:16', '2021-07-09 05:56:16', 0, 0),
(144, 0, 'Денситометрия кости	 ', '11000', '', 1, 130, '2021-07-09 05:56:38', '2021-07-09 05:56:38', 0, 0),
(145, 0, 'Маммографическое исследование одной молочной железы	', '5500', '', 1, 131, '2021-07-09 05:56:53', '2021-07-09 05:56:53', 0, 0),
(146, 0, 'Маммография	 ', '11000', '', 1, 132, '2021-07-09 05:57:00', '2021-07-09 05:57:11', 0, 0),
(147, 6, 'КТ ангиография коронарных сосудов сердца ', '70000', '', 1, 133, '2021-07-09 05:57:30', '2021-07-09 05:57:30', 1, 0),
(148, 6, 'КТ ангиография периферических сосудов 	 ', '55000', '', 1, 134, '2021-07-09 05:57:44', '2021-07-09 05:57:44', 1, 0),
(149, 6, 'КТ ангиография периферических сосудов + волюметрии печени	 ', '57000', '', 1, 135, '2021-07-09 05:57:56', '2021-07-09 05:57:56', 1, 0),
(150, 6, 'КТ волюметрии печени (описание по диску)	', '13100', '', 1, 136, '2021-07-09 05:58:10', '2021-07-09 05:58:10', 1, 0),
(151, 6, 'КТ Головной мозг 	 ', '15000', '', 1, 137, '2021-07-09 05:58:24', '2021-07-09 05:58:24', 1, 0),
(152, 6, 'КТ грудного отдела позвоночника 	 ', '15200', '', 1, 138, '2021-07-09 05:58:35', '2021-07-09 05:58:35', 1, 0),
(153, 6, 'КТ Контрастный препарат 100 мл	', '17500', '', 1, 139, '2021-07-09 05:58:00', '2021-07-09 05:58:53', 1, 0),
(154, 6, 'КТ Контрастный препарат 50 мл	', '10500', '', 1, 140, '2021-07-09 05:59:06', '2021-07-09 05:59:06', 1, 0),
(155, 6, 'КТ Костно-суставная система  	', '15200', '', 1, 141, '2021-07-09 05:59:17', '2021-07-09 05:59:17', 1, 0),
(156, 6, 'КТ костно-суставной системы одна анатомическая область	', '15200', '', 1, 142, '2021-07-09 05:59:26', '2021-07-09 05:59:26', 0, 0),
(157, 6, 'КТ мягких тканей 	', '15200', '', 1, 143, '2021-07-09 05:59:35', '2021-07-09 05:59:35', 0, 0),
(158, 6, 'КТ мягких тканей одна анатомическая область', '15200', '', 1, 144, '2021-07-09 05:59:46', '2021-07-09 05:59:46', 0, 0),
(159, 6, 'КТ орбит глаз (оба глаза)	 ', '15200', '', 1, 145, '2021-07-09 05:59:55', '2021-07-09 05:59:55', 0, 0),
(160, 6, 'КТ органов брюшной полости и почек	', '16900', '', 1, 146, '2021-07-09 06:00:05', '2021-07-09 06:00:05', 0, 0),
(161, 6, 'КТ органов грудной клетки ', '20000', '', 1, 147, '2021-07-09 06:00:00', '2021-07-09 06:00:26', 0, 0),
(162, 6, 'КТ органов малого таза 	', '15200', '', 1, 148, '2021-07-09 06:00:36', '2021-07-09 06:00:36', 0, 0),
(163, 6, 'КТ поиск конкрементов мочевыводящих путей	', '19100', '', 1, 149, '2021-07-09 06:00:46', '2021-07-09 06:00:46', 0, 0),
(164, 6, 'КТ пояснично-крестцового отдела позвоночника  ', '15200', '', 1, 150, '2021-07-09 06:00:57', '2021-07-09 06:00:57', 0, 0),
(165, 6, 'КТ придаточных пазух носа 	', '12000', '', 1, 151, '2021-07-09 06:01:16', '2021-07-09 06:01:16', 0, 0),
(166, 8, 'КТ сосцевидных отростков	', '15200', '', 1, 152, '2021-07-09 06:01:00', '2021-08-31 09:47:41', 1, 1),
(167, 8, 'КТ шейного отдела позвоночника  ', '15200', '', 1, 153, '2021-07-09 06:01:00', '2021-08-16 12:04:22', 0, 0);

-- --------------------------------------------------------

--
-- Структура таблицы `service_types`
--

CREATE TABLE `service_types` (
  `id` bigint(20) UNSIGNED NOT NULL,
  `title` varchar(191) COLLATE utf8mb4_unicode_ci NOT NULL,
  `slug` varchar(191) COLLATE utf8mb4_unicode_ci NOT NULL,
  `seo_title` varchar(191) COLLATE utf8mb4_unicode_ci DEFAULT NULL,
  `meta_keywords` text COLLATE utf8mb4_unicode_ci,
  `meta_description` text COLLATE utf8mb4_unicode_ci,
  `status` tinyint(1) NOT NULL DEFAULT '1',
  `sort_id` int(11) NOT NULL DEFAULT '1',
  `created_at` timestamp NULL DEFAULT NULL,
  `updated_at` timestamp NULL DEFAULT NULL
) ENGINE=InnoDB DEFAULT CHARSET=utf8mb4 COLLATE=utf8mb4_unicode_ci;

--
-- Дамп данных таблицы `service_types`
--

INSERT INTO `service_types` (`id`, `title`, `slug`, `seo_title`, `meta_keywords`, `meta_description`, `status`, `sort_id`, `created_at`, `updated_at`) VALUES
(1, 'УЗИ', 'uzi', 'УЗИ', 'УЗИ', 'УЗИ', 1, 1, '2021-07-12 12:31:16', '2021-07-12 12:31:16'),
(2, 'Массаж', 'massazh', 'Массаж', 'Массаж', 'Массаж', 1, 2, '2021-07-12 12:31:40', '2021-07-12 12:31:40'),
(3, 'HC24', 'hc24', 'HC24', 'HC24', 'HC24', 1, 3, '2021-07-12 12:31:57', '2021-07-12 12:31:57'),
(4, 'Рентген', 'rentgen', 'Рентген', 'Рентген', 'Рентген', 1, 4, '2021-07-12 12:32:13', '2021-07-12 12:32:13'),
(5, 'Денситометрия', 'densitometriya', 'Денситометрия', 'Денситометрия', 'Денситометрия', 1, 5, '2021-07-12 12:32:31', '2021-07-12 12:32:31'),
(7, 'Маммография', 'mammografiya', '', '', '', 1, 6, '2021-07-14 08:54:55', '2021-07-14 08:54:55'),
(8, 'КТ', 'kt', '', '', '', 1, 7, '2021-07-14 08:55:15', '2021-07-14 08:55:15');

-- --------------------------------------------------------

--
-- Структура таблицы `settings`
--

CREATE TABLE `settings` (
  `id` int(10) UNSIGNED NOT NULL,
  `key` varchar(191) COLLATE utf8mb4_unicode_ci NOT NULL,
  `display_name` varchar(191) COLLATE utf8mb4_unicode_ci NOT NULL,
  `value` text COLLATE utf8mb4_unicode_ci,
  `details` text COLLATE utf8mb4_unicode_ci,
  `type` varchar(191) COLLATE utf8mb4_unicode_ci NOT NULL,
  `order` int(11) NOT NULL DEFAULT '1',
  `group` varchar(191) COLLATE utf8mb4_unicode_ci DEFAULT NULL
) ENGINE=InnoDB DEFAULT CHARSET=utf8mb4 COLLATE=utf8mb4_unicode_ci;

--
-- Дамп данных таблицы `settings`
--

INSERT INTO `settings` (`id`, `key`, `display_name`, `value`, `details`, `type`, `order`, `group`) VALUES
(1, 'site.title', 'Site Title', 'Health City', '', 'text', 1, 'Site'),
(2, 'site.description', 'Site Description', 'Site Description', '', 'text', 2, 'Site'),
(3, 'site.logo', 'Site Logo', 'settings\\May2021\\5pG3n9Ylpxkf0RzWSkmm.png', '', 'image', 3, 'Site'),
(5, 'admin.bg_image', 'Admin Background Image', '', '', 'image', 5, 'Admin'),
(6, 'admin.title', 'Admin Title', 'Voyager', '', 'text', 1, 'Admin'),
(7, 'admin.description', 'Admin Description', 'Welcome to Voyager. The Missing Admin for Laravel', '', 'text', 2, 'Admin'),
(8, 'admin.loader', 'Admin Loader', '', '', 'image', 3, 'Admin'),
(9, 'admin.icon_image', 'Admin Icon Image', '', '', 'image', 4, 'Admin'),
(10, 'admin.google_analytics_client_id', 'Google Analytics Client ID (used for admin dashboard)', NULL, '', 'text', 1, 'Admin'),
(11, 'site.footer_logo', 'Footer Logo', 'settings\\May2021\\fuBmYaX9VlIY4QovjisN.png', NULL, 'image', 4, 'Site'),
(12, 'site.copyrights', 'Copyright text', 'Copyright © 2021 Health City', NULL, 'text', 9, 'Site'),
(13, 'site.qr', 'QR Code', 'settings\\June2021\\aJsp4PTx4Quze5T2vLRw.png', NULL, 'image', 7, 'Site'),
(14, 'site.qr_link', 'QR Code Ссылка', NULL, NULL, 'text', 8, 'Site'),
(15, 'site.phone_call', 'Телефон для звонков с мобильной стандарт', 'tel:+77273313331', NULL, 'text', 10, 'Site'),
(16, 'site.phone_korp', 'Телефон для звонков с мобильной Корп.раздел', 'tel:+77273313331', NULL, 'text', 11, 'Site');

-- --------------------------------------------------------

--
-- Структура таблицы `sliders`
--

CREATE TABLE `sliders` (
  `id` bigint(20) UNSIGNED NOT NULL,
  `type` enum('home','about') COLLATE utf8mb4_unicode_ci NOT NULL DEFAULT 'home',
  `title` varchar(191) COLLATE utf8mb4_unicode_ci NOT NULL,
  `subtitle` varchar(191) COLLATE utf8mb4_unicode_ci DEFAULT NULL,
  `image` varchar(191) COLLATE utf8mb4_unicode_ci NOT NULL,
  `text` text COLLATE utf8mb4_unicode_ci,
  `btn_link` varchar(191) COLLATE utf8mb4_unicode_ci DEFAULT NULL,
  `btn_text` varchar(191) COLLATE utf8mb4_unicode_ci DEFAULT NULL,
  `status` tinyint(1) NOT NULL DEFAULT '0',
  `sort_id` int(11) NOT NULL DEFAULT '1',
  `created_at` timestamp NULL DEFAULT NULL,
  `updated_at` timestamp NULL DEFAULT NULL
) ENGINE=InnoDB DEFAULT CHARSET=utf8mb4 COLLATE=utf8mb4_unicode_ci;

--
-- Дамп данных таблицы `sliders`
--

INSERT INTO `sliders` (`id`, `type`, `title`, `subtitle`, `image`, `text`, `btn_link`, `btn_text`, `status`, `sort_id`, `created_at`, `updated_at`) VALUES
(1, 'home', 'МРТ со скидкой 30%  ', 'МРТ со скидкой 30%  ', 'sliders\\June2021\\KLgObC9QdKkrAHlhwisW.jpg', 'Думаете, когда пройти МРТ? \nПройдите его ночью и получите скидку на исследование до 30%!\n\n                        ', '/akcii/mrt-so-skidkoj-30', 'Узнать подобнее', 1, 1, '2021-05-18 11:17:00', '2021-08-27 08:03:17'),
(2, 'home', 'Комплексная диагностика ЛОР заболеваний', 'Комплексная диагностика ЛОР заболеваний', 'sliders/June2021/Mo4lFApzuf1hcZBDq1zq.jpg', 'Только до конца августа HealthCity предлагает два комплексных обследования ЛОР-врача по специальной цене 5000 и 9000 тысяч:', '/akcii/kompleksnaya-diagnostika-lor-zabolevanij', 'Узнать подобнее', 1, 2, '2021-05-18 11:17:00', '2021-08-27 08:03:26'),
(3, 'home', '«Забота о женщине 40+» ', '«Забота о женщине 40+» ', 'sliders/June2021/H3rrj8bW1N5t3Q8KSpjE.jpg', 'Каждой женщине важно следить за своим здоровьем, в особенности после 40 лет❗️Мы представляем пакет «Забота о женщине 40+», который вы можете пройти по уникальной цене - 9600 тг.\n                        ', '/akcii/zabota-o-zhenshine-40', 'Узнать подобнее', 1, 3, '2021-05-18 11:17:00', '2021-08-27 08:03:36'),
(4, 'home', '«Здоровый сон»', '«Здоровый сон»', 'sliders/June2021/LYcjekvC0XtWsmLzDpTW.jpg', 'Хороший 8-часовый сон гарантирован! С заботой о вашей спокойной ночи разработан специальный диагностический пакет «Здоровый сон».', '/akcii/zdorovyj-son', 'Узнать подобнее', 1, 4, '2021-05-18 11:17:00', '2021-08-27 08:03:46'),
(5, 'home', '«Здоровая спина»', '«Здоровая спина»', 'sliders/June2021/5wv7XMUJVqRU5kLfxaK5.jpg', 'В специальное предложение «Здоровая спина» входит:\nКонсультация невролога\nРентгенография грудного или поясничного отделов позвоночника\nУЗИ органов брюшной полости и почек\nСтоимость пакета: 12 600 тг.', '/akcii/zdorovaya-spina', 'Узнать подобнее', 1, 5, '2021-05-18 11:17:00', '2021-08-27 08:03:56'),
(6, 'home', '«Щитовидная железа»', '«Щитовидная железа»', 'sliders/June2021/8m88csQ0brof6FiUp3SR.jpg', 'Дискомфорт в области шеи, изменения веса, постоянная усталость, потеря волос - при любом из этих симптомов необходимо обратиться к врачу эндокринологу и проверить щитовидную железу.⠀', '/akcii/shitovidnaya-zheleza', 'Узнать подобнее', 1, 6, '2021-05-18 11:17:00', '2021-08-27 08:04:15'),
(7, 'home', '«Женское Здоровье»', '«Женское Здоровье»', 'sliders/June2021/bBPktXJh6cbmOZkN1qjQ.jpg', 'Обязательно❗\n1 раз в год посещать гинеколога и маммолога;\nв возрасте от 30 до 40 ежегодно делать УЗИ молочных желез;\nпосле 50 лет - 2 раза в год;\nпосле 40 лет 1 раз в год проходить маммографию.', '/akcii/zhenskoe-zdorove', 'Узнать подобнее', 1, 7, '2021-05-18 11:17:00', '2021-08-27 08:04:27'),
(8, 'home', '«Здоровое сердце» ', '«Здоровое сердце» ', 'sliders/June2021/Fcq409VojrYfD2ydcHW6.jpg', 'Специально для вас специалисты @healthcitykz разработали диагностический пакет “Здоровое сердце” по супер цене 6000 тг\n                        ', '/akcii/zdorovoe-serdce', 'Узнать подобнее', 1, 8, '2021-05-18 11:17:00', '2021-08-27 08:06:29'),
(9, 'home', 'КТ легких', 'КТ легких', 'sliders/June2021/e9gHHZRgwa9zuX68iTwj.jpg', 'Стоимость КТ органов грудной клетки (средостение и лёгкие)  по Акционной цене -15 600 тенге .', '/akcii/kt-legkih', 'Узнать подобнее', 1, 9, '2021-05-18 11:17:00', '2021-08-27 08:06:43'),
(10, 'home', 'Педиатрическая служба ', 'Педиатрическая служба ', 'sliders/June2021/0AGxbfag7rhXH65kuU38.jpg', 'Врачи центра детского здоровья диагностической клиники Health City помогут вам наблюдать за развитием и состоянием здоровья вашего ребенка!', '/akcii/pediatricheskaya-sluzhba', 'Узнать подобнее', 1, 10, '2021-05-18 11:17:00', '2021-08-27 08:06:53'),
(11, 'about', 'Health City -', '', 'sliders\\June2021\\ylM1QDx3Z3tlpwcM6ezI.jpg', 'это медицинская сеть, объединяющая в себе инновационную Диагностическую клинику и Центры персональной медицины в г. Алматы. Основой проекта HealthCity является персональная медицина, которая направлена на точную диагностику, индивидуальный подход к предупреждению, ранней диагностике и лечению заболеваний на основе международных стандартов.', NULL, '', 1, 1, '2021-06-06 04:57:00', '2021-06-06 04:58:28'),
(12, 'about', 'Health City -', '', 'sliders\\June2021\\hkhkO2x6i2PTELx27Edo.jpg', 'это медицинская сеть, объединяющая в себе инновационную Диагностическую клинику и Центры персональной медицины в г. Алматы. Основой проекта HealthCity является персональная медицина, которая направлена на точную диагностику, индивидуальный подход к предупреждению, ранней диагностике и лечению заболеваний на основе международных стандартов.', NULL, '', 1, 2, '2021-06-06 04:57:00', '2021-06-06 04:58:19'),
(13, 'about', 'Health City -', '', 'sliders\\June2021\\M2P8sOHToUWcKHi2yYzE.jpg', 'это медицинская сеть, объединяющая в себе инновационную Диагностическую клинику и Центры персональной медицины в г. Алматы. Основой проекта HealthCity является персональная медицина, которая направлена на точную диагностику, индивидуальный подход к предупреждению, ранней диагностике и лечению заболеваний на основе международных стандартов.', NULL, '', 1, 3, '2021-06-06 04:57:00', '2021-06-06 05:01:48'),
(14, 'home', '123', '123', 'sliders/August2021/Zub4FUq4r0QFuSNrGMBs.svg', '13', NULL, '', 0, 123, '2021-08-16 13:00:27', '2021-08-16 13:00:27');

-- --------------------------------------------------------

--
-- Структура таблицы `specialities`
--

CREATE TABLE `specialities` (
  `id` bigint(20) UNSIGNED NOT NULL,
  `title` varchar(191) COLLATE utf8mb4_unicode_ci NOT NULL,
  `alternate` varchar(191) COLLATE utf8mb4_unicode_ci DEFAULT NULL,
  `slug` varchar(191) COLLATE utf8mb4_unicode_ci NOT NULL,
  `status` tinyint(1) NOT NULL DEFAULT '1',
  `sort_id` int(11) NOT NULL DEFAULT '1',
  `created_at` timestamp NULL DEFAULT NULL,
  `updated_at` timestamp NULL DEFAULT NULL
) ENGINE=InnoDB DEFAULT CHARSET=utf8mb4 COLLATE=utf8mb4_unicode_ci;

--
-- Дамп данных таблицы `specialities`
--

INSERT INTO `specialities` (`id`, `title`, `alternate`, `slug`, `status`, `sort_id`, `created_at`, `updated_at`) VALUES
(1, 'Терапевт', NULL, 'terapevt', 1, 1, '2021-05-18 10:54:00', '2021-07-09 05:00:34'),
(2, 'Кардиолог', NULL, 'kardiolog', 1, 2, '2021-05-25 07:47:00', '2021-07-09 06:27:16'),
(4, 'Уролог', NULL, 'urolog', 1, 3, '2021-07-02 23:20:00', '2021-07-09 06:30:31'),
(27, 'Гинеколог', NULL, 'ginekolog', 1, 4, '2021-07-09 05:07:00', '2021-07-09 06:30:49'),
(28, 'Ревматолог', NULL, 'revmatolog', 1, 5, '2021-07-09 05:08:00', '2021-07-09 06:28:17'),
(29, 'Невролог', 'Невропатолог', 'nevrolog', 1, 6, '2021-07-09 05:08:00', '2021-07-09 06:32:48'),
(30, 'Врач ультразвуковой диагностики', 'Узист', 'vrach-ultrazvukovoj-diagnostiki', 1, 7, '2021-07-09 05:09:00', '2021-07-09 06:34:32'),
(31, 'Врач общей практики', NULL, 'vrach-obshej-praktiki', 1, 8, '2021-07-09 05:09:00', '2021-07-09 06:35:18'),
(32, 'Оториноларинголог (Лор)', 'ЛОР', 'otorinolaringolog-lor', 1, 9, '2021-07-09 05:10:00', '2021-07-21 04:28:22'),
(33, 'Хирург', NULL, 'hirurg', 1, 10, '2021-07-09 05:10:00', '2021-07-09 06:29:21'),
(34, 'Травматолог/Ортопед', NULL, 'travmatolog-ortoped', 1, 11, '2021-07-09 05:11:00', '2021-07-09 06:30:08'),
(35, 'Нейрохирург', NULL, 'nejrohirurg', 1, 12, '2021-07-09 05:11:00', '2021-07-09 06:31:03'),
(36, 'Сосудистый хирург', NULL, 'sosudistyj-hirurg', 1, 13, '2021-07-09 05:11:00', '2021-07-09 06:31:50'),
(37, 'Офтальмолог', NULL, 'oftalmolog', 1, 14, '2021-07-09 05:12:00', '2021-07-09 06:32:58'),
(38, 'Радиолог', NULL, 'radiolog', 1, 15, '2021-07-09 05:12:00', '2021-07-09 06:34:42'),
(39, 'Психолог', NULL, 'psiholog', 1, 16, '2021-07-09 05:12:00', '2021-07-09 06:35:31'),
(40, 'Эндокринолог', NULL, 'endokrinolog', 1, 17, '2021-07-09 05:13:00', '2021-07-09 06:28:39'),
(41, 'Гастроэнтеролог', NULL, 'gastroenterolog', 1, 18, '2021-07-09 05:13:00', '2021-07-09 06:35:07'),
(42, 'Пульмонолог', NULL, 'pulmonolog', 1, 19, '2021-07-09 05:13:00', '2021-07-09 06:30:18'),
(43, 'Маммолог/Онколог', NULL, 'mammolog-onkolog', 1, 20, '2021-07-09 05:14:00', '2021-07-09 06:31:13'),
(44, 'Аллерголог', NULL, 'allergolog', 1, 21, '2021-07-09 05:14:00', '2021-07-09 06:36:05'),
(45, 'Дерматолог', NULL, 'dermatolog', 1, 22, '2021-07-09 05:14:00', '2021-07-09 06:33:11'),
(46, 'Массажист', NULL, 'massazhist', 1, 23, '2021-07-09 05:14:00', '2021-07-09 06:34:52'),
(47, 'Инфекционист', NULL, 'infekcionist', 1, 24, '2021-07-09 05:15:00', '2021-07-09 06:35:46'),
(48, 'Педиатр', NULL, 'pediatr', 1, 25, '2021-07-09 05:15:00', '2021-07-09 06:29:03'),
(49, 'Детский невролог', 'Невропатолог', 'detskij-nevrolog', 1, 26, '2021-07-09 05:15:00', '2021-07-09 06:29:48'),
(50, 'Детский уролог', NULL, 'detskij-urolog', 1, 27, '2021-07-09 05:15:50', '2021-07-09 05:15:50'),
(51, 'Детский хирург', NULL, 'detskij-hirurg', 1, 28, '2021-07-09 05:16:00', '2021-07-09 06:31:30'),
(52, 'Детский кардиолог', NULL, 'detskij-kardiolog', 1, 29, '2021-07-09 05:16:00', '2021-07-09 06:32:32'),
(53, 'Детский оториноларинголог', NULL, 'detskij-otorinolaringolog', 1, 30, '2021-07-09 05:16:00', '2021-07-09 06:34:19'),
(54, 'Детский гастроэнтеролог', NULL, 'detskij-gastroenterolog', 1, 31, '2021-07-09 05:17:15', '2021-07-09 05:17:15'),
(55, 'Детский аллерголог', NULL, 'detskij-allergolog', 1, 32, '2021-07-09 05:17:31', '2021-07-09 05:17:31'),
(56, 'Детский кардиохирург', NULL, 'detskij-kardiohirurg', 1, 33, '2021-07-09 05:37:47', '2021-07-09 05:37:47'),
(57, 'Детский гинеколог', NULL, 'detskij-ginekolog', 1, 34, '2021-07-09 05:38:02', '2021-07-09 05:38:02'),
(58, 'Детский эндокринолог', NULL, 'detskij-endokrinolog', 1, 35, '2021-07-09 05:38:55', '2021-07-09 05:38:55'),
(59, 'Детский травмотолог/ортопед', NULL, 'detskij-travmotolog-ortoped', 1, 36, '2021-07-09 06:14:21', '2021-07-09 06:14:21'),
(60, 'Детский дерматолог', NULL, 'detskij-dermatolog', 1, 37, '2021-07-09 06:14:36', '2021-07-09 06:14:36');

-- --------------------------------------------------------

--
-- Структура таблицы `subscribers`
--

CREATE TABLE `subscribers` (
  `id` bigint(20) UNSIGNED NOT NULL,
  `email` varchar(191) COLLATE utf8mb4_unicode_ci NOT NULL,
  `created_at` timestamp NULL DEFAULT NULL,
  `updated_at` timestamp NULL DEFAULT NULL
) ENGINE=InnoDB DEFAULT CHARSET=utf8mb4 COLLATE=utf8mb4_unicode_ci;

-- --------------------------------------------------------

--
-- Структура таблицы `translations`
--

CREATE TABLE `translations` (
  `id` int(10) UNSIGNED NOT NULL,
  `table_name` varchar(191) COLLATE utf8mb4_unicode_ci NOT NULL,
  `column_name` varchar(191) COLLATE utf8mb4_unicode_ci NOT NULL,
  `foreign_key` int(10) UNSIGNED NOT NULL,
  `locale` varchar(191) COLLATE utf8mb4_unicode_ci NOT NULL,
  `value` text COLLATE utf8mb4_unicode_ci NOT NULL,
  `created_at` timestamp NULL DEFAULT NULL,
  `updated_at` timestamp NULL DEFAULT NULL
) ENGINE=InnoDB DEFAULT CHARSET=utf8mb4 COLLATE=utf8mb4_unicode_ci;

--
-- Дамп данных таблицы `translations`
--

INSERT INTO `translations` (`id`, `table_name`, `column_name`, `foreign_key`, `locale`, `value`, `created_at`, `updated_at`) VALUES
(1, 'checkups', 'title', 1, 'kz', 'PLATINUM пакеті', '2021-06-05 03:52:05', '2021-06-05 03:52:05'),
(2, 'checkup_types', 'title', 3, 'kz', 'Фокусті', '2021-06-05 03:56:03', '2021-06-05 03:56:03'),
(3, 'checkup_types', 'subtitle', 3, 'kz', '1 күнде денсаулығыңызды жан-жақты тексеру', '2021-06-05 03:56:03', '2021-06-05 03:56:03'),
(4, 'checkup_types', 'description', 3, 'kz', 'Диагностикалық емтиханға дайындық Диагностикалық тексеруге лайықты дайындық - бұл Тексерудің сәтті өтуі мен нақты нәтижелерге қол жеткізудің кепілі:', '2021-06-05 03:56:03', '2021-06-05 03:56:03'),
(5, 'checkup_types', 'content_1', 3, 'kz', '<ul>\n<li>* Таңғы ас ішпеңіз, шай немесе кофе ішпеңіз, темекі шекпеңіз;</li>\n<li>* Электрокардиограмма (EKG) алдында теріге кремдер немесе лосьондар жағуға болмайды;</li>\n<li>* CheckUp қарсаңында физикалық жаттығулар ұсынылмайды;</li>\n<li>* Тексеруден 2 күн бұрын алкогольді ішпеңіз;</li>\n<li>* Медициналық кітапшаның көшірмесін, егер олар сақталған болса, алдыңғы сынақтардың нәтижелерімен бірге алу ұсынылады;</li>\n<li>* Сізде жаттығу тесті үшін спорт костюміңіз болуы керек;</li>\n<li>* CheckUp-ға зергерлік бұйымдарсыз келуге кеңес береміз.</li>\n</ul>', '2021-06-05 03:56:03', '2021-06-05 03:56:03'),
(6, 'checkup_types', 'content_2', 3, 'kz', '<p>Назар аударыңыз:</p>\n<ul>\n<li>* Талдаудан бұрын таңертең: гормондар, кортизондар, инсулин, қан сұйылтқыштар (антикоагулянттар) қабылдауға болмайды, бірақ оларды тестілеуден кейін қабылдау үшін өздеріңізде ұстаңыз.</li>\n<li>* Диагноз қойылғанға дейін үш күн бойы дәрумендер, темір, түрлі тағамдық қоспалар қабылдауды тоқтатыңыз.</li>\n<li>* Қант диабеті, гипертония, жүрек ауруы, қалқанша без, холестеринді төмендету, ревматизм аурулары, психиатриялық және жүйке аурулары сияқты созылмалы аурулармен байланысты дәрі-дәрмектерді қолдануды тоқтатпаңыз.</li>\n<li>* Физикалық және эмоционалды шамадан тыс жүктеме жоқ.</li>\n</ul>', '2021-06-05 03:56:03', '2021-06-05 03:56:03'),
(7, 'checkup_prices', 'title', 1, 'kz', 'Ерлерге арналған check up', '2021-06-05 04:09:47', '2021-06-05 04:09:47'),
(8, 'checkup_faqs', 'title', 3, 'kz', 'Бағдарламаны сатып алғанда не аласыз?', '2021-06-05 04:13:45', '2021-06-05 04:13:45'),
(9, 'checkup_faqs', 'content', 3, 'kz', '<p>KZ Lorem ipsum dolor sit amet consectetur adipisicing elit. Animi nesciunt necessitatibus blanditiis! Error cupiditate ad inventore ea optio cumque veniam harum, doloribus officia velit voluptatibus consectetur voluptas voluptates, facilis, omnis eum molestiae aspernatur quisquam itaque impedit quam dolorem. Dolorum ullam assumenda modi tempora pariatur, quaerat neque nihil facilis voluptates nulla? Dolores voluptatem dolor beatae tempora consequuntur eius veniam doloribus, saepe odit delectus magni? Accusantium corporis recusandae placeat expedita porro ipsam tempora aliquam quae fugiat doloremque, voluptatum maxime nam facilis voluptatem nesciunt non eligendi explicabo unde at cupiditate inventore neque magni! Sequi praesentium eligendi nisi. Harum quisquam temporibus nam quibusdam incidunt distinctio facere soluta ullam possimus illo delectus voluptatem aliquid commodi, unde at. Rem similique fugiat delectus molestiae quas aliquam, iste cum harum nisi voluptatem nobis voluptas quibusdam porro fuga. Molestiae blanditiis delectus asperiores amet at, sit voluptatem sapiente ipsam, expedita iure aliquam rem iusto maxime, eum accusamus exercitationem eos eaque?</p>', '2021-06-05 04:13:45', '2021-06-05 04:13:45'),
(10, 'checkup_faqs', 'title', 2, 'kz', 'Дені сау адамға check up диагностикаcы қажет пе?', '2021-06-05 04:14:34', '2021-06-05 04:14:34'),
(11, 'checkup_faqs', 'content', 2, 'kz', '<p>KZ Lorem ipsum dolor, sit amet consectetur adipisicing elit. Impedit alias mollitia quisquam fugit animi, doloribus quod expedita natus enim explicabo nostrum! Neque dolorem architecto consectetur quibusdam pariatur iure at qui tempora fuga cupiditate libero reprehenderit sapiente minus natus, doloribus assumenda dolorum perferendis quo aliquid quaerat. Voluptas quas p</p>', '2021-06-05 04:14:34', '2021-06-05 04:14:34'),
(12, 'checkup_faqs', 'title', 1, 'kz', 'Check up диагностика дегеніміз не?', '2021-06-05 04:15:29', '2021-06-05 04:15:29'),
(13, 'checkup_faqs', 'content', 1, 'kz', '<p>Каз Lorem ipsum dolor, sit amet consectetur adipisicing elit. Impedit alias mollitia quisquam fugit animi, doloribus quod expedita natus enim explicabo nostrum! Neque dolorem architecto consectetur quibusdam pariatur iure at qui tempora fuga cupiditate libero reprehenderit sapiente minus natus, doloribus assumenda dolorum perferendis quo aliquid quaerat. Voluptas quas provident aliquam omnis ratione quibusdam sequi? Iure, minus, nesciunt beatae qui velit veniam delectus eveniet reiciendis quibusdam itaque illo explicabo laborum! Eos tempore dolore magnam repellat ipsa atque deserunt laborum, nisi totam itaque doloribus debitis rem, corrupti expedita molestiae. Pariatur eligendi laboriosam repellat voluptas recusandae doloribus cum eum. Sint pariatur odit beatae quisquam?</p>', '2021-06-05 04:15:29', '2021-06-05 04:15:29'),
(14, 'checkup_types', 'title', 1, 'kz', 'Ересектерге арналған пакеттер', '2021-06-05 04:16:39', '2021-06-05 04:16:39'),
(15, 'checkup_types', 'subtitle', 1, 'kz', '1 күнде денсаулығыңызды жан-жақты тексеру', '2021-06-05 04:16:39', '2021-06-05 04:16:39'),
(16, 'checkup_types', 'description', 1, 'kz', 'Диагностикалық емтиханға дайындық Диагностикалық тексеруге лайықты дайындық - бұл Тексерудің сәтті өтуі мен нақты нәтижелерге қол жеткізудің кепілі:', '2021-06-05 04:16:39', '2021-06-05 04:16:39'),
(17, 'checkup_types', 'content_1', 1, 'kz', '<ul>\n<li>* Таңғы ас ішпеңіз, шай немесе кофе ішпеңіз, темекі шекпеңіз;</li>\n<li>* Электрокардиограмма (EKG) алдында теріге кремдер немесе лосьондар жағуға болмайды;</li>\n<li>* CheckUp қарсаңында физикалық жаттығулар ұсынылмайды;</li>\n<li>* Тексеруден 2 күн бұрын алкогольді ішпеңіз;</li>\n<li>* Медициналық кітапшаның көшірмесін, егер олар сақталған болса, алдыңғы сынақтардың нәтижелерімен бірге алу ұсынылады;</li>\n<li>* Сізде жаттығу тесті үшін спорт костюміңіз болуы керек;</li>\n<li>* CheckUp-ға зергерлік бұйымдарсыз келуге кеңес береміз.</li>\n</ul>', '2021-06-05 04:16:39', '2021-06-05 04:16:39'),
(18, 'checkup_types', 'content_2', 1, 'kz', '<p>Назар аударыңыз:</p>\n<ul>\n<li>* Талдаудан бұрын таңертең: гормондар, кортизондар, инсулин, қан сұйылтқыштар (антикоагулянттар) қабылдауға болмайды, бірақ оларды тестілеуден кейін қабылдау үшін өздеріңізде ұстаңыз.</li>\n<li>* Диагноз қойылғанға дейін үш күн бойы дәрумендер, темір, түрлі тағамдық қоспалар қабылдауды тоқтатыңыз.</li>\n<li>* Қант диабеті, гипертония, жүрек ауруы, қалқанша без, холестеринді төмендету, ревматизм аурулары, психиатриялық және жүйке аурулары сияқты созылмалы аурулармен байланысты дәрі-дәрмектерді қолдануды тоқтатпаңыз.</li>\n<li>* Физикалық және эмоционалды шамадан тыс жүктеме жоқ.</li>\n</ul>', '2021-06-05 04:16:39', '2021-06-05 04:16:39'),
(19, 'checkups', 'title', 2, 'kz', 'GOLD пакеті', '2021-06-05 04:21:52', '2021-06-05 04:21:52'),
(20, 'checkups', 'content_1', 2, 'kz', '<p>Дәрігердің кеңесі:</p>\n<ul>\n<li>* Сұхбат</li>\n<li>* Анамнез жинау (өмір, ауру)</li>\n</ul>\n<p>Антропометрия:</p>\n<ul>\n<li>* Биіктігі, Салмағы, BMI</li>\n<li>* Дене салмағының құрамы (май және бұлшықет массасы)</li>\n</ul>\n<p>Маңызды статистика:</p>\n<ul>\n<li>* Пульс</li>\n<li>* Оттегімен қанықтыру</li>\n<li>* Дене температурасы</li>\n<li>* Артериялық қысым</li>\n<li>* Тыныс алу жиілігі</li>\n</ul>\n<p>Stanford25 стандартына сәйкес жеке дәрігермен денсаулықты бағалау:</p>\n<ul>\n<li>* Тірек-қимыл аппаратының жұмысын бағалау</li>\n<li>* Мойын тамырларының доплерографиялық ультрадыбыстық зерттеуі</li>\n<li>* Неврологиялық жағдайды бағалау (бас сүйек нервтері, сезімталдық)</li>\n</ul>', '2021-06-05 04:21:52', '2021-06-05 04:21:52'),
(21, 'checkups', 'content_2', 2, 'kz', '<p>Остеопорозға тесттер:</p>\n<ul>\n<li>* 2 тар маманның кеңесі (дәрігердің нұсқауы бойынша)</li>\n</ul>\n<p>Көру ұпайы:</p>\n<ul>\n<li>* Жалпы кальций</li>\n<li>* Электролиттердің көру өткірлігін өлшеу</li>\n<li>* Офтальмоскопия</li>\n<li>* Магний</li>\n<li>* Фосфор</li>\n</ul>\n<p>Тыңдауды бағалау:</p>\n<ul>\n<li>* Отоскопия</li>\n</ul>\n<p>Қалқанша безін бағалау:</p>\n<ul>\n<li>* Аудиометрия</li>\n<li>* Қалқанша безінің ультрадыбыстық зерттеуі</li>\n<li>* ТТГ</li>\n</ul>', '2021-06-05 04:21:52', '2021-06-05 04:21:52'),
(22, 'checkups', 'content_1', 1, 'kz', '<p>Дәрігердің кеңесі:</p>\n<ul>\n<li>* Сұхбат</li>\n<li>* Анамнез жинау (өмір, ауру)</li>\n</ul>\n<p>Антропометрия:</p>\n<ul>\n<li>* Биіктігі, Салмағы, BMI</li>\n<li>* Дене салмағының құрамы (май және бұлшықет массасы)</li>\n</ul>\n<p>Маңызды статистика:</p>\n<ul>\n<li>* Пульс</li>\n<li>* Оттегімен қанықтыру</li>\n<li>* Дене температурасы</li>\n<li>* Артериялық қысым</li>\n<li>* Тыныс алу жиілігі</li>\n</ul>\n<p>Stanford25 стандартына сәйкес жеке дәрігермен денсаулықты бағалау:</p>\n<ul>\n<li>* Тірек-қимыл аппаратының жұмысын бағалау</li>\n<li>* Мойын тамырларының доплерографиялық ультрадыбыстық зерттеуі</li>\n<li>* Неврологиялық жағдайды бағалау (бас сүйек нервтері, сезімталдық)</li>\n</ul>', '2021-06-05 04:22:41', '2021-06-05 04:22:41'),
(23, 'checkups', 'content_2', 1, 'kz', '<p>Остеопорозға тесттер:</p>\n<ul>\n<li>* 2 тар маманның кеңесі (дәрігердің нұсқауы бойынша)</li>\n</ul>\n<p>Көру ұпайы:</p>\n<ul>\n<li>* Жалпы кальций</li>\n<li>* Электролиттердің көру өткірлігін өлшеу</li>\n<li>* Офтальмоскопия</li>\n<li>* Магний</li>\n<li>* Фосфор</li>\n</ul>\n<p>Тыңдауды бағалау:</p>\n<ul>\n<li>* Отоскопия</li>\n</ul>\n<p>Қалқанша безін бағалау:</p>\n<ul>\n<li>* Аудиометрия</li>\n<li>* Қалқанша безінің ультрадыбыстық зерттеуі</li>\n<li>* ТТГ</li>\n</ul>', '2021-06-05 04:22:41', '2021-06-05 04:22:41'),
(24, 'checkup_prices', 'title', 2, 'kz', 'Әйелдерге арналған check up', '2021-06-05 04:23:20', '2021-06-05 04:23:20'),
(25, 'analyzes', 'title', 8, 'kz', 'Анализ ше на COVID-20', '2021-08-27 09:32:58', '2021-08-27 09:32:58'),
(26, 'analyzes', 'content', 8, 'kz', 'Сдавать кровь рекомендуется утром натощак, после 8-12 часов голодания. Можно сдать анализ спустя 4 часа после легкого приема пищи. Накануне исследования исключить жирную пищу из рациона. За полчаса – не курить.\n\nПри проведении исследования в весенне-летний период возможно получение нормального результата. Однако с уменьшением длины светового дня уровень витамина D снижается. Поэтому для получения более достоверного показателя рекомендуется сдавать этот анализ осенью или зимой. \n\nПри приеме витамина D в дозировке более 7000 МЕ/сут определение 25(OH)D целесообразно проводить не ранее, чем через три дня с момента последнего приема препарата, если иное не предписано лечащим врачом. \n\nЕсли пациенту проводилась флуоресцентная ангиография (исследование сосудов глазного дна), то анализ крови на витамин D рекомендовано сдавать не ранее, чем через 72 часа после процедуры.', '2021-08-27 09:32:58', '2021-08-27 09:32:58'),
(27, 'analyzes', 'title', 9, 'kz', 'Анализ ше на COVID-20', '2021-08-27 09:37:36', '2021-08-27 09:37:36'),
(28, 'analyzes', 'content', 9, 'kz', 'Сдавать кровь рекомендуется утром натощак, после 8-12 часов голодания. Можно сдать анализ спустя 4 часа после легкого приема пищи. Накануне исследования исключить жирную пищу из рациона. За полчаса – не курить.\n\nПри проведении исследования в весенне-летний период возможно получение нормального результата. Однако с уменьшением длины светового дня уровень витамина D снижается. Поэтому для получения более достоверного показателя рекомендуется сдавать этот анализ осенью или зимой. \n\nПри приеме витамина D в дозировке более 7000 МЕ/сут определение 25(OH)D целесообразно проводить не ранее, чем через три дня с момента последнего приема препарата, если иное не предписано лечащим врачом. \n\nЕсли пациенту проводилась флуоресцентная ангиография (исследование сосудов глазного дна), то анализ крови на витамин D рекомендовано сдавать не ранее, чем через 72 часа после процедуры.', '2021-08-27 09:37:36', '2021-08-27 09:37:36');

-- --------------------------------------------------------

--
-- Структура таблицы `users`
--

CREATE TABLE `users` (
  `id` bigint(20) UNSIGNED NOT NULL,
  `role_id` bigint(20) UNSIGNED DEFAULT NULL,
  `name` varchar(191) COLLATE utf8mb4_unicode_ci NOT NULL,
  `email` varchar(191) COLLATE utf8mb4_unicode_ci NOT NULL,
  `avatar` varchar(191) COLLATE utf8mb4_unicode_ci DEFAULT 'users/default.png',
  `email_verified_at` timestamp NULL DEFAULT NULL,
  `password` varchar(191) COLLATE utf8mb4_unicode_ci NOT NULL,
  `remember_token` varchar(100) COLLATE utf8mb4_unicode_ci DEFAULT NULL,
  `settings` text COLLATE utf8mb4_unicode_ci,
  `created_at` timestamp NULL DEFAULT NULL,
  `updated_at` timestamp NULL DEFAULT NULL
) ENGINE=InnoDB DEFAULT CHARSET=utf8mb4 COLLATE=utf8mb4_unicode_ci;

--
-- Дамп данных таблицы `users`
--

INSERT INTO `users` (`id`, `role_id`, `name`, `email`, `avatar`, `email_verified_at`, `password`, `remember_token`, `settings`, `created_at`, `updated_at`) VALUES
(1, 1, 'Admin', 'admin@admin.com', 'users/default.png', NULL, '$2y$10$bV4oWdkFDTwdlBdrbdCjNeVIEoEF4/E0zvwlycF39sBOE11UZI2Wa', 'oButMoezlEMM7ycijH57QaLpWwyBM3L68KRtqpbQEkNv9QZvoaE20wW4gNzR', '{\"locale\":\"ru\"}', '2021-05-18 05:39:39', '2021-05-18 09:40:38');

-- --------------------------------------------------------

--
-- Структура таблицы `user_roles`
--

CREATE TABLE `user_roles` (
  `user_id` bigint(20) UNSIGNED NOT NULL,
  `role_id` bigint(20) UNSIGNED NOT NULL
) ENGINE=InnoDB DEFAULT CHARSET=utf8mb4 COLLATE=utf8mb4_unicode_ci;

--
-- Индексы сохранённых таблиц
--

--
-- Индексы таблицы `analyzes`
--
ALTER TABLE `analyzes`
  ADD PRIMARY KEY (`id`);

--
-- Индексы таблицы `applications`
--
ALTER TABLE `applications`
  ADD PRIMARY KEY (`id`),
  ADD UNIQUE KEY `applications_uuid_unique` (`uuid`);

--
-- Индексы таблицы `articles`
--
ALTER TABLE `articles`
  ADD PRIMARY KEY (`id`),
  ADD UNIQUE KEY `articles_slug_unique` (`slug`);

--
-- Индексы таблицы `certificates`
--
ALTER TABLE `certificates`
  ADD PRIMARY KEY (`id`);

--
-- Индексы таблицы `checkups`
--
ALTER TABLE `checkups`
  ADD PRIMARY KEY (`id`);

--
-- Индексы таблицы `checkup_faqs`
--
ALTER TABLE `checkup_faqs`
  ADD PRIMARY KEY (`id`);

--
-- Индексы таблицы `checkup_prices`
--
ALTER TABLE `checkup_prices`
  ADD PRIMARY KEY (`id`);

--
-- Индексы таблицы `checkup_types`
--
ALTER TABLE `checkup_types`
  ADD PRIMARY KEY (`id`);

--
-- Индексы таблицы `contacts`
--
ALTER TABLE `contacts`
  ADD PRIMARY KEY (`id`);

--
-- Индексы таблицы `corp_blocks`
--
ALTER TABLE `corp_blocks`
  ADD PRIMARY KEY (`id`);

--
-- Индексы таблицы `corp_videos`
--
ALTER TABLE `corp_videos`
  ADD PRIMARY KEY (`id`);

--
-- Индексы таблицы `data_rows`
--
ALTER TABLE `data_rows`
  ADD PRIMARY KEY (`id`),
  ADD KEY `data_rows_data_type_id_foreign` (`data_type_id`);

--
-- Индексы таблицы `data_types`
--
ALTER TABLE `data_types`
  ADD PRIMARY KEY (`id`),
  ADD UNIQUE KEY `data_types_name_unique` (`name`),
  ADD UNIQUE KEY `data_types_slug_unique` (`slug`);

--
-- Индексы таблицы `doctors`
--
ALTER TABLE `doctors`
  ADD PRIMARY KEY (`id`),
  ADD UNIQUE KEY `doctors_slug_unique` (`slug`);

--
-- Индексы таблицы `failed_jobs`
--
ALTER TABLE `failed_jobs`
  ADD PRIMARY KEY (`id`),
  ADD UNIQUE KEY `failed_jobs_uuid_unique` (`uuid`);

--
-- Индексы таблицы `galleries`
--
ALTER TABLE `galleries`
  ADD PRIMARY KEY (`id`);

--
-- Индексы таблицы `icontexts`
--
ALTER TABLE `icontexts`
  ADD PRIMARY KEY (`id`);

--
-- Индексы таблицы `menus`
--
ALTER TABLE `menus`
  ADD PRIMARY KEY (`id`),
  ADD UNIQUE KEY `menus_name_unique` (`name`);

--
-- Индексы таблицы `menu_items`
--
ALTER TABLE `menu_items`
  ADD PRIMARY KEY (`id`),
  ADD KEY `menu_items_menu_id_foreign` (`menu_id`);

--
-- Индексы таблицы `methodics`
--
ALTER TABLE `methodics`
  ADD PRIMARY KEY (`id`);

--
-- Индексы таблицы `migrations`
--
ALTER TABLE `migrations`
  ADD PRIMARY KEY (`id`);

--
-- Индексы таблицы `pages`
--
ALTER TABLE `pages`
  ADD PRIMARY KEY (`id`),
  ADD UNIQUE KEY `pages_slug_unique` (`slug`);

--
-- Индексы таблицы `partners`
--
ALTER TABLE `partners`
  ADD PRIMARY KEY (`id`);

--
-- Индексы таблицы `password_resets`
--
ALTER TABLE `password_resets`
  ADD KEY `password_resets_email_index` (`email`);

--
-- Индексы таблицы `permissions`
--
ALTER TABLE `permissions`
  ADD PRIMARY KEY (`id`),
  ADD KEY `permissions_key_index` (`key`);

--
-- Индексы таблицы `permission_role`
--
ALTER TABLE `permission_role`
  ADD PRIMARY KEY (`permission_id`,`role_id`),
  ADD KEY `permission_role_permission_id_index` (`permission_id`),
  ADD KEY `permission_role_role_id_index` (`role_id`);

--
-- Индексы таблицы `researches`
--
ALTER TABLE `researches`
  ADD PRIMARY KEY (`id`),
  ADD UNIQUE KEY `researches_slug_unique` (`slug`);

--
-- Индексы таблицы `roles`
--
ALTER TABLE `roles`
  ADD PRIMARY KEY (`id`),
  ADD UNIQUE KEY `roles_name_unique` (`name`);

--
-- Индексы таблицы `sales`
--
ALTER TABLE `sales`
  ADD PRIMARY KEY (`id`),
  ADD UNIQUE KEY `sales_slug_unique` (`slug`);

--
-- Индексы таблицы `services`
--
ALTER TABLE `services`
  ADD PRIMARY KEY (`id`);

--
-- Индексы таблицы `service_types`
--
ALTER TABLE `service_types`
  ADD PRIMARY KEY (`id`);

--
-- Индексы таблицы `settings`
--
ALTER TABLE `settings`
  ADD PRIMARY KEY (`id`),
  ADD UNIQUE KEY `settings_key_unique` (`key`);

--
-- Индексы таблицы `sliders`
--
ALTER TABLE `sliders`
  ADD PRIMARY KEY (`id`);

--
-- Индексы таблицы `specialities`
--
ALTER TABLE `specialities`
  ADD PRIMARY KEY (`id`),
  ADD UNIQUE KEY `specialities_slug_unique` (`slug`);

--
-- Индексы таблицы `subscribers`
--
ALTER TABLE `subscribers`
  ADD PRIMARY KEY (`id`),
  ADD UNIQUE KEY `subscribers_email_unique` (`email`);

--
-- Индексы таблицы `translations`
--
ALTER TABLE `translations`
  ADD PRIMARY KEY (`id`),
  ADD UNIQUE KEY `translations_table_name_column_name_foreign_key_locale_unique` (`table_name`,`column_name`,`foreign_key`,`locale`);

--
-- Индексы таблицы `users`
--
ALTER TABLE `users`
  ADD PRIMARY KEY (`id`),
  ADD UNIQUE KEY `users_email_unique` (`email`),
  ADD KEY `users_role_id_foreign` (`role_id`);

--
-- Индексы таблицы `user_roles`
--
ALTER TABLE `user_roles`
  ADD PRIMARY KEY (`user_id`,`role_id`),
  ADD KEY `user_roles_user_id_index` (`user_id`),
  ADD KEY `user_roles_role_id_index` (`role_id`);

--
-- AUTO_INCREMENT для сохранённых таблиц
--

--
-- AUTO_INCREMENT для таблицы `analyzes`
--
ALTER TABLE `analyzes`
  MODIFY `id` bigint(20) UNSIGNED NOT NULL AUTO_INCREMENT, AUTO_INCREMENT=10;

--
-- AUTO_INCREMENT для таблицы `applications`
--
ALTER TABLE `applications`
  MODIFY `id` bigint(20) UNSIGNED NOT NULL AUTO_INCREMENT, AUTO_INCREMENT=16;

--
-- AUTO_INCREMENT для таблицы `articles`
--
ALTER TABLE `articles`
  MODIFY `id` bigint(20) UNSIGNED NOT NULL AUTO_INCREMENT, AUTO_INCREMENT=5;

--
-- AUTO_INCREMENT для таблицы `certificates`
--
ALTER TABLE `certificates`
  MODIFY `id` bigint(20) UNSIGNED NOT NULL AUTO_INCREMENT, AUTO_INCREMENT=2;

--
-- AUTO_INCREMENT для таблицы `checkups`
--
ALTER TABLE `checkups`
  MODIFY `id` bigint(20) UNSIGNED NOT NULL AUTO_INCREMENT, AUTO_INCREMENT=27;

--
-- AUTO_INCREMENT для таблицы `checkup_faqs`
--
ALTER TABLE `checkup_faqs`
  MODIFY `id` bigint(20) UNSIGNED NOT NULL AUTO_INCREMENT, AUTO_INCREMENT=10;

--
-- AUTO_INCREMENT для таблицы `checkup_prices`
--
ALTER TABLE `checkup_prices`
  MODIFY `id` bigint(20) UNSIGNED NOT NULL AUTO_INCREMENT, AUTO_INCREMENT=31;

--
-- AUTO_INCREMENT для таблицы `checkup_types`
--
ALTER TABLE `checkup_types`
  MODIFY `id` bigint(20) UNSIGNED NOT NULL AUTO_INCREMENT, AUTO_INCREMENT=4;

--
-- AUTO_INCREMENT для таблицы `contacts`
--
ALTER TABLE `contacts`
  MODIFY `id` bigint(20) UNSIGNED NOT NULL AUTO_INCREMENT, AUTO_INCREMENT=10;

--
-- AUTO_INCREMENT для таблицы `corp_blocks`
--
ALTER TABLE `corp_blocks`
  MODIFY `id` bigint(20) UNSIGNED NOT NULL AUTO_INCREMENT, AUTO_INCREMENT=6;

--
-- AUTO_INCREMENT для таблицы `corp_videos`
--
ALTER TABLE `corp_videos`
  MODIFY `id` bigint(20) UNSIGNED NOT NULL AUTO_INCREMENT, AUTO_INCREMENT=4;

--
-- AUTO_INCREMENT для таблицы `data_rows`
--
ALTER TABLE `data_rows`
  MODIFY `id` int(10) UNSIGNED NOT NULL AUTO_INCREMENT, AUTO_INCREMENT=263;

--
-- AUTO_INCREMENT для таблицы `data_types`
--
ALTER TABLE `data_types`
  MODIFY `id` int(10) UNSIGNED NOT NULL AUTO_INCREMENT, AUTO_INCREMENT=31;

--
-- AUTO_INCREMENT для таблицы `doctors`
--
ALTER TABLE `doctors`
  MODIFY `id` bigint(20) UNSIGNED NOT NULL AUTO_INCREMENT, AUTO_INCREMENT=52;

--
-- AUTO_INCREMENT для таблицы `failed_jobs`
--
ALTER TABLE `failed_jobs`
  MODIFY `id` bigint(20) UNSIGNED NOT NULL AUTO_INCREMENT;

--
-- AUTO_INCREMENT для таблицы `galleries`
--
ALTER TABLE `galleries`
  MODIFY `id` bigint(20) UNSIGNED NOT NULL AUTO_INCREMENT, AUTO_INCREMENT=8;

--
-- AUTO_INCREMENT для таблицы `icontexts`
--
ALTER TABLE `icontexts`
  MODIFY `id` bigint(20) UNSIGNED NOT NULL AUTO_INCREMENT, AUTO_INCREMENT=20;

--
-- AUTO_INCREMENT для таблицы `menus`
--
ALTER TABLE `menus`
  MODIFY `id` int(10) UNSIGNED NOT NULL AUTO_INCREMENT, AUTO_INCREMENT=3;

--
-- AUTO_INCREMENT для таблицы `menu_items`
--
ALTER TABLE `menu_items`
  MODIFY `id` int(10) UNSIGNED NOT NULL AUTO_INCREMENT, AUTO_INCREMENT=47;

--
-- AUTO_INCREMENT для таблицы `methodics`
--
ALTER TABLE `methodics`
  MODIFY `id` bigint(20) UNSIGNED NOT NULL AUTO_INCREMENT, AUTO_INCREMENT=10;

--
-- AUTO_INCREMENT для таблицы `migrations`
--
ALTER TABLE `migrations`
  MODIFY `id` int(10) UNSIGNED NOT NULL AUTO_INCREMENT, AUTO_INCREMENT=66;

--
-- AUTO_INCREMENT для таблицы `pages`
--
ALTER TABLE `pages`
  MODIFY `id` int(10) UNSIGNED NOT NULL AUTO_INCREMENT, AUTO_INCREMENT=12;

--
-- AUTO_INCREMENT для таблицы `partners`
--
ALTER TABLE `partners`
  MODIFY `id` bigint(20) UNSIGNED NOT NULL AUTO_INCREMENT, AUTO_INCREMENT=9;

--
-- AUTO_INCREMENT для таблицы `permissions`
--
ALTER TABLE `permissions`
  MODIFY `id` bigint(20) UNSIGNED NOT NULL AUTO_INCREMENT, AUTO_INCREMENT=147;

--
-- AUTO_INCREMENT для таблицы `researches`
--
ALTER TABLE `researches`
  MODIFY `id` bigint(20) UNSIGNED NOT NULL AUTO_INCREMENT, AUTO_INCREMENT=31;

--
-- AUTO_INCREMENT для таблицы `roles`
--
ALTER TABLE `roles`
  MODIFY `id` bigint(20) UNSIGNED NOT NULL AUTO_INCREMENT, AUTO_INCREMENT=3;

--
-- AUTO_INCREMENT для таблицы `sales`
--
ALTER TABLE `sales`
  MODIFY `id` bigint(20) UNSIGNED NOT NULL AUTO_INCREMENT, AUTO_INCREMENT=12;

--
-- AUTO_INCREMENT для таблицы `services`
--
ALTER TABLE `services`
  MODIFY `id` bigint(20) UNSIGNED NOT NULL AUTO_INCREMENT, AUTO_INCREMENT=168;

--
-- AUTO_INCREMENT для таблицы `service_types`
--
ALTER TABLE `service_types`
  MODIFY `id` bigint(20) UNSIGNED NOT NULL AUTO_INCREMENT, AUTO_INCREMENT=9;

--
-- AUTO_INCREMENT для таблицы `settings`
--
ALTER TABLE `settings`
  MODIFY `id` int(10) UNSIGNED NOT NULL AUTO_INCREMENT, AUTO_INCREMENT=17;

--
-- AUTO_INCREMENT для таблицы `sliders`
--
ALTER TABLE `sliders`
  MODIFY `id` bigint(20) UNSIGNED NOT NULL AUTO_INCREMENT, AUTO_INCREMENT=15;

--
-- AUTO_INCREMENT для таблицы `specialities`
--
ALTER TABLE `specialities`
  MODIFY `id` bigint(20) UNSIGNED NOT NULL AUTO_INCREMENT, AUTO_INCREMENT=61;

--
-- AUTO_INCREMENT для таблицы `subscribers`
--
ALTER TABLE `subscribers`
  MODIFY `id` bigint(20) UNSIGNED NOT NULL AUTO_INCREMENT, AUTO_INCREMENT=3;

--
-- AUTO_INCREMENT для таблицы `translations`
--
ALTER TABLE `translations`
  MODIFY `id` int(10) UNSIGNED NOT NULL AUTO_INCREMENT, AUTO_INCREMENT=29;

--
-- AUTO_INCREMENT для таблицы `users`
--
ALTER TABLE `users`
  MODIFY `id` bigint(20) UNSIGNED NOT NULL AUTO_INCREMENT, AUTO_INCREMENT=2;

--
-- Ограничения внешнего ключа сохраненных таблиц
--

--
-- Ограничения внешнего ключа таблицы `data_rows`
--
ALTER TABLE `data_rows`
  ADD CONSTRAINT `data_rows_data_type_id_foreign` FOREIGN KEY (`data_type_id`) REFERENCES `data_types` (`id`) ON DELETE CASCADE ON UPDATE CASCADE;

--
-- Ограничения внешнего ключа таблицы `menu_items`
--
ALTER TABLE `menu_items`
  ADD CONSTRAINT `menu_items_menu_id_foreign` FOREIGN KEY (`menu_id`) REFERENCES `menus` (`id`) ON DELETE CASCADE;

--
-- Ограничения внешнего ключа таблицы `permission_role`
--
ALTER TABLE `permission_role`
  ADD CONSTRAINT `permission_role_permission_id_foreign` FOREIGN KEY (`permission_id`) REFERENCES `permissions` (`id`) ON DELETE CASCADE,
  ADD CONSTRAINT `permission_role_role_id_foreign` FOREIGN KEY (`role_id`) REFERENCES `roles` (`id`) ON DELETE CASCADE;

--
-- Ограничения внешнего ключа таблицы `users`
--
ALTER TABLE `users`
  ADD CONSTRAINT `users_role_id_foreign` FOREIGN KEY (`role_id`) REFERENCES `roles` (`id`);

--
-- Ограничения внешнего ключа таблицы `user_roles`
--
ALTER TABLE `user_roles`
  ADD CONSTRAINT `user_roles_role_id_foreign` FOREIGN KEY (`role_id`) REFERENCES `roles` (`id`) ON DELETE CASCADE,
  ADD CONSTRAINT `user_roles_user_id_foreign` FOREIGN KEY (`user_id`) REFERENCES `users` (`id`) ON DELETE CASCADE;
COMMIT;

/*!40101 SET CHARACTER_SET_CLIENT=@OLD_CHARACTER_SET_CLIENT */;
/*!40101 SET CHARACTER_SET_RESULTS=@OLD_CHARACTER_SET_RESULTS */;
/*!40101 SET COLLATION_CONNECTION=@OLD_COLLATION_CONNECTION */;
